L	1	2026-10-05 18:00:40.483	3.5	15.6	GameObject	Assets/Assets/xenonauts/prefab/mainmenu/camera/default_camera.prefab	generated_prefab_mainmenu	xenonauts	-
L	2	2026-10-05 18:00:42.484	0.2	2015.9	UIElementAsset	Assets/Assets/xenonauts/ui/common/components/dialogs/button.prefab	generated_ui_common	xenonauts	-
L	6	2026-10-05 18:00:42.609	1.5	2139.6	UIElementAsset	Assets/Assets/xenonauts/ui/common/components/dialogs/input_dialog.prefab	generated_ui_common	xenonauts	-
L	5	2026-10-05 18:00:42.609	0.0	2141.0	UIElementAsset	Assets/Assets/xenonauts/ui/common/components/dialogs/dialog.prefab	generated_ui_common	xenonauts	-
L	25	2026-10-05 18:00:42.654	0.0	2185.0	NationalityProfile	Assets/Assets/xenonauts/data/strategy/nationality_profile/argentinian.json	generated_data_strategy	xenonauts	-
L	26	2026-10-05 18:00:42.654	0.0	2185.0	NationalityProfile	Assets/Assets/xenonauts/data/strategy/nationality_profile/australian.json	generated_data_strategy	xenonauts	-
L	19	2026-10-05 18:00:42.653	0.0	2183.7	NationalityProfile	Assets/Assets/xenonauts/data/strategy/nationality_profile/american^ko-kr.json	generated_data_strategy	xenonauts	-
L	20	2026-10-05 18:00:42.653	0.0	2183.7	NationalityProfile	Assets/Assets/xenonauts/data/strategy/nationality_profile/american^pl-pl.json	generated_data_strategy	xenonauts	-
L	24	2026-10-05 18:00:42.654	0.0	2184.6	NationalityProfile	Assets/Assets/xenonauts/data/strategy/nationality_profile/american^zh-tw.json	generated_data_strategy	xenonauts	-
L	30	2026-10-05 18:00:42.655	0.0	2185.6	NationalityProfile	Assets/Assets/xenonauts/data/strategy/nationality_profile/australian^ko-kr.json	generated_data_strategy	xenonauts	-
L	15	2026-10-05 18:00:42.652	0.0	2182.5	NationalityProfile	Assets/Assets/xenonauts/data/strategy/nationality_profile/american^de-de.json	generated_data_strategy	xenonauts	-
L	16	2026-10-05 18:00:42.652	0.0	2182.5	NationalityProfile	Assets/Assets/xenonauts/data/strategy/nationality_profile/american^es-es.json	generated_data_strategy	xenonauts	-
L	23	2026-10-05 18:00:42.654	0.0	2184.5	NationalityProfile	Assets/Assets/xenonauts/data/strategy/nationality_profile/american^zh-cn.json	generated_data_strategy	xenonauts	-
L	29	2026-10-05 18:00:42.655	0.0	2185.5	NationalityProfile	Assets/Assets/xenonauts/data/strategy/nationality_profile/australian^ja-jp.json	generated_data_strategy	xenonauts	-
L	35	2026-10-05 18:00:42.657	0.0	2187.5	NationalityProfile	Assets/Assets/xenonauts/data/strategy/nationality_profile/austrian.json	generated_data_strategy	xenonauts	-
L	36	2026-10-05 18:00:42.657	0.0	2187.5	NationalityProfile	Assets/Assets/xenonauts/data/strategy/nationality_profile/barbados.json	generated_data_strategy	xenonauts	-
L	7	2026-10-05 18:00:42.609	0.0	2139.4	UIElementAsset	Assets/Assets/xenonauts/ui/common/components/dialogs/multi_choice_dialog.prefab	generated_ui_common	xenonauts	-
L	8	2026-10-05 18:00:42.609	0.0	2139.4	UIElementAsset	Assets/Assets/xenonauts/ui/common/components/dialogs/progress_bar_dialog.prefab	generated_ui_common	xenonauts	-
L	9	2026-10-05 18:00:42.609	0.0	2139.4	GameObject	Assets/Assets/xenonauts/prefab/common/ui/toast.prefab	generated_prefab_common	xenonauts	-
L	10	2026-10-05 18:00:42.609	0.0	2139.4	GameObject	Assets/Assets/xenonauts/prefab/common/ui/tooltip/tooltip_label.prefab	generated_prefab_common	xenonauts	-
L	11	2026-10-05 18:00:42.609	0.0	2139.4	GameObject	Assets/Assets/xenonauts/prefab/common/ui/tooltip/tooltip_comparison.prefab	generated_prefab_common	xenonauts	-
L	12	2026-10-05 18:00:42.609	0.0	2139.4	AudioClip	Assets/Assets/xenonauts/audio/mainmenu/cutscene_intro.ogg	generated_audio_mainmenu	xenonauts	-
L	13	2026-10-05 18:00:42.609	0.0	2139.4	BackerList	Assets/Assets/xenonauts/data/strategy/soldier_info/backers_list.json	generated_data_strategy	xenonauts	-
L	14	2026-10-05 18:00:42.609	0.0	2139.4	NationalityProfile	Assets/Assets/xenonauts/data/strategy/nationality_profile/american.json	generated_data_strategy	xenonauts	-
L	27	2026-10-05 18:00:42.655	0.0	2185.4	NationalityProfile	Assets/Assets/xenonauts/data/strategy/nationality_profile/australian^de-de.json	generated_data_strategy	xenonauts	-
L	28	2026-10-05 18:00:42.655	0.2	2185.2	NationalityProfile	Assets/Assets/xenonauts/data/strategy/nationality_profile/australian^fr-fr.json	generated_data_strategy	xenonauts	-
L	18	2026-10-05 18:00:42.653	0.0	2183.3	NationalityProfile	Assets/Assets/xenonauts/data/strategy/nationality_profile/american^ja-jp.json	generated_data_strategy	xenonauts	-
L	45	2026-10-05 18:00:42.662	0.0	2192.3	NationalityProfile	Assets/Assets/xenonauts/data/strategy/nationality_profile/british^ja-jp.json	generated_data_strategy	xenonauts	-
L	46	2026-10-05 18:00:42.662	0.0	2192.3	NationalityProfile	Assets/Assets/xenonauts/data/strategy/nationality_profile/british^ko-kr.json	generated_data_strategy	xenonauts	-
L	17	2026-10-05 18:00:42.653	0.0	2183.2	NationalityProfile	Assets/Assets/xenonauts/data/strategy/nationality_profile/american^fr-fr.json	generated_data_strategy	xenonauts	-
L	31	2026-10-05 18:00:42.656	0.0	2186.2	NationalityProfile	Assets/Assets/xenonauts/data/strategy/nationality_profile/australian^pt-br.json	generated_data_strategy	xenonauts	-
L	32	2026-10-05 18:00:42.656	0.0	2186.2	NationalityProfile	Assets/Assets/xenonauts/data/strategy/nationality_profile/australian^ru-ru.json	generated_data_strategy	xenonauts	-
L	41	2026-10-05 18:00:42.661	0.0	2191.2	NationalityProfile	Assets/Assets/xenonauts/data/strategy/nationality_profile/british.json	generated_data_strategy	xenonauts	-
L	42	2026-10-05 18:00:42.661	0.0	2191.2	NationalityProfile	Assets/Assets/xenonauts/data/strategy/nationality_profile/british^de-de.json	generated_data_strategy	xenonauts	-
L	21	2026-10-05 18:00:42.654	0.0	2184.1	NationalityProfile	Assets/Assets/xenonauts/data/strategy/nationality_profile/american^pt-br.json	generated_data_strategy	xenonauts	-
L	22	2026-10-05 18:00:42.654	0.0	2184.1	NationalityProfile	Assets/Assets/xenonauts/data/strategy/nationality_profile/american^ru-ru.json	generated_data_strategy	xenonauts	-
L	38	2026-10-05 18:00:42.658	0.0	2188.1	NationalityProfile	Assets/Assets/xenonauts/data/strategy/nationality_profile/belarusian.json	generated_data_strategy	xenonauts	-
L	53	2026-10-05 18:00:42.665	0.0	2195.1	NationalityProfile	Assets/Assets/xenonauts/data/strategy/nationality_profile/cambodian.json	generated_data_strategy	xenonauts	-
L	54	2026-10-05 18:00:42.665	0.0	2195.1	NationalityProfile	Assets/Assets/xenonauts/data/strategy/nationality_profile/canadian.json	generated_data_strategy	xenonauts	-
L	70	2026-10-05 18:00:42.670	0.0	2200.1	NationalityProfile	Assets/Assets/xenonauts/data/strategy/nationality_profile/canadian_french^pt-br.json	generated_data_strategy	xenonauts	-
L	79	2026-10-05 18:00:42.673	0.0	2203.1	NationalityProfile	Assets/Assets/xenonauts/data/strategy/nationality_profile/chinese^ko-kr.json	generated_data_strategy	xenonauts	-
L	37	2026-10-05 18:00:42.658	0.0	2188.0	NationalityProfile	Assets/Assets/xenonauts/data/strategy/nationality_profile/basque.json	generated_data_strategy	xenonauts	-
L	56	2026-10-05 18:00:42.666	0.0	2196.0	NationalityProfile	Assets/Assets/xenonauts/data/strategy/nationality_profile/canadian^es-es.json	generated_data_strategy	xenonauts	-
L	62	2026-10-05 18:00:42.668	0.0	2198.0	NationalityProfile	Assets/Assets/xenonauts/data/strategy/nationality_profile/canadian^zh-cn.json	generated_data_strategy	xenonauts	-
L	69	2026-10-05 18:00:42.670	0.0	2200.0	NationalityProfile	Assets/Assets/xenonauts/data/strategy/nationality_profile/canadian_french^pl-pl.json	generated_data_strategy	xenonauts	-
L	75	2026-10-05 18:00:42.671	0.0	2201.0	NationalityProfile	Assets/Assets/xenonauts/data/strategy/nationality_profile/centralafricanrepublic.json	generated_data_strategy	xenonauts	-
L	76	2026-10-05 18:00:42.671	0.0	2201.0	NationalityProfile	Assets/Assets/xenonauts/data/strategy/nationality_profile/chinese.json	generated_data_strategy	xenonauts	-
L	34	2026-10-05 18:00:42.657	0.0	2186.9	NationalityProfile	Assets/Assets/xenonauts/data/strategy/nationality_profile/australian^zh-tw.json	generated_data_strategy	xenonauts	-
L	39	2026-10-05 18:00:42.660	0.0	2189.9	NationalityProfile	Assets/Assets/xenonauts/data/strategy/nationality_profile/belgian.json	generated_data_strategy	xenonauts	-
L	40	2026-10-05 18:00:42.660	0.1	2189.8	NationalityProfile	Assets/Assets/xenonauts/data/strategy/nationality_profile/brazilian.json	generated_data_strategy	xenonauts	-
L	44	2026-10-05 18:00:42.662	0.0	2191.9	NationalityProfile	Assets/Assets/xenonauts/data/strategy/nationality_profile/british^fr-fr.json	generated_data_strategy	xenonauts	-
L	47	2026-10-05 18:00:42.663	0.0	2192.9	NationalityProfile	Assets/Assets/xenonauts/data/strategy/nationality_profile/british^pl-pl.json	generated_data_strategy	xenonauts	-
L	48	2026-10-05 18:00:42.663	0.0	2192.9	NationalityProfile	Assets/Assets/xenonauts/data/strategy/nationality_profile/british^pt-br.json	generated_data_strategy	xenonauts	-
L	61	2026-10-05 18:00:42.668	0.0	2197.9	NationalityProfile	Assets/Assets/xenonauts/data/strategy/nationality_profile/canadian^ru-ru.json	generated_data_strategy	xenonauts	-
L	65	2026-10-05 18:00:42.669	0.0	2198.9	NationalityProfile	Assets/Assets/xenonauts/data/strategy/nationality_profile/canadian_french^de-de.json	generated_data_strategy	xenonauts	-
L	66	2026-10-05 18:00:42.669	0.0	2198.9	NationalityProfile	Assets/Assets/xenonauts/data/strategy/nationality_profile/canadian_french^es-es.json	generated_data_strategy	xenonauts	-
L	87	2026-10-05 18:00:42.679	0.0	2208.9	NationalityProfile	Assets/Assets/xenonauts/data/strategy/nationality_profile/czech.json	generated_data_strategy	xenonauts	-
L	88	2026-10-05 18:00:42.679	0.0	2208.9	NationalityProfile	Assets/Assets/xenonauts/data/strategy/nationality_profile/czech^de-de.json	generated_data_strategy	xenonauts	-
L	97	2026-10-05 18:00:42.682	0.0	2211.9	NationalityProfile	Assets/Assets/xenonauts/data/strategy/nationality_profile/czech^zh-tw.json	generated_data_strategy	xenonauts	-
L	33	2026-10-05 18:00:42.657	0.0	2186.8	NationalityProfile	Assets/Assets/xenonauts/data/strategy/nationality_profile/australian^zh-cn.json	generated_data_strategy	xenonauts	-
L	43	2026-10-05 18:00:42.662	0.0	2191.8	NationalityProfile	Assets/Assets/xenonauts/data/strategy/nationality_profile/british^es-es.json	generated_data_strategy	xenonauts	-
L	55	2026-10-05 18:00:42.666	0.0	2195.8	NationalityProfile	Assets/Assets/xenonauts/data/strategy/nationality_profile/canadian^de-de.json	generated_data_strategy	xenonauts	-
L	50	2026-10-05 18:00:42.664	0.0	2193.7	NationalityProfile	Assets/Assets/xenonauts/data/strategy/nationality_profile/british^zh-cn.json	generated_data_strategy	xenonauts	-
L	57	2026-10-05 18:00:42.667	0.0	2196.7	NationalityProfile	Assets/Assets/xenonauts/data/strategy/nationality_profile/canadian^ja-jp.json	generated_data_strategy	xenonauts	-
L	58	2026-10-05 18:00:42.667	0.0	2196.7	NationalityProfile	Assets/Assets/xenonauts/data/strategy/nationality_profile/canadian^ko-kr.json	generated_data_strategy	xenonauts	-
L	73	2026-10-05 18:00:42.671	0.0	2200.7	NationalityProfile	Assets/Assets/xenonauts/data/strategy/nationality_profile/canadian_french^zh-tw.json	generated_data_strategy	xenonauts	-
L	74	2026-10-05 18:00:42.671	0.0	2200.7	NationalityProfile	Assets/Assets/xenonauts/data/strategy/nationality_profile/catalonian.json	generated_data_strategy	xenonauts	-
L	103	2026-10-05 18:00:42.684	0.0	2213.7	NationalityProfile	Assets/Assets/xenonauts/data/strategy/nationality_profile/danish^ko-kr.json	generated_data_strategy	xenonauts	-
L	104	2026-10-05 18:00:42.684	0.0	2213.7	NationalityProfile	Assets/Assets/xenonauts/data/strategy/nationality_profile/danish^pl-pl.json	generated_data_strategy	xenonauts	-
L	109	2026-10-05 18:00:42.686	0.0	2215.7	NationalityProfile	Assets/Assets/xenonauts/data/strategy/nationality_profile/dominican.json	generated_data_strategy	xenonauts	-
L	49	2026-10-05 18:00:42.664	0.0	2193.6	NationalityProfile	Assets/Assets/xenonauts/data/strategy/nationality_profile/british^ru-ru.json	generated_data_strategy	xenonauts	-
L	52	2026-10-05 18:00:42.665	0.0	2194.6	NationalityProfile	Assets/Assets/xenonauts/data/strategy/nationality_profile/bulgarian.json	generated_data_strategy	xenonauts	-
L	68	2026-10-05 18:00:42.670	0.0	2199.6	NationalityProfile	Assets/Assets/xenonauts/data/strategy/nationality_profile/canadian_french^ko-kr.json	generated_data_strategy	xenonauts	-
L	90	2026-10-05 18:00:42.680	0.0	2209.6	NationalityProfile	Assets/Assets/xenonauts/data/strategy/nationality_profile/czech^fr-fr.json	generated_data_strategy	xenonauts	-
L	94	2026-10-05 18:00:42.681	0.0	2210.6	NationalityProfile	Assets/Assets/xenonauts/data/strategy/nationality_profile/czech^pt-br.json	generated_data_strategy	xenonauts	-
L	51	2026-10-05 18:00:42.665	0.0	2194.5	NationalityProfile	Assets/Assets/xenonauts/data/strategy/nationality_profile/british^zh-tw.json	generated_data_strategy	xenonauts	-
L	59	2026-10-05 18:00:42.668	0.0	2197.5	NationalityProfile	Assets/Assets/xenonauts/data/strategy/nationality_profile/canadian^pl-pl.json	generated_data_strategy	xenonauts	-
L	60	2026-10-05 18:00:42.668	0.0	2197.5	NationalityProfile	Assets/Assets/xenonauts/data/strategy/nationality_profile/canadian^pt-br.json	generated_data_strategy	xenonauts	-
L	67	2026-10-05 18:00:42.670	0.0	2199.5	NationalityProfile	Assets/Assets/xenonauts/data/strategy/nationality_profile/canadian_french^ja-jp.json	generated_data_strategy	xenonauts	-
L	82	2026-10-05 18:00:42.675	0.0	2204.5	NationalityProfile	Assets/Assets/xenonauts/data/strategy/nationality_profile/chinese^zh-cn.json	generated_data_strategy	xenonauts	-
L	89	2026-10-05 18:00:42.680	0.0	2209.5	NationalityProfile	Assets/Assets/xenonauts/data/strategy/nationality_profile/czech^es-es.json	generated_data_strategy	xenonauts	-
L	93	2026-10-05 18:00:42.681	0.0	2210.5	NationalityProfile	Assets/Assets/xenonauts/data/strategy/nationality_profile/czech^pl-pl.json	generated_data_strategy	xenonauts	-
L	63	2026-10-05 18:00:42.669	0.0	2198.4	NationalityProfile	Assets/Assets/xenonauts/data/strategy/nationality_profile/canadian^zh-tw.json	generated_data_strategy	xenonauts	-
L	64	2026-10-05 18:00:42.669	0.0	2198.4	NationalityProfile	Assets/Assets/xenonauts/data/strategy/nationality_profile/canadian_french.json	generated_data_strategy	xenonauts	-
L	71	2026-10-05 18:00:42.671	0.0	2200.4	NationalityProfile	Assets/Assets/xenonauts/data/strategy/nationality_profile/canadian_french^ru-ru.json	generated_data_strategy	xenonauts	-
L	72	2026-10-05 18:00:42.671	0.0	2200.4	NationalityProfile	Assets/Assets/xenonauts/data/strategy/nationality_profile/canadian_french^zh-cn.json	generated_data_strategy	xenonauts	-
L	81	2026-10-05 18:00:42.675	0.0	2204.4	NationalityProfile	Assets/Assets/xenonauts/data/strategy/nationality_profile/chinese^ru-ru.json	generated_data_strategy	xenonauts	-
L	85	2026-10-05 18:00:42.679	0.0	2208.4	NationalityProfile	Assets/Assets/xenonauts/data/strategy/nationality_profile/croatian.json	generated_data_strategy	xenonauts	-
L	86	2026-10-05 18:00:42.679	0.0	2208.4	NationalityProfile	Assets/Assets/xenonauts/data/strategy/nationality_profile/cuban.json	generated_data_strategy	xenonauts	-
L	95	2026-10-05 18:00:42.682	0.0	2211.4	NationalityProfile	Assets/Assets/xenonauts/data/strategy/nationality_profile/czech^ru-ru.json	generated_data_strategy	xenonauts	-
L	96	2026-10-05 18:00:42.682	0.0	2211.4	NationalityProfile	Assets/Assets/xenonauts/data/strategy/nationality_profile/czech^zh-cn.json	generated_data_strategy	xenonauts	-
L	99	2026-10-05 18:00:42.683	0.0	2212.4	NationalityProfile	Assets/Assets/xenonauts/data/strategy/nationality_profile/danish^de-de.json	generated_data_strategy	xenonauts	-
L	100	2026-10-05 18:00:42.683	0.0	2212.4	NationalityProfile	Assets/Assets/xenonauts/data/strategy/nationality_profile/danish^es-es.json	generated_data_strategy	xenonauts	-
L	105	2026-10-05 18:00:42.685	0.0	2214.4	NationalityProfile	Assets/Assets/xenonauts/data/strategy/nationality_profile/danish^pt-br.json	generated_data_strategy	xenonauts	-
L	106	2026-10-05 18:00:42.685	0.0	2214.4	NationalityProfile	Assets/Assets/xenonauts/data/strategy/nationality_profile/danish^ru-ru.json	generated_data_strategy	xenonauts	-
L	121	2026-10-05 18:00:42.689	0.0	2218.4	NationalityProfile	Assets/Assets/xenonauts/data/strategy/nationality_profile/estonian.json	generated_data_strategy	xenonauts	-
L	122	2026-10-05 18:00:42.689	0.0	2218.4	NationalityProfile	Assets/Assets/xenonauts/data/strategy/nationality_profile/faroeislands.json	generated_data_strategy	xenonauts	-
L	77	2026-10-05 18:00:42.672	0.0	2201.3	NationalityProfile	Assets/Assets/xenonauts/data/strategy/nationality_profile/chinese^fr-fr.json	generated_data_strategy	xenonauts	-
L	78	2026-10-05 18:00:42.672	0.0	2201.3	NationalityProfile	Assets/Assets/xenonauts/data/strategy/nationality_profile/chinese^ja-jp.json	generated_data_strategy	xenonauts	-
L	111	2026-10-05 18:00:42.687	0.0	2216.3	NationalityProfile	Assets/Assets/xenonauts/data/strategy/nationality_profile/dutch^de-de.json	generated_data_strategy	xenonauts	-
L	112	2026-10-05 18:00:42.687	0.0	2216.3	NationalityProfile	Assets/Assets/xenonauts/data/strategy/nationality_profile/dutch^es-es.json	generated_data_strategy	xenonauts	-
L	115	2026-10-05 18:00:42.688	0.0	2217.3	NationalityProfile	Assets/Assets/xenonauts/data/strategy/nationality_profile/dutch^ko-kr.json	generated_data_strategy	xenonauts	-
L	116	2026-10-05 18:00:42.688	0.0	2217.3	NationalityProfile	Assets/Assets/xenonauts/data/strategy/nationality_profile/dutch^pl-pl.json	generated_data_strategy	xenonauts	-
L	131	2026-10-05 18:00:42.691	0.0	2220.3	NationalityProfile	Assets/Assets/xenonauts/data/strategy/nationality_profile/finnish^pt-br.json	generated_data_strategy	xenonauts	-
L	132	2026-10-05 18:00:42.691	0.0	2220.3	NationalityProfile	Assets/Assets/xenonauts/data/strategy/nationality_profile/finnish^ru-ru.json	generated_data_strategy	xenonauts	-
L	91	2026-10-05 18:00:42.681	0.0	2210.2	NationalityProfile	Assets/Assets/xenonauts/data/strategy/nationality_profile/czech^ja-jp.json	generated_data_strategy	xenonauts	-
L	92	2026-10-05 18:00:42.681	0.0	2210.2	NationalityProfile	Assets/Assets/xenonauts/data/strategy/nationality_profile/czech^ko-kr.json	generated_data_strategy	xenonauts	-
L	108	2026-10-05 18:00:42.686	0.0	2215.2	NationalityProfile	Assets/Assets/xenonauts/data/strategy/nationality_profile/danish^zh-tw.json	generated_data_strategy	xenonauts	-
L	80	2026-10-05 18:00:42.674	0.0	2203.1	NationalityProfile	Assets/Assets/xenonauts/data/strategy/nationality_profile/chinese^pl-pl.json	generated_data_strategy	xenonauts	-
L	83	2026-10-05 18:00:42.678	0.0	2207.1	NationalityProfile	Assets/Assets/xenonauts/data/strategy/nationality_profile/chinese^zh-tw.json	generated_data_strategy	xenonauts	-
L	84	2026-10-05 18:00:42.678	0.0	2207.1	NationalityProfile	Assets/Assets/xenonauts/data/strategy/nationality_profile/costarica.json	generated_data_strategy	xenonauts	-
L	107	2026-10-05 18:00:42.686	0.0	2215.1	NationalityProfile	Assets/Assets/xenonauts/data/strategy/nationality_profile/danish^zh-cn.json	generated_data_strategy	xenonauts	-
L	120	2026-10-05 18:00:42.689	0.0	2218.1	NationalityProfile	Assets/Assets/xenonauts/data/strategy/nationality_profile/dutch^zh-tw.json	generated_data_strategy	xenonauts	-
L	125	2026-10-05 18:00:42.690	0.0	2219.1	NationalityProfile	Assets/Assets/xenonauts/data/strategy/nationality_profile/finnish^de-de.json	generated_data_strategy	xenonauts	-
L	126	2026-10-05 18:00:42.690	0.0	2219.1	NationalityProfile	Assets/Assets/xenonauts/data/strategy/nationality_profile/finnish^es-es.json	generated_data_strategy	xenonauts	-
L	135	2026-10-05 18:00:42.692	0.0	2221.1	NationalityProfile	Assets/Assets/xenonauts/data/strategy/nationality_profile/french.json	generated_data_strategy	xenonauts	-
L	136	2026-10-05 18:00:42.692	0.0	2221.1	NationalityProfile	Assets/Assets/xenonauts/data/strategy/nationality_profile/french^de-de.json	generated_data_strategy	xenonauts	-
L	98	2026-10-05 18:00:42.683	0.0	2212.0	NationalityProfile	Assets/Assets/xenonauts/data/strategy/nationality_profile/danish.json	generated_data_strategy	xenonauts	-
L	113	2026-10-05 18:00:42.688	0.0	2217.0	NationalityProfile	Assets/Assets/xenonauts/data/strategy/nationality_profile/dutch^fr-fr.json	generated_data_strategy	xenonauts	-
L	114	2026-10-05 18:00:42.688	0.1	2216.9	NationalityProfile	Assets/Assets/xenonauts/data/strategy/nationality_profile/dutch^ja-jp.json	generated_data_strategy	xenonauts	-
L	119	2026-10-05 18:00:42.689	0.0	2218.0	NationalityProfile	Assets/Assets/xenonauts/data/strategy/nationality_profile/dutch^zh-cn.json	generated_data_strategy	xenonauts	-
L	101	2026-10-05 18:00:42.684	0.0	2212.9	NationalityProfile	Assets/Assets/xenonauts/data/strategy/nationality_profile/danish^fr-fr.json	generated_data_strategy	xenonauts	-
L	102	2026-10-05 18:00:42.684	0.0	2212.9	NationalityProfile	Assets/Assets/xenonauts/data/strategy/nationality_profile/danish^ja-jp.json	generated_data_strategy	xenonauts	-
L	129	2026-10-05 18:00:42.691	0.0	2219.9	NationalityProfile	Assets/Assets/xenonauts/data/strategy/nationality_profile/finnish^ko-kr.json	generated_data_strategy	xenonauts	-
L	130	2026-10-05 18:00:42.691	0.0	2219.9	NationalityProfile	Assets/Assets/xenonauts/data/strategy/nationality_profile/finnish^pl-pl.json	generated_data_strategy	xenonauts	-
L	110	2026-10-05 18:00:42.687	0.0	2215.8	NationalityProfile	Assets/Assets/xenonauts/data/strategy/nationality_profile/dutch.json	generated_data_strategy	xenonauts	-
L	123	2026-10-05 18:00:42.690	0.0	2218.8	NationalityProfile	Assets/Assets/xenonauts/data/strategy/nationality_profile/filipino.json	generated_data_strategy	xenonauts	-
L	124	2026-10-05 18:00:42.690	0.0	2218.8	NationalityProfile	Assets/Assets/xenonauts/data/strategy/nationality_profile/finnish.json	generated_data_strategy	xenonauts	-
L	134	2026-10-05 18:00:42.692	0.0	2220.8	NationalityProfile	Assets/Assets/xenonauts/data/strategy/nationality_profile/finnish^zh-tw.json	generated_data_strategy	xenonauts	-
L	147	2026-10-05 18:00:42.695	0.0	2223.8	NationalityProfile	Assets/Assets/xenonauts/data/strategy/nationality_profile/german^de-de.json	generated_data_strategy	xenonauts	-
L	148	2026-10-05 18:00:42.695	0.0	2223.8	NationalityProfile	Assets/Assets/xenonauts/data/strategy/nationality_profile/german^es-es.json	generated_data_strategy	xenonauts	-
L	117	2026-10-05 18:00:42.689	0.0	2217.7	NationalityProfile	Assets/Assets/xenonauts/data/strategy/nationality_profile/dutch^pt-br.json	generated_data_strategy	xenonauts	-
L	118	2026-10-05 18:00:42.689	0.0	2217.7	NationalityProfile	Assets/Assets/xenonauts/data/strategy/nationality_profile/dutch^ru-ru.json	generated_data_strategy	xenonauts	-
L	133	2026-10-05 18:00:42.692	0.0	2220.7	NationalityProfile	Assets/Assets/xenonauts/data/strategy/nationality_profile/finnish^zh-cn.json	generated_data_strategy	xenonauts	-
L	143	2026-10-05 18:00:42.694	0.0	2222.7	NationalityProfile	Assets/Assets/xenonauts/data/strategy/nationality_profile/french^zh-cn.json	generated_data_strategy	xenonauts	-
L	144	2026-10-05 18:00:42.694	0.0	2222.7	NationalityProfile	Assets/Assets/xenonauts/data/strategy/nationality_profile/french^zh-tw.json	generated_data_strategy	xenonauts	-
L	165	2026-10-05 18:00:42.699	0.0	2227.7	NationalityProfile	Assets/Assets/xenonauts/data/strategy/nationality_profile/german_east^ru-ru.json	generated_data_strategy	xenonauts	-
L	166	2026-10-05 18:00:42.699	0.0	2227.7	NationalityProfile	Assets/Assets/xenonauts/data/strategy/nationality_profile/german_east^zh-cn.json	generated_data_strategy	xenonauts	-
L	137	2026-10-05 18:00:42.693	0.2	2221.4	NationalityProfile	Assets/Assets/xenonauts/data/strategy/nationality_profile/french^es-es.json	generated_data_strategy	xenonauts	-
L	140	2026-10-05 18:00:42.693	0.0	2221.6	NationalityProfile	Assets/Assets/xenonauts/data/strategy/nationality_profile/french^pl-pl.json	generated_data_strategy	xenonauts	-
L	156	2026-10-05 18:00:42.697	0.0	2225.6	NationalityProfile	Assets/Assets/xenonauts/data/strategy/nationality_profile/german^zh-tw.json	generated_data_strategy	xenonauts	-
L	169	2026-10-05 18:00:42.700	0.0	2228.6	NationalityProfile	Assets/Assets/xenonauts/data/strategy/nationality_profile/greek.json	generated_data_strategy	xenonauts	-
L	170	2026-10-05 18:00:42.700	0.0	2228.6	NationalityProfile	Assets/Assets/xenonauts/data/strategy/nationality_profile/greek^de-de.json	generated_data_strategy	xenonauts	-
L	127	2026-10-05 18:00:42.691	0.0	2219.5	NationalityProfile	Assets/Assets/xenonauts/data/strategy/nationality_profile/finnish^fr-fr.json	generated_data_strategy	xenonauts	-
L	128	2026-10-05 18:00:42.691	0.0	2219.5	NationalityProfile	Assets/Assets/xenonauts/data/strategy/nationality_profile/finnish^ja-jp.json	generated_data_strategy	xenonauts	-
L	139	2026-10-05 18:00:42.693	0.0	2221.5	NationalityProfile	Assets/Assets/xenonauts/data/strategy/nationality_profile/french^ko-kr.json	generated_data_strategy	xenonauts	-
L	151	2026-10-05 18:00:42.696	0.0	2224.5	NationalityProfile	Assets/Assets/xenonauts/data/strategy/nationality_profile/german^ko-kr.json	generated_data_strategy	xenonauts	-
L	152	2026-10-05 18:00:42.696	0.0	2224.5	NationalityProfile	Assets/Assets/xenonauts/data/strategy/nationality_profile/german^pl-pl.json	generated_data_strategy	xenonauts	-
L	155	2026-10-05 18:00:42.697	0.0	2225.5	NationalityProfile	Assets/Assets/xenonauts/data/strategy/nationality_profile/german^zh-cn.json	generated_data_strategy	xenonauts	-
L	173	2026-10-05 18:00:42.701	0.0	2229.5	NationalityProfile	Assets/Assets/xenonauts/data/strategy/nationality_profile/greek^ja-jp.json	generated_data_strategy	xenonauts	-
L	174	2026-10-05 18:00:42.701	0.0	2229.5	NationalityProfile	Assets/Assets/xenonauts/data/strategy/nationality_profile/greek^ko-kr.json	generated_data_strategy	xenonauts	-
L	145	2026-10-05 18:00:42.695	0.0	2223.4	NationalityProfile	Assets/Assets/xenonauts/data/strategy/nationality_profile/frenchpolynesia.json	generated_data_strategy	xenonauts	-
L	146	2026-10-05 18:00:42.695	0.0	2223.4	NationalityProfile	Assets/Assets/xenonauts/data/strategy/nationality_profile/german.json	generated_data_strategy	xenonauts	-
L	159	2026-10-05 18:00:42.698	0.0	2226.4	NationalityProfile	Assets/Assets/xenonauts/data/strategy/nationality_profile/german_east^es-es.json	generated_data_strategy	xenonauts	-
L	160	2026-10-05 18:00:42.698	0.0	2226.4	NationalityProfile	Assets/Assets/xenonauts/data/strategy/nationality_profile/german_east^fr-fr.json	generated_data_strategy	xenonauts	-
L	177	2026-10-05 18:00:42.702	0.0	2230.4	NationalityProfile	Assets/Assets/xenonauts/data/strategy/nationality_profile/greek^ru-ru.json	generated_data_strategy	xenonauts	-
L	178	2026-10-05 18:00:42.702	0.0	2230.4	NationalityProfile	Assets/Assets/xenonauts/data/strategy/nationality_profile/greek^zh-cn.json	generated_data_strategy	xenonauts	-
L	183	2026-10-05 18:00:42.703	0.0	2231.4	NationalityProfile	Assets/Assets/xenonauts/data/strategy/nationality_profile/hungarian^de-de.json	generated_data_strategy	xenonauts	-
L	184	2026-10-05 18:00:42.703	0.0	2231.4	NationalityProfile	Assets/Assets/xenonauts/data/strategy/nationality_profile/hungarian^es-es.json	generated_data_strategy	xenonauts	-
L	193	2026-10-05 18:00:42.705	0.0	2233.4	NationalityProfile	Assets/Assets/xenonauts/data/strategy/nationality_profile/icelandic.json	generated_data_strategy	xenonauts	-
L	194	2026-10-05 18:00:42.705	0.0	2233.4	NationalityProfile	Assets/Assets/xenonauts/data/strategy/nationality_profile/irish.json	generated_data_strategy	xenonauts	-
L	138	2026-10-05 18:00:42.693	0.1	2221.2	NationalityProfile	Assets/Assets/xenonauts/data/strategy/nationality_profile/french^ja-jp.json	generated_data_strategy	xenonauts	-
L	163	2026-10-05 18:00:42.699	0.0	2227.3	NationalityProfile	Assets/Assets/xenonauts/data/strategy/nationality_profile/german_east^pl-pl.json	generated_data_strategy	xenonauts	-
L	164	2026-10-05 18:00:42.699	0.0	2227.3	NationalityProfile	Assets/Assets/xenonauts/data/strategy/nationality_profile/german_east^pt-br.json	generated_data_strategy	xenonauts	-
L	153	2026-10-05 18:00:42.697	0.0	2225.2	NationalityProfile	Assets/Assets/xenonauts/data/strategy/nationality_profile/german^pt-br.json	generated_data_strategy	xenonauts	-
L	154	2026-10-05 18:00:42.697	0.0	2225.2	NationalityProfile	Assets/Assets/xenonauts/data/strategy/nationality_profile/german^ru-ru.json	generated_data_strategy	xenonauts	-
L	168	2026-10-05 18:00:42.700	0.0	2228.2	NationalityProfile	Assets/Assets/xenonauts/data/strategy/nationality_profile/ghanaian.json	generated_data_strategy	xenonauts	-
L	188	2026-10-05 18:00:42.704	0.0	2232.2	NationalityProfile	Assets/Assets/xenonauts/data/strategy/nationality_profile/hungarian^pl-pl.json	generated_data_strategy	xenonauts	-
L	197	2026-10-05 18:00:42.706	0.0	2234.2	NationalityProfile	Assets/Assets/xenonauts/data/strategy/nationality_profile/irish^fr-fr.json	generated_data_strategy	xenonauts	-
L	198	2026-10-05 18:00:42.706	0.0	2234.2	NationalityProfile	Assets/Assets/xenonauts/data/strategy/nationality_profile/irish^ja-jp.json	generated_data_strategy	xenonauts	-
L	1264	2026-10-05 18:00:49.456	6983.3	2000.9	NationalityProfile	Assets/Assets/xenonauts/data/strategy/nationality_profile/spanish^pl-pl.json	generated_data_strategy	xenonauts	-
L	1284	2026-10-05 18:00:49.459	8096.5	890.7	NationalityProfile	Assets/Assets/xenonauts/data/strategy/nationality_profile/southafrican_african^ru-ru.json	generated_data_strategy	xenonauts	-
L	1803	2026-10-05 18:00:55.843	15190.7	180.5	NationalityProfile	Assets/Assets/xenonauts/data/strategy/nationality_profile/italian^zh-tw.json	generated_data_strategy	xenonauts	-
L	1834	2026-10-05 18:00:55.849	15190.8	186.4	NationalityProfile	Assets/Assets/xenonauts/data/strategy/nationality_profile/malaysian.json	generated_data_strategy	xenonauts	-
L	141	2026-10-05 18:00:42.694	0.0	2222.1	NationalityProfile	Assets/Assets/xenonauts/data/strategy/nationality_profile/french^pt-br.json	generated_data_strategy	xenonauts	-
L	142	2026-10-05 18:00:42.694	0.0	2222.1	NationalityProfile	Assets/Assets/xenonauts/data/strategy/nationality_profile/french^ru-ru.json	generated_data_strategy	xenonauts	-
L	149	2026-10-05 18:00:42.696	0.0	2224.1	NationalityProfile	Assets/Assets/xenonauts/data/strategy/nationality_profile/german^fr-fr.json	generated_data_strategy	xenonauts	-
L	150	2026-10-05 18:00:42.696	0.0	2224.1	NationalityProfile	Assets/Assets/xenonauts/data/strategy/nationality_profile/german^ja-jp.json	generated_data_strategy	xenonauts	-
L	167	2026-10-05 18:00:42.700	0.0	2228.1	NationalityProfile	Assets/Assets/xenonauts/data/strategy/nationality_profile/german_east^zh-tw.json	generated_data_strategy	xenonauts	-
L	171	2026-10-05 18:00:42.701	0.0	2229.1	NationalityProfile	Assets/Assets/xenonauts/data/strategy/nationality_profile/greek^es-es.json	generated_data_strategy	xenonauts	-
L	172	2026-10-05 18:00:42.701	0.0	2229.1	NationalityProfile	Assets/Assets/xenonauts/data/strategy/nationality_profile/greek^fr-fr.json	generated_data_strategy	xenonauts	-
L	182	2026-10-05 18:00:42.703	0.0	2231.1	NationalityProfile	Assets/Assets/xenonauts/data/strategy/nationality_profile/hungarian.json	generated_data_strategy	xenonauts	-
L	187	2026-10-05 18:00:42.704	0.0	2232.1	NationalityProfile	Assets/Assets/xenonauts/data/strategy/nationality_profile/hungarian^ko-kr.json	generated_data_strategy	xenonauts	-
L	1215	2026-10-05 18:00:49.442	4913.9	4056.2	Template	Assets/Assets/xenonauts/template/common/xenopedia_entries/xenopedia_abstract_xenobiology.json	generated_template_common	xenonauts	-
L	1216	2026-10-05 18:00:49.442	4913.9	4056.2	Template	Assets/Assets/xenonauts/template/common/xenopedia_entries/xenopedia_abstract_waveform_analysis.json	generated_template_common	xenonauts	-
L	1235	2026-10-05 18:00:49.452	5931.1	3049.0	Template	Assets/Assets/xenonauts/template/common/xenopedia_entries/categories/category_alien_ufos.json	generated_template_common	xenonauts	-
L	1236	2026-10-05 18:00:49.452	6014.6	2965.5	Template	Assets/Assets/xenonauts/template/common/xenopedia_entries/categories/category_alien_technology.json	generated_template_common	xenonauts	-
L	1250	2026-10-05 18:00:49.454	6983.0	1999.1	NationalityProfile	Assets/Assets/xenonauts/data/strategy/nationality_profile/swedish^ru-ru.json	generated_data_strategy	xenonauts	-
L	1251	2026-10-05 18:00:49.454	6983.0	1999.1	NationalityProfile	Assets/Assets/xenonauts/data/strategy/nationality_profile/swedish^pt-br.json	generated_data_strategy	xenonauts	-
L	1271	2026-10-05 18:00:49.457	7132.0	1853.1	NationalityProfile	Assets/Assets/xenonauts/data/strategy/nationality_profile/southafrican_afrikaans^zh-tw.json	generated_data_strategy	xenonauts	-
L	1290	2026-10-05 18:00:49.460	8599.9	388.2	NationalityProfile	Assets/Assets/xenonauts/data/strategy/nationality_profile/southafrican_african^es-es.json	generated_data_strategy	xenonauts	-
L	1291	2026-10-05 18:00:49.460	8666.7	321.4	NationalityProfile	Assets/Assets/xenonauts/data/strategy/nationality_profile/southafrican_african^de-de.json	generated_data_strategy	xenonauts	-
L	1809	2026-10-05 18:00:55.844	15190.7	181.4	NationalityProfile	Assets/Assets/xenonauts/data/strategy/nationality_profile/japanese^pl-pl.json	generated_data_strategy	xenonauts	-
L	1810	2026-10-05 18:00:55.844	15190.7	181.4	NationalityProfile	Assets/Assets/xenonauts/data/strategy/nationality_profile/japanese^pt-br.json	generated_data_strategy	xenonauts	-
L	1821	2026-10-05 18:00:55.847	15190.7	184.4	NationalityProfile	Assets/Assets/xenonauts/data/strategy/nationality_profile/korean^ko-kr.json	generated_data_strategy	xenonauts	-
L	1822	2026-10-05 18:00:55.847	15190.7	184.4	NationalityProfile	Assets/Assets/xenonauts/data/strategy/nationality_profile/korean^pl-pl.json	generated_data_strategy	xenonauts	-
L	1833	2026-10-05 18:00:55.849	15190.7	186.4	NationalityProfile	Assets/Assets/xenonauts/data/strategy/nationality_profile/macedonian.json	generated_data_strategy	xenonauts	-
L	1847	2026-10-05 18:00:55.851	15190.8	188.3	NationalityProfile	Assets/Assets/xenonauts/data/strategy/nationality_profile/mexican^zh-tw.json	generated_data_strategy	xenonauts	-
L	1853	2026-10-05 18:00:55.852	15190.8	189.3	NationalityProfile	Assets/Assets/xenonauts/data/strategy/nationality_profile/newzealand^ja-jp.json	generated_data_strategy	xenonauts	-
L	1854	2026-10-05 18:00:55.852	15190.8	189.3	NationalityProfile	Assets/Assets/xenonauts/data/strategy/nationality_profile/newzealand^ko-kr.json	generated_data_strategy	xenonauts	-
L	1865	2026-10-05 18:00:55.854	15190.8	191.3	NationalityProfile	Assets/Assets/xenonauts/data/strategy/nationality_profile/norwegian^ja-jp.json	generated_data_strategy	xenonauts	-
L	1887	2026-10-05 18:00:55.860	15190.9	197.2	NationalityProfile	Assets/Assets/xenonauts/data/strategy/nationality_profile/saudi.json	generated_data_strategy	xenonauts	-
L	1899	2026-10-05 18:00:55.862	15190.9	199.2	NationalityProfile	Assets/Assets/xenonauts/data/strategy/nationality_profile/romanian.json	generated_data_strategy	xenonauts	-
L	1900	2026-10-05 18:00:55.862	15190.9	199.2	NationalityProfile	Assets/Assets/xenonauts/data/strategy/nationality_profile/random.json	generated_data_strategy	xenonauts	-
L	157	2026-10-05 18:00:42.698	0.0	2226.0	NationalityProfile	Assets/Assets/xenonauts/data/strategy/nationality_profile/german_east.json	generated_data_strategy	xenonauts	-
L	158	2026-10-05 18:00:42.698	0.0	2226.0	NationalityProfile	Assets/Assets/xenonauts/data/strategy/nationality_profile/german_east^de-de.json	generated_data_strategy	xenonauts	-
L	181	2026-10-05 18:00:42.703	0.0	2231.0	NationalityProfile	Assets/Assets/xenonauts/data/strategy/nationality_profile/hong_kong.json	generated_data_strategy	xenonauts	-
L	191	2026-10-05 18:00:42.705	0.0	2233.0	NationalityProfile	Assets/Assets/xenonauts/data/strategy/nationality_profile/hungarian^zh-cn.json	generated_data_strategy	xenonauts	-
L	192	2026-10-05 18:00:42.705	0.0	2233.0	NationalityProfile	Assets/Assets/xenonauts/data/strategy/nationality_profile/hungarian^zh-tw.json	generated_data_strategy	xenonauts	-
L	201	2026-10-05 18:00:42.707	0.0	2235.0	NationalityProfile	Assets/Assets/xenonauts/data/strategy/nationality_profile/irish^pt-br.json	generated_data_strategy	xenonauts	-
L	202	2026-10-05 18:00:42.707	0.0	2235.0	NationalityProfile	Assets/Assets/xenonauts/data/strategy/nationality_profile/irish^ru-ru.json	generated_data_strategy	xenonauts	-
L	1172	2026-10-05 18:00:49.411	4876.4	4062.6	Template	Assets/Assets/xenonauts/template/common/xenopedia_entries/xenopedia_datacore_harvester.json	generated_template_common	xenonauts	-
L	1193	2026-10-05 18:00:49.426	4877.6	4076.4	Template	Assets/Assets/xenonauts/template/common/xenopedia_entries/xenopedia_autopsy_mantid.json	generated_template_common	xenonauts	-
L	1194	2026-10-05 18:00:49.426	4877.6	4076.4	Template	Assets/Assets/xenonauts/template/common/xenopedia_entries/xenopedia_autopsy_eternal.json	generated_template_common	xenonauts	-
L	1207	2026-10-05 18:00:49.437	4883.4	4081.6	Template	Assets/Assets/xenonauts/template/common/xenopedia_entries/xenopedia_alien_weapons_magnetic.json	generated_template_common	xenonauts	-
L	1208	2026-10-05 18:00:49.437	4883.4	4081.6	Template	Assets/Assets/xenonauts/template/common/xenopedia_entries/xenopedia_alien_psi_amp.json	generated_template_common	xenonauts	-
L	1218	2026-10-05 18:00:49.444	4913.9	4058.1	Template	Assets/Assets/xenonauts/template/common/xenopedia_entries/xenopedia_abstract_tissue_regeneration.json	generated_template_common	xenonauts	-
L	1225	2026-10-05 18:00:49.449	5197.3	3779.7	Template	Assets/Assets/xenonauts/template/common/xenopedia_entries/deprecated/xenopedia_quantum_decoder.json	generated_template_common	xenonauts	-
L	1226	2026-10-05 18:00:49.449	5280.5	3696.5	Template	Assets/Assets/xenonauts/template/common/xenopedia_entries/deprecated/xenopedia_autopsy_brute.json	generated_template_common	xenonauts	-
L	1243	2026-10-05 18:00:49.453	6614.9	2366.1	NationalityProfile	Assets/Assets/xenonauts/data/strategy/nationality_profile/unknown.json	generated_data_strategy	xenonauts	-
L	1270	2026-10-05 18:00:49.457	7065.3	1919.7	NationalityProfile	Assets/Assets/xenonauts/data/strategy/nationality_profile/spanish.json	generated_data_strategy	xenonauts	-
L	1276	2026-10-05 18:00:49.458	7449.1	1536.9	NationalityProfile	Assets/Assets/xenonauts/data/strategy/nationality_profile/southafrican_afrikaans^ko-kr.json	generated_data_strategy	xenonauts	-
L	1277	2026-10-05 18:00:49.458	7449.2	1536.8	NationalityProfile	Assets/Assets/xenonauts/data/strategy/nationality_profile/southafrican_afrikaans^ja-jp.json	generated_data_strategy	xenonauts	-
L	1815	2026-10-05 18:00:55.846	15190.7	183.3	NationalityProfile	Assets/Assets/xenonauts/data/strategy/nationality_profile/kittsnevis.json	generated_data_strategy	xenonauts	-
L	1816	2026-10-05 18:00:55.846	15190.7	183.3	NationalityProfile	Assets/Assets/xenonauts/data/strategy/nationality_profile/korean.json	generated_data_strategy	xenonauts	-
L	1871	2026-10-05 18:00:55.855	15190.9	192.1	NationalityProfile	Assets/Assets/xenonauts/data/strategy/nationality_profile/norwegian^zh-tw.json	generated_data_strategy	xenonauts	-
L	1872	2026-10-05 18:00:55.855	15190.9	192.1	NationalityProfile	Assets/Assets/xenonauts/data/strategy/nationality_profile/polish.json	generated_data_strategy	xenonauts	-
L	175	2026-10-05 18:00:42.702	0.0	2229.9	NationalityProfile	Assets/Assets/xenonauts/data/strategy/nationality_profile/greek^pl-pl.json	generated_data_strategy	xenonauts	-
L	176	2026-10-05 18:00:42.702	0.0	2229.9	NationalityProfile	Assets/Assets/xenonauts/data/strategy/nationality_profile/greek^pt-br.json	generated_data_strategy	xenonauts	-
L	1171	2026-10-05 18:00:49.411	4876.1	4062.8	Template	Assets/Assets/xenonauts/template/common/xenopedia_entries/xenopedia_datacore_interceptor.json	generated_template_common	xenonauts	-
L	1185	2026-10-05 18:00:49.421	4877.5	4071.4	Template	Assets/Assets/xenonauts/template/common/xenopedia_entries/xenopedia_autopsy_thegeneral.json	generated_template_common	xenonauts	-
L	1186	2026-10-05 18:00:49.421	4877.5	4071.4	Template	Assets/Assets/xenonauts/template/common/xenopedia_entries/xenopedia_autopsy_servitor.json	generated_template_common	xenonauts	-
L	1213	2026-10-05 18:00:49.441	4883.5	4085.4	Template	Assets/Assets/xenonauts/template/common/xenopedia_entries/xenopedia_alenium.json	generated_template_common	xenonauts	-
L	1214	2026-10-05 18:00:49.441	4883.5	4085.4	Template	Assets/Assets/xenonauts/template/common/xenopedia_entries/xenopedia_aerial_warfare.json	generated_template_common	xenonauts	-
L	1217	2026-10-05 18:00:49.444	4913.9	4058.0	Template	Assets/Assets/xenonauts/template/common/xenopedia_entries/xenopedia_abstract_ufo_hull_plating.json	generated_template_common	xenonauts	-
L	1233	2026-10-05 18:00:49.452	5797.8	3182.1	Template	Assets/Assets/xenonauts/template/common/xenopedia_entries/categories/category_lore.json	generated_template_common	xenonauts	-
L	1234	2026-10-05 18:00:49.452	5864.3	3115.6	Template	Assets/Assets/xenonauts/template/common/xenopedia_entries/categories/category_basestructures.json	generated_template_common	xenonauts	-
L	1242	2026-10-05 18:00:49.453	6531.7	2449.2	NationalityProfile	Assets/Assets/xenonauts/data/strategy/nationality_profile/vatican.json	generated_data_strategy	xenonauts	-
L	1256	2026-10-05 18:00:49.455	6983.1	1999.8	NationalityProfile	Assets/Assets/xenonauts/data/strategy/nationality_profile/swedish^es-es.json	generated_data_strategy	xenonauts	-
L	1257	2026-10-05 18:00:49.455	6983.1	1999.8	NationalityProfile	Assets/Assets/xenonauts/data/strategy/nationality_profile/swedish^de-de.json	generated_data_strategy	xenonauts	-
L	1263	2026-10-05 18:00:49.456	6983.3	2000.6	NationalityProfile	Assets/Assets/xenonauts/data/strategy/nationality_profile/spanish^pt-br.json	generated_data_strategy	xenonauts	-
L	1282	2026-10-05 18:00:49.459	7916.2	1070.7	NationalityProfile	Assets/Assets/xenonauts/data/strategy/nationality_profile/southafrican_african^zh-tw.json	generated_data_strategy	xenonauts	-
L	1283	2026-10-05 18:00:49.459	7999.5	987.4	NationalityProfile	Assets/Assets/xenonauts/data/strategy/nationality_profile/southafrican_african^zh-cn.json	generated_data_strategy	xenonauts	-
L	1341	2026-10-05 18:00:49.513	8903.3	137.6	NationalityProfile	Assets/Assets/xenonauts/data/strategy/nationality_profile/slovakian.json	generated_data_strategy	xenonauts	-
L	1802	2026-10-05 18:00:55.843	15190.7	180.2	NationalityProfile	Assets/Assets/xenonauts/data/strategy/nationality_profile/italian^zh-cn.json	generated_data_strategy	xenonauts	-
L	1825	2026-10-05 18:00:55.848	15190.7	185.2	NationalityProfile	Assets/Assets/xenonauts/data/strategy/nationality_profile/korean^zh-cn.json	generated_data_strategy	xenonauts	-
L	1826	2026-10-05 18:00:55.848	15190.7	185.2	NationalityProfile	Assets/Assets/xenonauts/data/strategy/nationality_profile/korean^zh-tw.json	generated_data_strategy	xenonauts	-
L	1832	2026-10-05 18:00:55.849	15190.7	186.2	NationalityProfile	Assets/Assets/xenonauts/data/strategy/nationality_profile/luxembourgish.json	generated_data_strategy	xenonauts	-
L	1839	2026-10-05 18:00:55.850	15190.8	187.1	NationalityProfile	Assets/Assets/xenonauts/data/strategy/nationality_profile/mexican^es-es.json	generated_data_strategy	xenonauts	-
L	1840	2026-10-05 18:00:55.850	15190.8	187.1	NationalityProfile	Assets/Assets/xenonauts/data/strategy/nationality_profile/mexican^fr-fr.json	generated_data_strategy	xenonauts	-
L	1857	2026-10-05 18:00:55.853	15190.8	190.1	NationalityProfile	Assets/Assets/xenonauts/data/strategy/nationality_profile/newzealand^ru-ru.json	generated_data_strategy	xenonauts	-
L	1858	2026-10-05 18:00:55.853	15190.8	190.1	NationalityProfile	Assets/Assets/xenonauts/data/strategy/nationality_profile/newzealand^zh-cn.json	generated_data_strategy	xenonauts	-
L	161	2026-10-05 18:00:42.699	0.0	2226.8	NationalityProfile	Assets/Assets/xenonauts/data/strategy/nationality_profile/german_east^ja-jp.json	generated_data_strategy	xenonauts	-
L	162	2026-10-05 18:00:42.699	0.0	2226.8	NationalityProfile	Assets/Assets/xenonauts/data/strategy/nationality_profile/german_east^ko-kr.json	generated_data_strategy	xenonauts	-
L	185	2026-10-05 18:00:42.704	0.0	2231.8	NationalityProfile	Assets/Assets/xenonauts/data/strategy/nationality_profile/hungarian^fr-fr.json	generated_data_strategy	xenonauts	-
L	186	2026-10-05 18:00:42.704	0.0	2231.8	NationalityProfile	Assets/Assets/xenonauts/data/strategy/nationality_profile/hungarian^ja-jp.json	generated_data_strategy	xenonauts	-
L	195	2026-10-05 18:00:42.706	0.0	2233.8	NationalityProfile	Assets/Assets/xenonauts/data/strategy/nationality_profile/irish^de-de.json	generated_data_strategy	xenonauts	-
L	196	2026-10-05 18:00:42.706	0.0	2233.8	NationalityProfile	Assets/Assets/xenonauts/data/strategy/nationality_profile/irish^es-es.json	generated_data_strategy	xenonauts	-
L	1156	2026-10-05 18:00:49.395	4874.5	4048.3	Template	Assets/Assets/xenonauts/template/common/xenopedia_entries/xenopedia_interrogation_cleaner_leader.json	generated_template_common	xenonauts	-
L	1162	2026-10-05 18:00:49.402	4875.1	4054.7	Template	Assets/Assets/xenonauts/template/common/xenopedia_entries/xenopedia_explosives_plasma.json	generated_template_common	xenonauts	-
L	1192	2026-10-05 18:00:49.425	4877.5	4075.3	Template	Assets/Assets/xenonauts/template/common/xenopedia_entries/xenopedia_autopsy_mentarch.json	generated_template_common	xenonauts	-
L	1199	2026-10-05 18:00:49.430	4877.6	4080.2	Template	Assets/Assets/xenonauts/template/common/xenopedia_entries/xenopedia_autopsy_andron.json	generated_template_common	xenonauts	-
L	1200	2026-10-05 18:00:49.430	4877.6	4080.2	Template	Assets/Assets/xenonauts/template/common/xenopedia_entries/xenopedia_armour_warden.json	generated_template_common	xenonauts	-
L	1201	2026-10-05 18:00:49.432	4877.7	4082.1	Template	Assets/Assets/xenonauts/template/common/xenopedia_entries/xenopedia_armour_tactical.json	generated_template_common	xenonauts	-
L	1202	2026-10-05 18:00:49.432	4877.7	4082.1	Template	Assets/Assets/xenonauts/template/common/xenopedia_entries/xenopedia_armour_stealthsuit.json	generated_template_common	xenonauts	-
L	1248	2026-10-05 18:00:49.454	6982.9	1998.9	NationalityProfile	Assets/Assets/xenonauts/data/strategy/nationality_profile/swedish^zh-tw.json	generated_data_strategy	xenonauts	-
L	1249	2026-10-05 18:00:49.454	6982.9	1998.9	NationalityProfile	Assets/Assets/xenonauts/data/strategy/nationality_profile/swedish^zh-cn.json	generated_data_strategy	xenonauts	-
L	1262	2026-10-05 18:00:49.456	6983.2	2000.6	NationalityProfile	Assets/Assets/xenonauts/data/strategy/nationality_profile/spanish^ru-ru.json	generated_data_strategy	xenonauts	-
L	1268	2026-10-05 18:00:49.457	6983.4	2001.4	NationalityProfile	Assets/Assets/xenonauts/data/strategy/nationality_profile/spanish^es-es.json	generated_data_strategy	xenonauts	-
L	1269	2026-10-05 18:00:49.457	6983.4	2001.4	NationalityProfile	Assets/Assets/xenonauts/data/strategy/nationality_profile/spanish^de-de.json	generated_data_strategy	xenonauts	-
L	1288	2026-10-05 18:00:49.460	8450.0	537.8	NationalityProfile	Assets/Assets/xenonauts/data/strategy/nationality_profile/southafrican_african^ja-jp.json	generated_data_strategy	xenonauts	-
L	1289	2026-10-05 18:00:49.460	8533.2	454.6	NationalityProfile	Assets/Assets/xenonauts/data/strategy/nationality_profile/southafrican_african^fr-fr.json	generated_data_strategy	xenonauts	-
L	1807	2026-10-05 18:00:55.844	15190.7	181.1	NationalityProfile	Assets/Assets/xenonauts/data/strategy/nationality_profile/japanese^ja-jp.json	generated_data_strategy	xenonauts	-
L	1808	2026-10-05 18:00:55.844	15190.7	181.1	NationalityProfile	Assets/Assets/xenonauts/data/strategy/nationality_profile/japanese^ko-kr.json	generated_data_strategy	xenonauts	-
L	1831	2026-10-05 18:00:55.849	15190.7	186.1	NationalityProfile	Assets/Assets/xenonauts/data/strategy/nationality_profile/lithuanian.json	generated_data_strategy	xenonauts	-
L	1845	2026-10-05 18:00:55.851	15190.8	188.0	NationalityProfile	Assets/Assets/xenonauts/data/strategy/nationality_profile/mexican^ru-ru.json	generated_data_strategy	xenonauts	-
L	1846	2026-10-05 18:00:55.851	15190.8	188.0	NationalityProfile	Assets/Assets/xenonauts/data/strategy/nationality_profile/mexican^zh-cn.json	generated_data_strategy	xenonauts	-
L	1851	2026-10-05 18:00:55.852	15190.8	189.0	NationalityProfile	Assets/Assets/xenonauts/data/strategy/nationality_profile/newzealand^es-es.json	generated_data_strategy	xenonauts	-
L	1852	2026-10-05 18:00:55.852	15190.8	189.0	NationalityProfile	Assets/Assets/xenonauts/data/strategy/nationality_profile/newzealand^fr-fr.json	generated_data_strategy	xenonauts	-
L	1863	2026-10-05 18:00:55.854	15190.8	191.0	NationalityProfile	Assets/Assets/xenonauts/data/strategy/nationality_profile/norwegian^es-es.json	generated_data_strategy	xenonauts	-
L	1864	2026-10-05 18:00:55.854	15190.8	191.0	NationalityProfile	Assets/Assets/xenonauts/data/strategy/nationality_profile/norwegian^fr-fr.json	generated_data_strategy	xenonauts	-
L	1869	2026-10-05 18:00:55.855	15190.9	191.9	NationalityProfile	Assets/Assets/xenonauts/data/strategy/nationality_profile/norwegian^ru-ru.json	generated_data_strategy	xenonauts	-
L	1870	2026-10-05 18:00:55.855	15190.9	191.9	NationalityProfile	Assets/Assets/xenonauts/data/strategy/nationality_profile/norwegian^zh-cn.json	generated_data_strategy	xenonauts	-
L	1877	2026-10-05 18:00:55.856	15190.9	192.9	NationalityProfile	Assets/Assets/xenonauts/data/strategy/nationality_profile/polish^ko-kr.json	generated_data_strategy	xenonauts	-
L	1878	2026-10-05 18:00:55.856	15190.9	192.9	NationalityProfile	Assets/Assets/xenonauts/data/strategy/nationality_profile/polish^pl-pl.json	generated_data_strategy	xenonauts	-
L	1885	2026-10-05 18:00:55.860	15190.9	196.9	NationalityProfile	Assets/Assets/xenonauts/data/strategy/nationality_profile/singaporean.json	generated_data_strategy	xenonauts	-
L	1886	2026-10-05 18:00:55.860	15190.9	196.9	NationalityProfile	Assets/Assets/xenonauts/data/strategy/nationality_profile/serbian.json	generated_data_strategy	xenonauts	-
L	1891	2026-10-05 18:00:55.861	15190.9	197.9	NationalityProfile	Assets/Assets/xenonauts/data/strategy/nationality_profile/russian^pt-br.json	generated_data_strategy	xenonauts	-
L	1892	2026-10-05 18:00:55.861	15190.9	197.9	NationalityProfile	Assets/Assets/xenonauts/data/strategy/nationality_profile/russian^pl-pl.json	generated_data_strategy	xenonauts	-
L	1897	2026-10-05 18:00:55.862	15190.9	198.9	NationalityProfile	Assets/Assets/xenonauts/data/strategy/nationality_profile/russian^de-de.json	generated_data_strategy	xenonauts	-
L	1898	2026-10-05 18:00:55.862	15190.9	198.9	NationalityProfile	Assets/Assets/xenonauts/data/strategy/nationality_profile/russian.json	generated_data_strategy	xenonauts	-
L	179	2026-10-05 18:00:42.703	0.0	2230.7	NationalityProfile	Assets/Assets/xenonauts/data/strategy/nationality_profile/greek^zh-tw.json	generated_data_strategy	xenonauts	-
L	180	2026-10-05 18:00:42.703	0.0	2230.7	NationalityProfile	Assets/Assets/xenonauts/data/strategy/nationality_profile/haitian.json	generated_data_strategy	xenonauts	-
L	199	2026-10-05 18:00:42.707	0.0	2234.7	NationalityProfile	Assets/Assets/xenonauts/data/strategy/nationality_profile/irish^ko-kr.json	generated_data_strategy	xenonauts	-
L	200	2026-10-05 18:00:42.707	0.1	2234.6	NationalityProfile	Assets/Assets/xenonauts/data/strategy/nationality_profile/irish^pl-pl.json	generated_data_strategy	xenonauts	-
L	1155	2026-10-05 18:00:49.395	4874.2	4048.5	Template	Assets/Assets/xenonauts/template/common/xenopedia_entries/xenopedia_interrogation_cleaner_soldier.json	generated_template_common	xenonauts	-
L	1161	2026-10-05 18:00:49.402	4874.9	4054.8	Template	Assets/Assets/xenonauts/template/common/xenopedia_entries/xenopedia_iceland_incident.json	generated_template_common	xenonauts	-
L	1177	2026-10-05 18:00:49.416	4876.9	4066.8	Template	Assets/Assets/xenonauts/template/common/xenopedia_entries/xenopedia_datacore_bomber.json	generated_template_common	xenonauts	-
L	1178	2026-10-05 18:00:49.416	4877.0	4066.7	Template	Assets/Assets/xenonauts/template/common/xenopedia_entries/xenopedia_datacore_battleship.json	generated_template_common	xenonauts	-
L	1181	2026-10-05 18:00:49.419	4877.3	4069.4	Template	Assets/Assets/xenonauts/template/common/xenopedia_entries/xenopedia_cleaner_5.json	generated_template_common	xenonauts	-
L	1182	2026-10-05 18:00:49.419	4877.3	4069.4	Template	Assets/Assets/xenonauts/template/common/xenopedia_entries/xenopedia_cleaner_2.json	generated_template_common	xenonauts	-
L	1184	2026-10-05 18:00:49.420	4877.4	4070.3	Template	Assets/Assets/xenonauts/template/common/xenopedia_entries/xenopedia_autopsy_wraith.json	generated_template_common	xenonauts	-
L	1191	2026-10-05 18:00:49.425	4877.5	4075.2	Template	Assets/Assets/xenonauts/template/common/xenopedia_entries/xenopedia_autopsy_psyon.json	generated_template_common	xenonauts	-
L	1223	2026-10-05 18:00:49.448	5030.3	3945.4	Template	Assets/Assets/xenonauts/template/common/xenopedia_entries/xenopedia_abstract_advanced_alloys.json	generated_template_common	xenonauts	-
L	1224	2026-10-05 18:00:49.448	5113.7	3862.0	Template	Assets/Assets/xenonauts/template/common/xenopedia_entries/deprecated/xenopedia_weapon_ballistics_v2.json	generated_template_common	xenonauts	-
L	1231	2026-10-05 18:00:49.452	5664.2	3315.5	Template	Assets/Assets/xenonauts/template/common/xenopedia_entries/categories/category_xenonaut_aircraft_equipment.json	generated_template_common	xenonauts	-
L	1232	2026-10-05 18:00:49.452	5730.8	3248.9	Template	Assets/Assets/xenonauts/template/common/xenopedia_entries/categories/category_xenonaut_aircraft.json	generated_template_common	xenonauts	-
L	1254	2026-10-05 18:00:49.455	6983.1	1999.6	NationalityProfile	Assets/Assets/xenonauts/data/strategy/nationality_profile/swedish^ja-jp.json	generated_data_strategy	xenonauts	-
L	1255	2026-10-05 18:00:49.455	6983.1	1999.6	NationalityProfile	Assets/Assets/xenonauts/data/strategy/nationality_profile/swedish^fr-fr.json	generated_data_strategy	xenonauts	-
L	1274	2026-10-05 18:00:49.458	7349.0	1636.7	NationalityProfile	Assets/Assets/xenonauts/data/strategy/nationality_profile/southafrican_afrikaans^pt-br.json	generated_data_strategy	xenonauts	-
L	1275	2026-10-05 18:00:49.458	7415.6	1570.1	NationalityProfile	Assets/Assets/xenonauts/data/strategy/nationality_profile/southafrican_afrikaans^pl-pl.json	generated_data_strategy	xenonauts	-
L	1336	2026-10-05 18:00:49.503	4852.6	4178.1	Template	Assets/Assets/xenonauts/template/common/xenopedia_entries/xenopedia_vehicle_ares.json	generated_template_common	xenonauts	-
L	1712	2026-10-05 18:00:55.663	14415.6	775.1	NationalityProfile	Assets/Assets/xenonauts/data/strategy/nationality_profile/italian^ja-jp.json	generated_data_strategy	xenonauts	-
L	1713	2026-10-05 18:00:55.663	14415.6	775.1	NationalityProfile	Assets/Assets/xenonauts/data/strategy/nationality_profile/italian^ko-kr.json	generated_data_strategy	xenonauts	-
L	1714	2026-10-05 18:00:55.663	14415.6	775.1	NationalityProfile	Assets/Assets/xenonauts/data/strategy/nationality_profile/italian^pl-pl.json	generated_data_strategy	xenonauts	-
L	1715	2026-10-05 18:00:55.663	14415.6	775.1	NationalityProfile	Assets/Assets/xenonauts/data/strategy/nationality_profile/italian^pt-br.json	generated_data_strategy	xenonauts	-
L	1838	2026-10-05 18:00:55.850	15190.8	186.9	NationalityProfile	Assets/Assets/xenonauts/data/strategy/nationality_profile/mexican^de-de.json	generated_data_strategy	xenonauts	-
L	189	2026-10-05 18:00:42.705	0.0	2232.6	NationalityProfile	Assets/Assets/xenonauts/data/strategy/nationality_profile/hungarian^pt-br.json	generated_data_strategy	xenonauts	-
L	190	2026-10-05 18:00:42.705	0.0	2232.6	NationalityProfile	Assets/Assets/xenonauts/data/strategy/nationality_profile/hungarian^ru-ru.json	generated_data_strategy	xenonauts	-
L	1173	2026-10-05 18:00:49.413	4876.4	4064.2	Template	Assets/Assets/xenonauts/template/common/xenopedia_entries/xenopedia_datacore_fighter.json	generated_template_common	xenonauts	-
L	1174	2026-10-05 18:00:49.413	4876.6	4064.0	Template	Assets/Assets/xenonauts/template/common/xenopedia_entries/xenopedia_datacore_destroyer.json	generated_template_common	xenonauts	-
L	1183	2026-10-05 18:00:49.420	4877.3	4070.3	Template	Assets/Assets/xenonauts/template/common/xenopedia_entries/xenopedia_building_alenium_generator.json	generated_template_common	xenonauts	-
L	1189	2026-10-05 18:00:49.424	4877.5	4074.1	Template	Assets/Assets/xenonauts/template/common/xenopedia_entries/xenopedia_autopsy_reaper_alpha.json	generated_template_common	xenonauts	-
L	1190	2026-10-05 18:00:49.424	4877.5	4074.1	Template	Assets/Assets/xenonauts/template/common/xenopedia_entries/xenopedia_autopsy_reaper.json	generated_template_common	xenonauts	-
L	1203	2026-10-05 18:00:49.434	4877.7	4083.9	Template	Assets/Assets/xenonauts/template/common/xenopedia_entries/xenopedia_armour_guardian.json	generated_template_common	xenonauts	-
L	1204	2026-10-05 18:00:49.434	4877.7	4083.9	Template	Assets/Assets/xenonauts/template/common/xenopedia_entries/xenopedia_armour_exosuit.json	generated_template_common	xenonauts	-
L	1212	2026-10-05 18:00:49.440	4883.5	4084.1	Template	Assets/Assets/xenonauts/template/common/xenopedia_entries/xenopedia_alien_alloys.json	generated_template_common	xenonauts	-
L	1241	2026-10-05 18:00:49.453	6432.0	2548.6	NationalityProfile	Assets/Assets/xenonauts/data/strategy/nationality_profile/vietnam.json	generated_data_strategy	xenonauts	-
L	1247	2026-10-05 18:00:49.454	6948.6	2033.0	NationalityProfile	Assets/Assets/xenonauts/data/strategy/nationality_profile/swiss.json	generated_data_strategy	xenonauts	-
L	1261	2026-10-05 18:00:49.456	6983.2	2000.4	NationalityProfile	Assets/Assets/xenonauts/data/strategy/nationality_profile/spanish^zh-cn.json	generated_data_strategy	xenonauts	-
L	1280	2026-10-05 18:00:49.459	7732.6	1254.0	NationalityProfile	Assets/Assets/xenonauts/data/strategy/nationality_profile/southafrican_afrikaans^de-de.json	generated_data_strategy	xenonauts	-
L	1281	2026-10-05 18:00:49.459	7832.8	1153.8	NationalityProfile	Assets/Assets/xenonauts/data/strategy/nationality_profile/southafrican_afrikaans.json	generated_data_strategy	xenonauts	-
L	1324	2026-10-05 18:00:49.494	4851.3	4170.3	Template	Assets/Assets/xenonauts/template/strategy/geo_region/africa.json	generated_template_strategy	xenonauts	-
L	1325	2026-10-05 18:00:49.494	4851.3	4170.3	Template	Assets/Assets/xenonauts/template/common/xenopedia_entries/xenopedia_weapon_stun_advanced.json	generated_template_common	xenonauts	-
L	1333	2026-10-05 18:00:49.501	4852.2	4176.4	Template	Assets/Assets/xenonauts/template/common/xenopedia_entries/xenopedia_weapon_ballistics.json	generated_template_common	xenonauts	-
L	1335	2026-10-05 18:00:49.502	4852.4	4177.2	Template	Assets/Assets/xenonauts/template/common/xenopedia_entries/xenopedia_vehicle_mars.json	generated_template_common	xenonauts	-
L	1338	2026-10-05 18:00:49.505	4852.9	4179.7	Template	Assets/Assets/xenonauts/template/common/xenopedia_entries/xenopedia_uoo_2.json	generated_template_common	xenonauts	-
L	1711	2026-10-05 18:00:55.663	14415.6	775.0	NationalityProfile	Assets/Assets/xenonauts/data/strategy/nationality_profile/italian^fr-fr.json	generated_data_strategy	xenonauts	-
L	1820	2026-10-05 18:00:55.847	15190.7	183.9	NationalityProfile	Assets/Assets/xenonauts/data/strategy/nationality_profile/korean^ja-jp.json	generated_data_strategy	xenonauts	-
L	1823	2026-10-05 18:00:55.848	15190.7	184.9	NationalityProfile	Assets/Assets/xenonauts/data/strategy/nationality_profile/korean^pt-br.json	generated_data_strategy	xenonauts	-
L	1824	2026-10-05 18:00:55.848	15190.7	184.9	NationalityProfile	Assets/Assets/xenonauts/data/strategy/nationality_profile/korean^ru-ru.json	generated_data_strategy	xenonauts	-
L	1829	2026-10-05 18:00:55.849	15190.7	185.9	NationalityProfile	Assets/Assets/xenonauts/data/strategy/nationality_profile/latvian.json	generated_data_strategy	xenonauts	-
L	1830	2026-10-05 18:00:55.849	15190.7	185.9	NationalityProfile	Assets/Assets/xenonauts/data/strategy/nationality_profile/lebanese.json	generated_data_strategy	xenonauts	-
L	1837	2026-10-05 18:00:55.850	15190.8	186.8	NationalityProfile	Assets/Assets/xenonauts/data/strategy/nationality_profile/mexican.json	generated_data_strategy	xenonauts	-
L	1855	2026-10-05 18:00:55.853	15190.8	189.8	NationalityProfile	Assets/Assets/xenonauts/data/strategy/nationality_profile/newzealand^pl-pl.json	generated_data_strategy	xenonauts	-
L	1856	2026-10-05 18:00:55.853	15190.8	189.8	NationalityProfile	Assets/Assets/xenonauts/data/strategy/nationality_profile/newzealand^pt-br.json	generated_data_strategy	xenonauts	-
L	1862	2026-10-05 18:00:55.854	15190.8	190.8	NationalityProfile	Assets/Assets/xenonauts/data/strategy/nationality_profile/norwegian^de-de.json	generated_data_strategy	xenonauts	-
L	1876	2026-10-05 18:00:55.856	15190.9	192.7	NationalityProfile	Assets/Assets/xenonauts/data/strategy/nationality_profile/polish^ja-jp.json	generated_data_strategy	xenonauts	-
L	1152	2026-10-05 18:00:49.392	4874.0	4045.5	Template	Assets/Assets/xenonauts/template/common/xenopedia_entries/xenopedia_interrogation_mantid.json	generated_template_common	xenonauts	-
L	1157	2026-10-05 18:00:49.397	4874.5	4050.0	Template	Assets/Assets/xenonauts/template/common/xenopedia_entries/xenopedia_interrogation_cleaner_agent.json	generated_template_common	xenonauts	-
L	1158	2026-10-05 18:00:49.397	4874.7	4049.8	Template	Assets/Assets/xenonauts/template/common/xenopedia_entries/xenopedia_interceptor_tier3.json	generated_template_common	xenonauts	-
L	1163	2026-10-05 18:00:49.404	4875.1	4056.4	Template	Assets/Assets/xenonauts/template/common/xenopedia_entries/xenopedia_explosives_alenium.json	generated_template_common	xenonauts	-
L	1164	2026-10-05 18:00:49.404	4875.3	4056.2	Template	Assets/Assets/xenonauts/template/common/xenopedia_entries/xenopedia_dropship_tier3.json	generated_template_common	xenonauts	-
L	1197	2026-10-05 18:00:49.429	4877.6	4078.9	Template	Assets/Assets/xenonauts/template/common/xenopedia_entries/xenopedia_autopsy_cleaner_agent.json	generated_template_common	xenonauts	-
L	1198	2026-10-05 18:00:49.429	4877.6	4078.9	Template	Assets/Assets/xenonauts/template/common/xenopedia_entries/xenopedia_autopsy_biter.json	generated_template_common	xenonauts	-
L	1205	2026-10-05 18:00:49.436	4877.7	4085.8	Template	Assets/Assets/xenonauts/template/common/xenopedia_entries/xenopedia_armour_colossus.json	generated_template_common	xenonauts	-
L	1206	2026-10-05 18:00:49.436	4883.4	4080.1	Template	Assets/Assets/xenonauts/template/common/xenopedia_entries/xenopedia_alloys_ultradense.json	generated_template_common	xenonauts	-
L	1211	2026-10-05 18:00:49.440	4883.4	4084.1	Template	Assets/Assets/xenonauts/template/common/xenopedia_entries/xenopedia_alien_electronics.json	generated_template_common	xenonauts	-
L	1221	2026-10-05 18:00:49.447	4914.1	4060.4	Template	Assets/Assets/xenonauts/template/common/xenopedia_entries/xenopedia_abstract_biosurvey_array.json	generated_template_common	xenonauts	-
L	1222	2026-10-05 18:00:49.447	4958.5	4016.0	Template	Assets/Assets/xenonauts/template/common/xenopedia_entries/xenopedia_abstract_alien_antigrav_emitter.json	generated_template_common	xenonauts	-
L	1227	2026-10-05 18:00:49.451	5363.9	3614.6	Template	Assets/Assets/xenonauts/template/common/xenopedia_entries/deprecated/xenopedia_armour_combat.json	generated_template_common	xenonauts	-
L	1228	2026-10-05 18:00:49.451	5464.0	3514.5	Template	Assets/Assets/xenonauts/template/common/xenopedia_entries/categories/category_xenonaut_weapons.json	generated_template_common	xenonauts	-
L	1239	2026-10-05 18:00:49.453	6248.1	2732.4	UIElementAsset	Assets/Assets/xenonauts/ui/common/components/starting_soldier_row_component.prefab	generated_ui_common	xenonauts	-
L	1240	2026-10-05 18:00:49.453	6348.0	2632.5	NationalityProfile	Assets/Assets/xenonauts/data/strategy/nationality_profile/yugoslav.json	generated_data_strategy	xenonauts	-
L	1246	2026-10-05 18:00:49.454	6882.0	2099.5	NationalityProfile	Assets/Assets/xenonauts/data/strategy/nationality_profile/taiwanese.json	generated_data_strategy	xenonauts	-
L	1260	2026-10-05 18:00:49.456	6983.2	2000.3	NationalityProfile	Assets/Assets/xenonauts/data/strategy/nationality_profile/spanish^zh-tw.json	generated_data_strategy	xenonauts	-
L	1267	2026-10-05 18:00:49.457	6983.3	2001.2	NationalityProfile	Assets/Assets/xenonauts/data/strategy/nationality_profile/spanish^fr-fr.json	generated_data_strategy	xenonauts	-
L	1286	2026-10-05 18:00:49.460	8266.6	720.9	NationalityProfile	Assets/Assets/xenonauts/data/strategy/nationality_profile/southafrican_african^pl-pl.json	generated_data_strategy	xenonauts	-
L	1287	2026-10-05 18:00:49.460	8366.2	621.3	NationalityProfile	Assets/Assets/xenonauts/data/strategy/nationality_profile/southafrican_african^ko-kr.json	generated_data_strategy	xenonauts	-
L	1293	2026-10-05 18:00:49.461	8816.4	172.1	NationalityProfile	Assets/Assets/xenonauts/data/strategy/nationality_profile/slovenian.json	generated_data_strategy	xenonauts	-
L	1314	2026-10-05 18:00:49.469	4850.0	4146.5	Template	Assets/Assets/xenonauts/template/common/game_overs/end_game^defeat.json	generated_template_common	xenonauts	-
L	1315	2026-10-05 18:00:49.469	4850.0	4146.5	Template	Assets/Assets/xenonauts/template/common/game_overs/doomsday^defeat.json	generated_template_common	xenonauts	-
L	1337	2026-10-05 18:00:49.504	4852.6	4178.9	Template	Assets/Assets/xenonauts/template/common/xenopedia_entries/xenopedia_uoo_3.json	generated_template_common	xenonauts	-
L	1340	2026-10-05 18:00:49.510	4853.0	4184.5	Template	Assets/Assets/xenonauts/template/common/xenopedia_entries/xenopedia_ufo_singularity_core.json	generated_template_common	xenonauts	-
L	1705	2026-10-05 18:00:55.663	14415.5	775.0	NationalityProfile	Assets/Assets/xenonauts/data/strategy/nationality_profile/irish^zh-cn.json	generated_data_strategy	xenonauts	-
L	1706	2026-10-05 18:00:55.663	14415.5	775.0	NationalityProfile	Assets/Assets/xenonauts/data/strategy/nationality_profile/irish^zh-tw.json	generated_data_strategy	xenonauts	-
L	1707	2026-10-05 18:00:55.663	14415.5	775.0	NationalityProfile	Assets/Assets/xenonauts/data/strategy/nationality_profile/israeli.json	generated_data_strategy	xenonauts	-
L	1708	2026-10-05 18:00:55.663	14415.5	775.0	NationalityProfile	Assets/Assets/xenonauts/data/strategy/nationality_profile/italian.json	generated_data_strategy	xenonauts	-
L	1709	2026-10-05 18:00:55.663	14415.5	775.0	NationalityProfile	Assets/Assets/xenonauts/data/strategy/nationality_profile/italian^de-de.json	generated_data_strategy	xenonauts	-
L	1710	2026-10-05 18:00:55.663	14415.5	775.0	NationalityProfile	Assets/Assets/xenonauts/data/strategy/nationality_profile/italian^es-es.json	generated_data_strategy	xenonauts	-
L	1805	2026-10-05 18:00:55.844	15190.7	180.8	NationalityProfile	Assets/Assets/xenonauts/data/strategy/nationality_profile/japanese^es-es.json	generated_data_strategy	xenonauts	-
L	1806	2026-10-05 18:00:55.844	15190.7	180.8	NationalityProfile	Assets/Assets/xenonauts/data/strategy/nationality_profile/japanese^fr-fr.json	generated_data_strategy	xenonauts	-
L	1811	2026-10-05 18:00:55.845	15190.7	181.8	NationalityProfile	Assets/Assets/xenonauts/data/strategy/nationality_profile/japanese^ru-ru.json	generated_data_strategy	xenonauts	-
L	1812	2026-10-05 18:00:55.845	15190.7	181.8	NationalityProfile	Assets/Assets/xenonauts/data/strategy/nationality_profile/japanese^zh-cn.json	generated_data_strategy	xenonauts	-
L	1819	2026-10-05 18:00:55.847	15190.7	183.8	NationalityProfile	Assets/Assets/xenonauts/data/strategy/nationality_profile/korean^fr-fr.json	generated_data_strategy	xenonauts	-
L	1843	2026-10-05 18:00:55.851	15190.8	187.7	NationalityProfile	Assets/Assets/xenonauts/data/strategy/nationality_profile/mexican^pl-pl.json	generated_data_strategy	xenonauts	-
L	1844	2026-10-05 18:00:55.851	15190.8	187.7	NationalityProfile	Assets/Assets/xenonauts/data/strategy/nationality_profile/mexican^pt-br.json	generated_data_strategy	xenonauts	-
L	1861	2026-10-05 18:00:55.854	15190.8	190.7	NationalityProfile	Assets/Assets/xenonauts/data/strategy/nationality_profile/norwegian.json	generated_data_strategy	xenonauts	-
L	1875	2026-10-05 18:00:55.856	15190.9	192.6	NationalityProfile	Assets/Assets/xenonauts/data/strategy/nationality_profile/polish^fr-fr.json	generated_data_strategy	xenonauts	-
L	1883	2026-10-05 18:00:55.860	15190.9	196.6	NationalityProfile	Assets/Assets/xenonauts/data/strategy/nationality_profile/polish^ru-ru.json	generated_data_strategy	xenonauts	-
L	1884	2026-10-05 18:00:55.860	15190.9	196.6	NationalityProfile	Assets/Assets/xenonauts/data/strategy/nationality_profile/polish^zh-cn.json	generated_data_strategy	xenonauts	-
L	1890	2026-10-05 18:00:55.861	15190.9	197.6	NationalityProfile	Assets/Assets/xenonauts/data/strategy/nationality_profile/russian^ru-ru.json	generated_data_strategy	xenonauts	-
L	1896	2026-10-05 18:00:55.862	15190.9	198.6	NationalityProfile	Assets/Assets/xenonauts/data/strategy/nationality_profile/russian^es-es.json	generated_data_strategy	xenonauts	-
L	1903	2026-10-05 18:00:55.863	15190.9	199.6	NationalityProfile	Assets/Assets/xenonauts/data/strategy/nationality_profile/polish^zh-tw.json	generated_data_strategy	xenonauts	-
L	1145	2026-10-05 18:00:49.387	4873.1	4041.3	Template	Assets/Assets/xenonauts/template/common/xenopedia_entries/xenopedia_interrogation_secton.json	generated_template_common	xenonauts	-
L	1146	2026-10-05 18:00:49.387	4873.3	4041.1	Template	Assets/Assets/xenonauts/template/common/xenopedia_entries/xenopedia_interrogation_sebillian_brute.json	generated_template_common	xenonauts	-
L	1147	2026-10-05 18:00:49.389	4873.4	4043.0	Template	Assets/Assets/xenonauts/template/common/xenopedia_entries/xenopedia_interrogation_sebillian.json	generated_template_common	xenonauts	-
L	1148	2026-10-05 18:00:49.389	4873.6	4042.8	Template	Assets/Assets/xenonauts/template/common/xenopedia_entries/xenopedia_interrogation_reaper_alpha.json	generated_template_common	xenonauts	-
L	1151	2026-10-05 18:00:49.392	4873.8	4045.6	Template	Assets/Assets/xenonauts/template/common/xenopedia_entries/xenopedia_interrogation_mentarch.json	generated_template_common	xenonauts	-
L	1165	2026-10-05 18:00:49.406	4875.4	4058.0	Template	Assets/Assets/xenonauts/template/common/xenopedia_entries/xenopedia_dropship_tier2.json	generated_template_common	xenonauts	-
L	1166	2026-10-05 18:00:49.406	4875.6	4057.8	Template	Assets/Assets/xenonauts/template/common/xenopedia_entries/xenopedia_dropship_tier1.json	generated_template_common	xenonauts	-
L	1167	2026-10-05 18:00:49.408	4875.7	4059.7	Template	Assets/Assets/xenonauts/template/common/xenopedia_entries/xenopedia_default_fallback.json	generated_template_common	xenonauts	-
L	1168	2026-10-05 18:00:49.408	4875.9	4059.5	Template	Assets/Assets/xenonauts/template/common/xenopedia_entries/xenopedia_datacore_scout.json	generated_template_common	xenonauts	-
L	1170	2026-10-05 18:00:49.410	4876.1	4061.3	Template	Assets/Assets/xenonauts/template/common/xenopedia_entries/xenopedia_datacore_observer.json	generated_template_common	xenonauts	-
L	1187	2026-10-05 18:00:49.423	4877.5	4072.9	Template	Assets/Assets/xenonauts/template/common/xenopedia_entries/xenopedia_autopsy_secton.json	generated_template_common	xenonauts	-
L	1188	2026-10-05 18:00:49.423	4877.5	4072.9	Template	Assets/Assets/xenonauts/template/common/xenopedia_entries/xenopedia_autopsy_sebillian.json	generated_template_common	xenonauts	-
L	1229	2026-10-05 18:00:49.452	5530.7	3448.7	Template	Assets/Assets/xenonauts/template/common/xenopedia_entries/categories/category_xenonaut_vehicles.json	generated_template_common	xenonauts	-
L	1230	2026-10-05 18:00:49.452	5597.4	3382.0	Template	Assets/Assets/xenonauts/template/common/xenopedia_entries/categories/category_xenonaut_armour.json	generated_template_common	xenonauts	-
L	1238	2026-10-05 18:00:49.453	6181.4	2799.0	Template	Assets/Assets/xenonauts/template/common/xenopedia_entries/categories/category_alien_equipment.json	generated_template_common	xenonauts	-
L	1252	2026-10-05 18:00:49.455	6983.0	1999.4	NationalityProfile	Assets/Assets/xenonauts/data/strategy/nationality_profile/swedish^pl-pl.json	generated_data_strategy	xenonauts	-
L	1253	2026-10-05 18:00:49.455	6983.0	1999.4	NationalityProfile	Assets/Assets/xenonauts/data/strategy/nationality_profile/swedish^ko-kr.json	generated_data_strategy	xenonauts	-
L	1266	2026-10-05 18:00:49.457	6983.3	2001.1	NationalityProfile	Assets/Assets/xenonauts/data/strategy/nationality_profile/spanish^ja-jp.json	generated_data_strategy	xenonauts	-
L	1272	2026-10-05 18:00:49.458	7198.9	1786.5	NationalityProfile	Assets/Assets/xenonauts/data/strategy/nationality_profile/southafrican_afrikaans^zh-cn.json	generated_data_strategy	xenonauts	-
L	1273	2026-10-05 18:00:49.458	7282.3	1703.1	NationalityProfile	Assets/Assets/xenonauts/data/strategy/nationality_profile/southafrican_afrikaans^ru-ru.json	generated_data_strategy	xenonauts	-
L	1292	2026-10-05 18:00:49.461	8733.3	255.1	NationalityProfile	Assets/Assets/xenonauts/data/strategy/nationality_profile/southafrican_african.json	generated_data_strategy	xenonauts	-
L	1328	2026-10-05 18:00:49.498	4851.7	4173.7	Template	Assets/Assets/xenonauts/template/common/xenopedia_entries/xenopedia_weapon_plasmas.json	generated_template_common	xenonauts	-
L	1331	2026-10-05 18:00:49.500	4852.0	4175.4	Template	Assets/Assets/xenonauts/template/common/xenopedia_entries/xenopedia_weapon_gauss_heavy.json	generated_template_common	xenonauts	-
L	1827	2026-10-05 18:00:55.849	15190.7	185.7	NationalityProfile	Assets/Assets/xenonauts/data/strategy/nationality_profile/kurdish.json	generated_data_strategy	xenonauts	-
L	1828	2026-10-05 18:00:55.849	15190.7	185.7	NationalityProfile	Assets/Assets/xenonauts/data/strategy/nationality_profile/kuwaiti.json	generated_data_strategy	xenonauts	-
L	1835	2026-10-05 18:00:55.850	15190.8	186.6	NationalityProfile	Assets/Assets/xenonauts/data/strategy/nationality_profile/maldivian.json	generated_data_strategy	xenonauts	-
L	1836	2026-10-05 18:00:55.850	15190.8	186.6	NationalityProfile	Assets/Assets/xenonauts/data/strategy/nationality_profile/maltese.json	generated_data_strategy	xenonauts	-
L	1849	2026-10-05 18:00:55.852	15190.8	188.6	NationalityProfile	Assets/Assets/xenonauts/data/strategy/nationality_profile/newzealand.json	generated_data_strategy	xenonauts	-
L	1850	2026-10-05 18:00:55.852	15190.8	188.6	NationalityProfile	Assets/Assets/xenonauts/data/strategy/nationality_profile/newzealand^de-de.json	generated_data_strategy	xenonauts	-
L	1867	2026-10-05 18:00:55.855	15190.8	191.6	NationalityProfile	Assets/Assets/xenonauts/data/strategy/nationality_profile/norwegian^pl-pl.json	generated_data_strategy	xenonauts	-
L	1868	2026-10-05 18:00:55.855	15190.8	191.6	NationalityProfile	Assets/Assets/xenonauts/data/strategy/nationality_profile/norwegian^pt-br.json	generated_data_strategy	xenonauts	-
L	1889	2026-10-05 18:00:55.861	15190.9	197.5	NationalityProfile	Assets/Assets/xenonauts/data/strategy/nationality_profile/russian^zh-cn.json	generated_data_strategy	xenonauts	-
L	1895	2026-10-05 18:00:55.862	15190.9	198.5	NationalityProfile	Assets/Assets/xenonauts/data/strategy/nationality_profile/russian^fr-fr.json	generated_data_strategy	xenonauts	-
L	1117	2026-10-05 18:00:47.537	4845.0	2219.3	Sprite	Assets/Assets/xenonauts/texture/strategy/ui/paperdoll/armour/mars_steel_extra_armour^default^armour.png	generated_texture_strategy_1	xenonauts	-
L	1124	2026-10-05 18:00:47.921	4845.7	2602.6	Sprite	Assets/Assets/xenonauts/texture/strategy/ui/paperdoll/armour/hazard^female^armour.png	generated_texture_strategy_1	xenonauts	-
L	1126	2026-10-05 18:00:48.121	4845.9	2802.4	Sprite	Assets/Assets/xenonauts/texture/strategy/ui/paperdoll/armour/guardian_extra_armour^default^armour.png	generated_texture_strategy_1	xenonauts	-
L	1129	2026-10-05 18:00:48.388	4846.4	3068.9	Sprite	Assets/Assets/xenonauts/texture/strategy/ui/paperdoll/armour/exosuit^default^bodysuit.png	generated_texture_strategy_1	xenonauts	-
L	1160	2026-10-05 18:00:49.399	4874.9	4051.4	Template	Assets/Assets/xenonauts/template/common/xenopedia_entries/xenopedia_interceptor_tier1.json	generated_template_common	xenonauts	-
L	1169	2026-10-05 18:00:49.410	4875.9	4061.4	Template	Assets/Assets/xenonauts/template/common/xenopedia_entries/xenopedia_datacore_probe.json	generated_template_common	xenonauts	-
L	1179	2026-10-05 18:00:49.418	4877.1	4068.2	Template	Assets/Assets/xenonauts/template/common/xenopedia_entries/xenopedia_datacore_abductor.json	generated_template_common	xenonauts	-
L	1180	2026-10-05 18:00:49.418	4877.3	4068.0	Template	Assets/Assets/xenonauts/template/common/xenopedia_entries/xenopedia_cleaner_6.json	generated_template_common	xenonauts	-
L	1209	2026-10-05 18:00:49.439	4883.4	4082.9	Template	Assets/Assets/xenonauts/template/common/xenopedia_entries/xenopedia_alien_plasma_tech.json	generated_template_common	xenonauts	-
L	1210	2026-10-05 18:00:49.439	4883.4	4082.9	Template	Assets/Assets/xenonauts/template/common/xenopedia_entries/xenopedia_alien_fusion_tech.json	generated_template_common	xenonauts	-
L	1219	2026-10-05 18:00:49.446	4914.0	4059.3	Template	Assets/Assets/xenonauts/template/common/xenopedia_entries/xenopedia_abstract_quantum_teleportation.json	generated_template_common	xenonauts	-
L	1220	2026-10-05 18:00:49.446	4914.0	4059.3	Template	Assets/Assets/xenonauts/template/common/xenopedia_entries/xenopedia_abstract_nanofabrication.json	generated_template_common	xenonauts	-
L	1237	2026-10-05 18:00:49.453	6081.2	2899.1	Template	Assets/Assets/xenonauts/template/common/xenopedia_entries/categories/category_alien_lifeforms.json	generated_template_common	xenonauts	-
L	1244	2026-10-05 18:00:49.454	6698.6	2282.7	NationalityProfile	Assets/Assets/xenonauts/data/strategy/nationality_profile/ukrainian.json	generated_data_strategy	xenonauts	-
L	1245	2026-10-05 18:00:49.454	6798.1	2183.2	NationalityProfile	Assets/Assets/xenonauts/data/strategy/nationality_profile/turkish.json	generated_data_strategy	xenonauts	-
L	1258	2026-10-05 18:00:49.456	6983.2	2000.1	NationalityProfile	Assets/Assets/xenonauts/data/strategy/nationality_profile/swedish.json	generated_data_strategy	xenonauts	-
L	1259	2026-10-05 18:00:49.456	6983.2	2000.1	NationalityProfile	Assets/Assets/xenonauts/data/strategy/nationality_profile/srilankan.json	generated_data_strategy	xenonauts	-
L	1278	2026-10-05 18:00:49.459	7549.1	1437.2	NationalityProfile	Assets/Assets/xenonauts/data/strategy/nationality_profile/southafrican_afrikaans^fr-fr.json	generated_data_strategy	xenonauts	-
L	1279	2026-10-05 18:00:49.459	7649.2	1337.1	NationalityProfile	Assets/Assets/xenonauts/data/strategy/nationality_profile/southafrican_afrikaans^es-es.json	generated_data_strategy	xenonauts	-
L	1302	2026-10-05 18:00:49.461	4848.6	4139.7	BodyConstantsAsset	Assets/Assets/xenonauts/prefab/common/data/body_mapping.prefab	generated_prefab_common	xenonauts	-
L	1320	2026-10-05 18:00:49.491	4850.7	4167.6	Template	Assets/Assets/xenonauts/template/strategy/geo_region/latin_america.json	generated_template_strategy	xenonauts	-
L	1321	2026-10-05 18:00:49.491	4850.7	4167.6	Template	Assets/Assets/xenonauts/template/strategy/geo_region/international_waters.json	generated_template_strategy	xenonauts	-
L	1801	2026-10-05 18:00:55.843	15190.6	179.7	NationalityProfile	Assets/Assets/xenonauts/data/strategy/nationality_profile/italian^ru-ru.json	generated_data_strategy	xenonauts	-
L	1813	2026-10-05 18:00:55.846	15190.7	182.6	NationalityProfile	Assets/Assets/xenonauts/data/strategy/nationality_profile/japanese^zh-tw.json	generated_data_strategy	xenonauts	-
L	1814	2026-10-05 18:00:55.846	15190.7	182.6	NationalityProfile	Assets/Assets/xenonauts/data/strategy/nationality_profile/kazakhstani.json	generated_data_strategy	xenonauts	-
L	1817	2026-10-05 18:00:55.847	15190.7	183.6	NationalityProfile	Assets/Assets/xenonauts/data/strategy/nationality_profile/korean^de-de.json	generated_data_strategy	xenonauts	-
L	1818	2026-10-05 18:00:55.847	15190.7	183.6	NationalityProfile	Assets/Assets/xenonauts/data/strategy/nationality_profile/korean^es-es.json	generated_data_strategy	xenonauts	-
L	1860	2026-10-05 18:00:55.854	15190.8	190.5	NationalityProfile	Assets/Assets/xenonauts/data/strategy/nationality_profile/none.json	generated_data_strategy	xenonauts	-
L	1873	2026-10-05 18:00:55.856	15190.9	192.4	NationalityProfile	Assets/Assets/xenonauts/data/strategy/nationality_profile/polish^de-de.json	generated_data_strategy	xenonauts	-
L	1874	2026-10-05 18:00:55.856	15190.9	192.4	NationalityProfile	Assets/Assets/xenonauts/data/strategy/nationality_profile/polish^es-es.json	generated_data_strategy	xenonauts	-
L	1882	2026-10-05 18:00:55.858	15190.9	194.4	NationalityProfile	Assets/Assets/xenonauts/data/strategy/nationality_profile/polish^pt-br.json	generated_data_strategy	xenonauts	-
L	1901	2026-10-05 18:00:55.863	15190.9	199.4	NationalityProfile	Assets/Assets/xenonauts/data/strategy/nationality_profile/puertorican.json	generated_data_strategy	xenonauts	-
L	1902	2026-10-05 18:00:55.863	15190.9	199.4	NationalityProfile	Assets/Assets/xenonauts/data/strategy/nationality_profile/portuguese.json	generated_data_strategy	xenonauts	-
L	1105	2026-10-05 18:00:47.455	4843.5	2138.7	Sprite	Assets/Assets/xenonauts/texture/strategy/ui/paperdoll/armour/modules/tactical_extra_armour_jetpack^default^jetpack_straps.png	generated_texture_strategy_1	xenonauts	-
L	1106	2026-10-05 18:00:47.455	4843.5	2138.7	Sprite	Assets/Assets/xenonauts/texture/strategy/ui/paperdoll/armour/modules/stealthsuit_jetpack^default^jetpack_back.png	generated_texture_strategy_1	xenonauts	-
L	1107	2026-10-05 18:00:47.455	4843.7	2138.5	Sprite	Assets/Assets/xenonauts/texture/strategy/ui/paperdoll/armour/modules/stealthsuit_extra_armour_jetpack^default^jetpack_straps.png	generated_texture_strategy_1	xenonauts	-
L	1120	2026-10-05 18:00:47.754	4845.2	2436.0	Sprite	Assets/Assets/xenonauts/texture/strategy/ui/paperdoll/armour/mars_ceramite^default^armour.png	generated_texture_strategy_1	xenonauts	-
L	1134	2026-10-05 18:00:48.838	4846.8	3518.4	Sprite	Assets/Assets/xenonauts/texture/strategy/ui/paperdoll/armour/colossus^default^bodysuit.png	generated_texture_strategy_1	xenonauts	-
L	1136	2026-10-05 18:00:49.005	4847.0	3685.2	Sprite	Assets/Assets/xenonauts/texture/strategy/ui/paperdoll/armour/ares_steel_extra_armour^default^armour.png	generated_texture_strategy_1	xenonauts	-
L	1159	2026-10-05 18:00:49.399	4874.7	4051.5	Template	Assets/Assets/xenonauts/template/common/xenopedia_entries/xenopedia_interceptor_tier2.json	generated_template_common	xenonauts	-
L	1195	2026-10-05 18:00:49.428	4877.6	4077.6	Template	Assets/Assets/xenonauts/template/common/xenopedia_entries/xenopedia_autopsy_cyberdrone.json	generated_template_common	xenonauts	-
L	1196	2026-10-05 18:00:49.428	4877.6	4077.6	Template	Assets/Assets/xenonauts/template/common/xenopedia_entries/xenopedia_autopsy_cleaner_soldier.json	generated_template_common	xenonauts	-
L	1265	2026-10-05 18:00:49.457	6983.3	2000.9	NationalityProfile	Assets/Assets/xenonauts/data/strategy/nationality_profile/spanish^ko-kr.json	generated_data_strategy	xenonauts	-
L	1285	2026-10-05 18:00:49.460	8166.4	820.8	NationalityProfile	Assets/Assets/xenonauts/data/strategy/nationality_profile/southafrican_african^pt-br.json	generated_data_strategy	xenonauts	-
L	1301	2026-10-05 18:00:49.461	4848.4	4139.8	UIElementAsset	Assets/Assets/xenonauts/ui/common/components/save_save_game_row_component.prefab	generated_ui_common	xenonauts	-
L	1307	2026-10-05 18:00:49.462	4849.2	4140.0	AudioClip	Assets/Assets/xenonauts/audio/common/cutscene_game_over.ogg	generated_audio_common	xenonauts	-
L	1308	2026-10-05 18:00:49.462	4849.4	4139.8	Template	Assets/Assets/xenonauts/template/common/clock/debug.json	generated_template_common	xenonauts	-
L	1309	2026-10-05 18:00:49.462	4849.4	4139.8	Template	Assets/Assets/xenonauts/template/common/game_overs/time_based^timeout.json	generated_template_common	xenonauts	-
L	1311	2026-10-05 18:00:49.468	4849.6	4145.6	Template	Assets/Assets/xenonauts/template/common/game_overs/geo_base^defeat.json	generated_template_common	xenonauts	-
L	1334	2026-10-05 18:00:49.502	4852.4	4176.8	Template	Assets/Assets/xenonauts/template/common/xenopedia_entries/xenopedia_vehicle_sentrygun.json	generated_template_common	xenonauts	-
L	1804	2026-10-05 18:00:55.844	15190.7	180.5	NationalityProfile	Assets/Assets/xenonauts/data/strategy/nationality_profile/japanese.json	generated_data_strategy	xenonauts	-
L	1841	2026-10-05 18:00:55.851	15190.8	187.4	NationalityProfile	Assets/Assets/xenonauts/data/strategy/nationality_profile/mexican^ja-jp.json	generated_data_strategy	xenonauts	-
L	1842	2026-10-05 18:00:55.851	15190.8	187.4	NationalityProfile	Assets/Assets/xenonauts/data/strategy/nationality_profile/mexican^ko-kr.json	generated_data_strategy	xenonauts	-
L	1848	2026-10-05 18:00:55.852	15190.8	188.4	NationalityProfile	Assets/Assets/xenonauts/data/strategy/nationality_profile/myanmar.json	generated_data_strategy	xenonauts	-
L	1859	2026-10-05 18:00:55.854	15190.8	190.4	NationalityProfile	Assets/Assets/xenonauts/data/strategy/nationality_profile/newzealand^zh-tw.json	generated_data_strategy	xenonauts	-
L	1894	2026-10-05 18:00:55.862	15190.9	198.3	NationalityProfile	Assets/Assets/xenonauts/data/strategy/nationality_profile/russian^ja-jp.json	generated_data_strategy	xenonauts	-
L	1081	2026-10-05 18:00:46.336	4840.4	1022.7	Sprite	Assets/Assets/xenonauts/texture/strategy/ui/paperdoll/armour/vehicle_cannon_fusion^weapon.png	generated_texture_strategy_1	xenonauts	-
L	1101	2026-10-05 18:00:47.455	4843.1	2139.0	Sprite	Assets/Assets/xenonauts/texture/strategy/ui/paperdoll/armour/modules/tactical_rebreather^default^rebreather.png	generated_texture_strategy_1	xenonauts	-
L	1102	2026-10-05 18:00:47.455	4843.1	2139.0	Sprite	Assets/Assets/xenonauts/texture/strategy/ui/paperdoll/armour/modules/tactical_jetpack^default^jetpack_straps.png	generated_texture_strategy_1	xenonauts	-
L	1103	2026-10-05 18:00:47.455	4843.3	2138.8	Sprite	Assets/Assets/xenonauts/texture/strategy/ui/paperdoll/armour/modules/tactical_jetpack^default^jetpack_back.png	generated_texture_strategy_1	xenonauts	-
L	1104	2026-10-05 18:00:47.455	4843.3	2138.8	Sprite	Assets/Assets/xenonauts/texture/strategy/ui/paperdoll/armour/modules/tactical_extra_armour_rebreather^default^rebreather.png	generated_texture_strategy_1	xenonauts	-
L	1123	2026-10-05 18:00:47.921	4845.7	2602.4	Sprite	Assets/Assets/xenonauts/texture/strategy/ui/paperdoll/armour/hazard^male^armour.png	generated_texture_strategy_1	xenonauts	-
L	1125	2026-10-05 18:00:48.021	4845.9	2702.2	Sprite	Assets/Assets/xenonauts/texture/strategy/ui/paperdoll/armour/guardian_extra_armour^default^helmet.png	generated_texture_strategy_1	xenonauts	-
L	1135	2026-10-05 18:00:48.922	4847.0	3602.1	Sprite	Assets/Assets/xenonauts/texture/strategy/ui/paperdoll/armour/black_warden_variant.png	generated_texture_strategy_1	xenonauts	-
L	1143	2026-10-05 18:00:49.382	4872.9	4036.2	Template	Assets/Assets/xenonauts/template/common/xenopedia_entries/xenopedia_mission_cleaner_base.json	generated_template_common	xenonauts	-
L	1144	2026-10-05 18:00:49.382	4873.1	4036.0	Template	Assets/Assets/xenonauts/template/common/xenopedia_entries/xenopedia_interrogation_wraith.json	generated_template_common	xenonauts	-
L	1175	2026-10-05 18:00:49.415	4876.6	4065.5	Template	Assets/Assets/xenonauts/template/common/xenopedia_entries/xenopedia_datacore_defender.json	generated_template_common	xenonauts	-
L	1176	2026-10-05 18:00:49.415	4876.8	4065.3	Template	Assets/Assets/xenonauts/template/common/xenopedia_entries/xenopedia_datacore_cruiser.json	generated_template_common	xenonauts	-
L	1297	2026-10-05 18:00:49.461	4847.9	4140.2	Sprite	Assets/Assets/xenonauts/texture/common/placeholder.png	generated_texture_common	xenonauts	-
L	1298	2026-10-05 18:00:49.461	4848.1	4140.0	UIElementAsset	Assets/Assets/xenonauts/ui/common/components/content_pack_row_drag_drop_controller.prefab	generated_ui_common	xenonauts	-
L	1299	2026-10-05 18:00:49.461	4848.1	4140.0	UIElementAsset	Assets/Assets/xenonauts/ui/common/components/content_pack_row_component.prefab	generated_ui_common	xenonauts	-
L	1300	2026-10-05 18:00:49.461	4848.3	4139.8	UIElementAsset	Assets/Assets/xenonauts/ui/common/components/load_save_game_row_component.prefab	generated_ui_common	xenonauts	-
L	1305	2026-10-05 18:00:49.462	4849.0	4140.1	List`1	Assets/Assets/xenonauts/text/common/lists/callsigns.json	generated_text_common	xenonauts	-
L	1329	2026-10-05 18:00:49.499	4851.7	4174.4	Template	Assets/Assets/xenonauts/template/common/xenopedia_entries/xenopedia_weapon_lasers_heavy.json	generated_template_common	xenonauts	-
L	1332	2026-10-05 18:00:49.501	4852.2	4175.9	Template	Assets/Assets/xenonauts/template/common/xenopedia_entries/xenopedia_weapon_gauss.json	generated_template_common	xenonauts	-
L	1339	2026-10-05 18:00:49.506	4852.9	4180.2	Template	Assets/Assets/xenonauts/template/common/xenopedia_entries/xenopedia_uoo_1.json	generated_template_common	xenonauts	-
L	1866	2026-10-05 18:00:55.855	15190.8	191.3	NationalityProfile	Assets/Assets/xenonauts/data/strategy/nationality_profile/norwegian^ko-kr.json	generated_data_strategy	xenonauts	-
L	1888	2026-10-05 18:00:55.861	15190.9	197.2	NationalityProfile	Assets/Assets/xenonauts/data/strategy/nationality_profile/russian^zh-tw.json	generated_data_strategy	xenonauts	-
L	1893	2026-10-05 18:00:55.862	15190.9	198.2	NationalityProfile	Assets/Assets/xenonauts/data/strategy/nationality_profile/russian^ko-kr.json	generated_data_strategy	xenonauts	-
L	1070	2026-10-05 18:00:45.502	4838.9	190.1	Sprite	Assets/Assets/xenonauts/texture/strategy/ui/paperdoll/armour/wardendark^male^armour.png	generated_texture_strategy_1	xenonauts	-
L	1072	2026-10-05 18:00:45.669	4839.1	356.9	Sprite	Assets/Assets/xenonauts/texture/strategy/ui/paperdoll/armour/warden_extra_armour^default^collar.png	generated_texture_strategy_1	xenonauts	-
L	1099	2026-10-05 18:00:47.455	4842.8	2139.2	Sprite	Assets/Assets/xenonauts/texture/strategy/ui/paperdoll/armour/modules/warden_jetpack^default^jetpack_back.png	generated_texture_strategy_1	xenonauts	-
L	1100	2026-10-05 18:00:47.455	4842.8	2139.2	Sprite	Assets/Assets/xenonauts/texture/strategy/ui/paperdoll/armour/modules/tactical_tacvisor^default^visor.png	generated_texture_strategy_1	xenonauts	-
L	1118	2026-10-05 18:00:47.604	4845.0	2286.0	Sprite	Assets/Assets/xenonauts/texture/strategy/ui/paperdoll/armour/mars_steel^default^armour.png	generated_texture_strategy_1	xenonauts	-
L	1121	2026-10-05 18:00:47.821	4845.5	2502.5	Sprite	Assets/Assets/xenonauts/texture/strategy/ui/paperdoll/armour/mars_alloy_extra_armour^default^armour.png	generated_texture_strategy_1	xenonauts	-
L	1137	2026-10-05 18:00:49.072	4847.3	3751.7	Sprite	Assets/Assets/xenonauts/texture/strategy/ui/paperdoll/armour/ares_steel^default^armour.png	generated_texture_strategy_1	xenonauts	-
L	1142	2026-10-05 18:00:49.376	4872.9	4030.1	Template	Assets/Assets/xenonauts/template/common/xenopedia_entries/xenopedia_operation_endgame.json	generated_template_common	xenonauts	-
L	1153	2026-10-05 18:00:49.394	4874.0	4047.0	Template	Assets/Assets/xenonauts/template/common/xenopedia_entries/xenopedia_interrogation_eternal.json	generated_template_common	xenonauts	-
L	1154	2026-10-05 18:00:49.394	4874.2	4046.8	Template	Assets/Assets/xenonauts/template/common/xenopedia_entries/xenopedia_interrogation_commander.json	generated_template_common	xenonauts	-
L	1294	2026-10-05 18:00:49.461	4847.7	4140.3	Sprite	Assets/Assets/xenonauts/texture/strategy/ui/paperdoll/armour/ares_alloy^default^armour.png	generated_texture_strategy_1	xenonauts	-
L	1295	2026-10-05 18:00:49.461	4847.7	4140.3	Sprite	Assets/Assets/xenonauts/texture/groundcombat/ui/actor/portrait_transparent.png	generated_texture_groundcombat_2	xenonauts	-
L	1296	2026-10-05 18:00:49.461	4847.9	4140.1	Sprite	Assets/Assets/xenonauts/texture/groundcombat/ui/actor/portrait_empty.png	generated_texture_groundcombat_2	xenonauts	-
L	1306	2026-10-05 18:00:49.462	4849.1	4139.9	UIElementAsset	Assets/Assets/xenonauts/ui/common/letterboxing_overlay_43aspectratio.prefab	generated_ui_common	xenonauts	-
L	1322	2026-10-05 18:00:49.493	4851.0	4169.0	Template	Assets/Assets/xenonauts/template/strategy/geo_region/greenland.json	generated_template_strategy	xenonauts	-
L	1323	2026-10-05 18:00:49.493	4851.0	4169.0	Template	Assets/Assets/xenonauts/template/strategy/geo_region/asia_pacific.json	generated_template_strategy	xenonauts	-
L	1326	2026-10-05 18:00:49.496	4851.5	4171.5	Template	Assets/Assets/xenonauts/template/common/xenopedia_entries/xenopedia_weapon_stun.json	generated_template_common	xenonauts	-
L	1068	2026-10-05 18:00:45.386	4838.7	74.2	Sprite	Assets/Assets/xenonauts/texture/strategy/ui/paperdoll/armour_mask/exosuit^default^bodysuit_mask.png	generated_texture_strategy_1	xenonauts	-
L	1078	2026-10-05 18:00:46.136	4839.8	823.1	Sprite	Assets/Assets/xenonauts/texture/strategy/ui/paperdoll/armour/vehicle_cannon_plasma^weapon.png	generated_texture_strategy_1	xenonauts	-
L	1084	2026-10-05 18:00:46.553	4840.6	1239.3	Sprite	Assets/Assets/xenonauts/texture/strategy/ui/paperdoll/armour/tactical_extra_armour^default^collar.png	generated_texture_strategy_1	xenonauts	-
L	1086	2026-10-05 18:00:46.720	4840.9	1406.0	Sprite	Assets/Assets/xenonauts/texture/strategy/ui/paperdoll/armour/tactical^default^collar.png	generated_texture_strategy_1	xenonauts	-
L	1092	2026-10-05 18:00:47.270	4841.9	1955.0	Sprite	Assets/Assets/xenonauts/texture/strategy/ui/paperdoll/armour/stealthsuit^male^bodysuit.png	generated_texture_strategy_1	xenonauts	-
L	1096	2026-10-05 18:00:47.455	4842.4	2139.5	Sprite	Assets/Assets/xenonauts/texture/strategy/ui/paperdoll/armour/modules/warden_tacvisor^default^visor.png	generated_texture_strategy_1	xenonauts	-
L	1097	2026-10-05 18:00:47.455	4842.6	2139.3	Sprite	Assets/Assets/xenonauts/texture/strategy/ui/paperdoll/armour/modules/warden_rebreather^default^rebreather.png	generated_texture_strategy_1	xenonauts	-
L	1098	2026-10-05 18:00:47.455	4842.6	2139.3	Sprite	Assets/Assets/xenonauts/texture/strategy/ui/paperdoll/armour/modules/warden_jetpack^default^jetpack_straps.png	generated_texture_strategy_1	xenonauts	-
L	1149	2026-10-05 18:00:49.391	4873.6	4044.3	Template	Assets/Assets/xenonauts/template/common/xenopedia_entries/xenopedia_interrogation_reaper.json	generated_template_common	xenonauts	-
L	1150	2026-10-05 18:00:49.391	4873.8	4044.1	Template	Assets/Assets/xenonauts/template/common/xenopedia_entries/xenopedia_interrogation_psyon.json	generated_template_common	xenonauts	-
L	1303	2026-10-05 18:00:49.462	4848.6	4140.3	List`1	Assets/Assets/xenonauts/text/common/lists/campaign_names/campaign_second_name.json	generated_text_common	xenonauts	-
L	1304	2026-10-05 18:00:49.462	4848.9	4140.0	List`1	Assets/Assets/xenonauts/text/common/lists/campaign_names/campaign_first_name.json	generated_text_common	xenonauts	-
L	959	2026-10-05 18:00:45.322	4816.2	32.6	Template	Assets/Assets/xenonauts/template/common/tooltips/buttons/gs_supporter_regionalbonus.json	generated_template_common	xenonauts	-
L	977	2026-10-05 18:00:45.324	4818.0	32.8	Template	Assets/Assets/xenonauts/template/common/tooltips/buttons/gc_overwatch_toggle.json	generated_template_common	xenonauts	-
L	1008	2026-10-05 18:00:45.347	4827.7	46.1	Template	Assets/Assets/xenonauts/template/common/tooltips/buttons/base_structure_adjacency.json	generated_template_common	xenonauts	-
L	1009	2026-10-05 18:00:45.347	4827.9	45.9	Template	Assets/Assets/xenonauts/template/common/tooltips/buttons/armory_update.json	generated_template_common	xenonauts	-
L	1026	2026-10-05 18:00:45.349	4829.6	46.2	Template	Assets/Assets/xenonauts/template/common/tooltips/buttons/ac_evasiveroll_right.json	generated_template_common	xenonauts	-
L	1027	2026-10-05 18:00:45.349	4832.9	42.9	Template	Assets/Assets/xenonauts/template/common/tooltips/buttons/ac_evasiveroll_left.json	generated_template_common	xenonauts	-
L	1064	2026-10-05 18:00:45.386	4838.3	74.5	Sprite	Assets/Assets/xenonauts/texture/strategy/ui/paperdoll/armour_mask/stealthsuit_extra_armour^default^bodysuit_mask.png	generated_texture_strategy_1	xenonauts	-
L	1065	2026-10-05 18:00:45.386	4838.5	74.3	Sprite	Assets/Assets/xenonauts/texture/strategy/ui/paperdoll/armour_mask/stealthsuit^default^bodysuit_mask.png	generated_texture_strategy_1	xenonauts	-
L	1066	2026-10-05 18:00:45.386	4838.5	74.3	Sprite	Assets/Assets/xenonauts/texture/strategy/ui/paperdoll/armour_mask/guardian_extra_armour^default^armour_mask.png	generated_texture_strategy_1	xenonauts	-
L	1067	2026-10-05 18:00:45.386	4838.7	74.1	Sprite	Assets/Assets/xenonauts/texture/strategy/ui/paperdoll/armour_mask/exosuit_extra_armour^default^bodysuit_mask.png	generated_texture_strategy_1	xenonauts	-
L	1075	2026-10-05 18:00:45.936	4839.6	623.2	Sprite	Assets/Assets/xenonauts/texture/strategy/ui/paperdoll/armour/warden^default^armour.png	generated_texture_strategy_1	xenonauts	-
L	1082	2026-10-05 18:00:46.403	4840.4	1089.4	Sprite	Assets/Assets/xenonauts/texture/strategy/ui/paperdoll/armour/vehicle_cannon^weapon.png	generated_texture_strategy_1	xenonauts	-
L	1087	2026-10-05 18:00:46.820	4841.3	1505.5	Sprite	Assets/Assets/xenonauts/texture/strategy/ui/paperdoll/armour/tactical^default^armour.png	generated_texture_strategy_1	xenonauts	-
L	1119	2026-10-05 18:00:47.671	4845.2	2352.6	Sprite	Assets/Assets/xenonauts/texture/strategy/ui/paperdoll/armour/mars_ceramite_extra_armour^default^armour.png	generated_texture_strategy_1	xenonauts	-
L	1128	2026-10-05 18:00:48.305	4846.2	2985.6	Sprite	Assets/Assets/xenonauts/texture/strategy/ui/paperdoll/armour/exosuit_extra_armour^default^bodysuit.png	generated_texture_strategy_1	xenonauts	-
L	1138	2026-10-05 18:00:49.139	4847.3	3818.5	Sprite	Assets/Assets/xenonauts/texture/strategy/ui/paperdoll/armour/ares_ceramite_extra_armour^default^armour.png	generated_texture_strategy_1	xenonauts	-
L	1141	2026-10-05 18:00:49.376	4872.5	4030.3	Template	Assets/Assets/xenonauts/template/common/xenopedia_entries/xenopedia_plot_alien_origins.json	generated_template_common	xenonauts	-
L	1316	2026-10-05 18:00:49.471	4850.2	4147.6	Template	Assets/Assets/xenonauts/template/common/game_overs/atlas_reclaim^defeat.json	generated_template_common	xenonauts	-
L	1317	2026-10-05 18:00:49.471	4850.2	4147.6	Template	Assets/Assets/xenonauts/template/strategy/geo_region/western_europe.json	generated_template_strategy	xenonauts	-
L	1318	2026-10-05 18:00:49.488	4850.5	4164.3	Template	Assets/Assets/xenonauts/template/strategy/geo_region/soviet_union.json	generated_template_strategy	xenonauts	-
L	1319	2026-10-05 18:00:49.488	4850.5	4164.3	Template	Assets/Assets/xenonauts/template/strategy/geo_region/north_america.json	generated_template_strategy	xenonauts	-
L	1330	2026-10-05 18:00:49.500	4851.9	4174.9	Template	Assets/Assets/xenonauts/template/common/xenopedia_entries/xenopedia_weapon_lasers.json	generated_template_common	xenonauts	-
L	941	2026-10-05 18:00:45.320	4814.4	32.3	Template	Assets/Assets/xenonauts/template/common/tooltips/buttons/soldierequip_soldierpositions.json	generated_template_common	xenonauts	-
L	958	2026-10-05 18:00:45.322	4816.1	32.6	Template	Assets/Assets/xenonauts/template/common/tooltips/buttons/inventory.json	generated_template_common	xenonauts	-
L	976	2026-10-05 18:00:45.324	4817.9	32.8	Template	Assets/Assets/xenonauts/template/common/tooltips/buttons/gc_roofhide.json	generated_template_common	xenonauts	-
L	984	2026-10-05 18:00:45.325	4818.8	32.9	Template	Assets/Assets/xenonauts/template/common/tooltips/buttons/gc_camera_up.json	generated_template_common	xenonauts	-
L	998	2026-10-05 18:00:45.346	4826.7	46.0	Template	Assets/Assets/xenonauts/template/common/tooltips/buttons/engineering_begin_project.json	generated_template_common	xenonauts	-
L	999	2026-10-05 18:00:45.346	4826.9	45.8	Template	Assets/Assets/xenonauts/template/common/tooltips/buttons/engineering_at_base.json	generated_template_common	xenonauts	-
L	1017	2026-10-05 18:00:45.348	4828.7	46.0	Template	Assets/Assets/xenonauts/template/common/tooltips/buttons/ac_throttle.json	generated_template_common	xenonauts	-
L	1063	2026-10-05 18:00:45.386	4838.3	74.4	Sprite	Assets/Assets/xenonauts/texture/strategy/ui/paperdoll/armour_mask/tactical_extra_armour^default^armour_mask.png	generated_texture_strategy_1	xenonauts	-
L	1088	2026-10-05 18:00:46.904	4841.3	1589.4	Sprite	Assets/Assets/xenonauts/texture/strategy/ui/paperdoll/armour/stealthsuit_nohelmet^male^armour.png	generated_texture_strategy_1	xenonauts	-
L	1090	2026-10-05 18:00:47.087	4841.6	1772.1	Sprite	Assets/Assets/xenonauts/texture/strategy/ui/paperdoll/armour/stealthsuit_extra_armour^male^bodysuit.png	generated_texture_strategy_1	xenonauts	-
L	1093	2026-10-05 18:00:47.354	4842.1	2038.6	Sprite	Assets/Assets/xenonauts/texture/strategy/ui/paperdoll/armour/stealthsuit^female^bodysuit.png	generated_texture_strategy_1	xenonauts	-
L	1095	2026-10-05 18:00:47.455	4842.4	2139.3	Sprite	Assets/Assets/xenonauts/texture/strategy/ui/paperdoll/armour/nanothread^default^armour.png	generated_texture_strategy_1	xenonauts	-
L	1122	2026-10-05 18:00:47.888	4845.5	2569.2	Sprite	Assets/Assets/xenonauts/texture/strategy/ui/paperdoll/armour/mars_alloy^default^armour.png	generated_texture_strategy_1	xenonauts	-
L	1127	2026-10-05 18:00:48.205	4846.2	2885.5	Sprite	Assets/Assets/xenonauts/texture/strategy/ui/paperdoll/armour/guardian^default^armour.png	generated_texture_strategy_1	xenonauts	-
L	1310	2026-10-05 18:00:49.463	4849.6	4140.1	Template	Assets/Assets/xenonauts/template/common/game_overs/geo_region^defeat.json	generated_template_common	xenonauts	-
L	1312	2026-10-05 18:00:49.469	4849.8	4145.9	Template	Assets/Assets/xenonauts/template/common/game_overs/funding^defeat.json	generated_template_common	xenonauts	-
L	1313	2026-10-05 18:00:49.469	4849.8	4145.9	Template	Assets/Assets/xenonauts/template/common/game_overs/end_game^victory.json	generated_template_common	xenonauts	-
L	1327	2026-10-05 18:00:49.498	4851.5	4173.2	Template	Assets/Assets/xenonauts/template/common/xenopedia_entries/xenopedia_weapon_plasmas_heavy.json	generated_template_common	xenonauts	-
L	931	2026-10-05 18:00:45.319	4813.4	32.2	Template	Assets/Assets/xenonauts/template/common/tooltips/buttons/strategy_aircraft_patrol.json	generated_template_common	xenonauts	-
L	940	2026-10-05 18:00:45.320	4814.3	32.3	Template	Assets/Assets/xenonauts/template/common/tooltips/buttons/soldiers_dismiss.json	generated_template_common	xenonauts	-
L	956	2026-10-05 18:00:45.322	4816.0	32.6	Template	Assets/Assets/xenonauts/template/common/tooltips/buttons/launchgc_commence.json	generated_template_common	xenonauts	-
L	967	2026-10-05 18:00:45.323	4817.0	32.6	Template	Assets/Assets/xenonauts/template/common/tooltips/buttons/gs_launch_dropship.json	generated_template_common	xenonauts	-
L	975	2026-10-05 18:00:45.324	4817.8	32.8	Template	Assets/Assets/xenonauts/template/common/tooltips/buttons/gc_rotatecamera_left.json	generated_template_common	xenonauts	-
L	985	2026-10-05 18:00:45.325	4818.8	32.8	Template	Assets/Assets/xenonauts/template/common/tooltips/buttons/gc_camera_down.json	generated_template_common	xenonauts	-
L	1006	2026-10-05 18:00:45.347	4827.5	46.1	Template	Assets/Assets/xenonauts/template/common/tooltips/buttons/base_structure_cost.json	generated_template_common	xenonauts	-
L	1007	2026-10-05 18:00:45.347	4827.7	45.9	Template	Assets/Assets/xenonauts/template/common/tooltips/buttons/base_structure_buildtime.json	generated_template_common	xenonauts	-
L	1016	2026-10-05 18:00:45.348	4828.5	46.1	Template	Assets/Assets/xenonauts/template/common/tooltips/buttons/ac_throttle_lock.json	generated_template_common	xenonauts	-
L	1024	2026-10-05 18:00:45.349	4829.4	46.2	Template	Assets/Assets/xenonauts/template/common/tooltips/buttons/ac_result_autoresolve_accept.json	generated_template_common	xenonauts	-
L	1025	2026-10-05 18:00:45.349	4829.6	46.0	Template	Assets/Assets/xenonauts/template/common/tooltips/buttons/ac_evasiveroll_wingover.json	generated_template_common	xenonauts	-
L	1062	2026-10-05 18:00:45.386	4838.0	74.6	Sprite	Assets/Assets/xenonauts/texture/strategy/ui/paperdoll/armour_mask/warden_extra_armour^default^armour_mask.png	generated_texture_strategy_1	xenonauts	-
L	1074	2026-10-05 18:00:45.836	4839.3	523.3	Sprite	Assets/Assets/xenonauts/texture/strategy/ui/paperdoll/armour/warden^default^collar.png	generated_texture_strategy_1	xenonauts	-
L	1079	2026-10-05 18:00:46.203	4840.2	889.4	Sprite	Assets/Assets/xenonauts/texture/strategy/ui/paperdoll/armour/vehicle_cannon_laser^weapon.png	generated_texture_strategy_1	xenonauts	-
L	1130	2026-10-05 18:00:48.472	4846.4	3152.2	Sprite	Assets/Assets/xenonauts/texture/strategy/ui/paperdoll/armour/combat^default^helmet.png	generated_texture_strategy_1	xenonauts	-
L	912	2026-10-05 18:00:45.317	4811.5	32.0	Template	Assets/Assets/xenonauts/template/common/tooltips/concepts/ac_armour.json	generated_template_common	xenonauts	-
L	913	2026-10-05 18:00:45.317	4811.5	32.0	Template	Assets/Assets/xenonauts/template/common/tooltips/concepts/ac_ammo.json	generated_template_common	xenonauts	-
L	921	2026-10-05 18:00:45.318	4812.4	32.1	Template	Assets/Assets/xenonauts/template/common/tooltips/buttons/topbar_nav_base.json	generated_template_common	xenonauts	-
L	930	2026-10-05 18:00:45.319	4813.3	32.2	Template	Assets/Assets/xenonauts/template/common/tooltips/buttons/strategy_aircraft_return_to_base.json	generated_template_common	xenonauts	-
L	939	2026-10-05 18:00:45.320	4814.2	32.3	Template	Assets/Assets/xenonauts/template/common/tooltips/buttons/soldiers_recruit.json	generated_template_common	xenonauts	-
L	948	2026-10-05 18:00:45.321	4815.1	32.4	Template	Assets/Assets/xenonauts/template/common/tooltips/buttons/soldierequip_autofill_dropship.json	generated_template_common	xenonauts	-
L	949	2026-10-05 18:00:45.321	4815.2	32.3	Template	Assets/Assets/xenonauts/template/common/tooltips/buttons/soldierequip_abortlaunch.json	generated_template_common	xenonauts	-
L	957	2026-10-05 18:00:45.322	4816.0	32.5	Template	Assets/Assets/xenonauts/template/common/tooltips/buttons/launchgc_abandon.json	generated_template_common	xenonauts	-
L	966	2026-10-05 18:00:45.323	4816.9	32.6	Template	Assets/Assets/xenonauts/template/common/tooltips/buttons/gs_operation_points.json	generated_template_common	xenonauts	-
L	974	2026-10-05 18:00:45.324	4817.7	32.8	Template	Assets/Assets/xenonauts/template/common/tooltips/buttons/gc_rotatecamera_right.json	generated_template_common	xenonauts	-
L	982	2026-10-05 18:00:45.325	4818.6	32.9	Template	Assets/Assets/xenonauts/template/common/tooltips/buttons/gc_debrief_kills.json	generated_template_common	xenonauts	-
L	996	2026-10-05 18:00:45.346	4826.5	46.0	Template	Assets/Assets/xenonauts/template/common/tooltips/buttons/engineering_header_quantity.json	generated_template_common	xenonauts	-
L	997	2026-10-05 18:00:45.346	4826.7	45.8	Template	Assets/Assets/xenonauts/template/common/tooltips/buttons/engineering_cancel_project.json	generated_template_common	xenonauts	-
L	1076	2026-10-05 18:00:46.003	4839.6	689.9	Sprite	Assets/Assets/xenonauts/texture/strategy/ui/paperdoll/armour/vehicle_rockets^weapon.png	generated_texture_strategy_1	xenonauts	-
L	1080	2026-10-05 18:00:46.270	4840.2	956.3	Sprite	Assets/Assets/xenonauts/texture/strategy/ui/paperdoll/armour/vehicle_cannon_gauss^weapon.png	generated_texture_strategy_1	xenonauts	-
L	1089	2026-10-05 18:00:47.004	4841.6	1688.9	Sprite	Assets/Assets/xenonauts/texture/strategy/ui/paperdoll/armour/stealthsuit_nohelmet^female^armour.png	generated_texture_strategy_1	xenonauts	-
L	1114	2026-10-05 18:00:47.456	4844.6	2137.9	Sprite	Assets/Assets/xenonauts/texture/strategy/ui/paperdoll/armour/modules/combat_rebreather^default^rebreather.png	generated_texture_strategy_1	xenonauts	-
L	1115	2026-10-05 18:00:47.456	4844.8	2137.7	Sprite	Assets/Assets/xenonauts/texture/strategy/ui/paperdoll/armour/modules/combat_jetpack^default^jetpack_straps.png	generated_texture_strategy_1	xenonauts	-
L	1116	2026-10-05 18:00:47.456	4844.8	2137.7	Sprite	Assets/Assets/xenonauts/texture/strategy/ui/paperdoll/armour/modules/combat_jetpack^default^jetpack_back.png	generated_texture_strategy_1	xenonauts	-
L	1131	2026-10-05 18:00:48.569	4846.6	3248.9	Sprite	Assets/Assets/xenonauts/texture/strategy/ui/paperdoll/armour/combat^default^collar.png	generated_texture_strategy_1	xenonauts	-
L	1133	2026-10-05 18:00:48.739	4846.8	3418.7	Sprite	Assets/Assets/xenonauts/texture/strategy/ui/paperdoll/armour/colossus_extra_armour^default^bodysuit.png	generated_texture_strategy_1	xenonauts	-
L	1139	2026-10-05 18:00:49.206	4847.5	3885.0	Sprite	Assets/Assets/xenonauts/texture/strategy/ui/paperdoll/armour/ares_ceramite^default^armour.png	generated_texture_strategy_1	xenonauts	-
L	1140	2026-10-05 18:00:49.289	4847.5	3968.0	Sprite	Assets/Assets/xenonauts/texture/strategy/ui/paperdoll/armour/ares_alloy_extra_armour^default^armour.png	generated_texture_strategy_1	xenonauts	-
L	920	2026-10-05 18:00:45.318	4812.3	32.1	Template	Assets/Assets/xenonauts/template/common/tooltips/buttons/topbar_nav_basestores.json	generated_template_common	xenonauts	-
L	929	2026-10-05 18:00:45.319	4813.2	32.2	Template	Assets/Assets/xenonauts/template/common/tooltips/buttons/strategy_aircraft_select_new_target.json	generated_template_common	xenonauts	-
L	938	2026-10-05 18:00:45.320	4814.1	32.3	Template	Assets/Assets/xenonauts/template/common/tooltips/buttons/soldiers_transfer.json	generated_template_common	xenonauts	-
L	954	2026-10-05 18:00:45.322	4815.8	32.6	Template	Assets/Assets/xenonauts/template/common/tooltips/buttons/science_begin_project.json	generated_template_common	xenonauts	-
L	965	2026-10-05 18:00:45.323	4816.8	32.6	Template	Assets/Assets/xenonauts/template/common/tooltips/buttons/gs_speed_1.json	generated_template_common	xenonauts	-
L	973	2026-10-05 18:00:45.324	4817.6	32.8	Template	Assets/Assets/xenonauts/template/common/tooltips/buttons/gc_soldierdone.json	generated_template_common	xenonauts	-
L	983	2026-10-05 18:00:45.325	4818.6	32.8	Template	Assets/Assets/xenonauts/template/common/tooltips/buttons/gc_carried_objective_items.json	generated_template_common	xenonauts	-
L	988	2026-10-05 18:00:45.345	4825.7	45.7	Template	Assets/Assets/xenonauts/template/common/tooltips/buttons/funding_panicmodifier.json	generated_template_common	xenonauts	-
L	989	2026-10-05 18:00:45.345	4825.9	45.5	Template	Assets/Assets/xenonauts/template/common/tooltips/buttons/funding_basefunding.json	generated_template_common	xenonauts	-
L	1005	2026-10-05 18:00:45.347	4827.5	45.9	Template	Assets/Assets/xenonauts/template/common/tooltips/buttons/base_structure_dimensions.json	generated_template_common	xenonauts	-
L	1014	2026-10-05 18:00:45.348	4828.3	46.1	Template	Assets/Assets/xenonauts/template/common/tooltips/buttons/ac_weapon_controller.json	generated_template_common	xenonauts	-
L	1015	2026-10-05 18:00:45.348	4828.5	45.9	Template	Assets/Assets/xenonauts/template/common/tooltips/buttons/ac_ufo_charge.json	generated_template_common	xenonauts	-
L	1022	2026-10-05 18:00:45.349	4829.2	46.2	Template	Assets/Assets/xenonauts/template/common/tooltips/buttons/ac_retreat.json	generated_template_common	xenonauts	-
L	1023	2026-10-05 18:00:45.349	4829.4	46.0	Template	Assets/Assets/xenonauts/template/common/tooltips/buttons/ac_result_autoresolve_reject.json	generated_template_common	xenonauts	-
L	1045	2026-10-05 18:00:45.350	4835.1	41.3	GameObject	Assets/Assets/xenonauts/prefab/common/ui/tooltip/item/weapon/tooltip_grenade_gas_smoke.prefab	generated_prefab_common	xenonauts	-
L	1046	2026-10-05 18:00:45.350	4835.1	41.3	GameObject	Assets/Assets/xenonauts/prefab/common/ui/tooltip/item/weapon/tooltip_grenade_gas.prefab	generated_prefab_common	xenonauts	-
L	1047	2026-10-05 18:00:45.350	4835.3	41.1	GameObject	Assets/Assets/xenonauts/prefab/common/ui/tooltip/item/weapon/tooltip_grenade_flashbang.prefab	generated_prefab_common	xenonauts	-
L	1048	2026-10-05 18:00:45.350	4835.3	41.1	GameObject	Assets/Assets/xenonauts/prefab/common/ui/tooltip/item/weapon/tooltip_grenade_flare.prefab	generated_prefab_common	xenonauts	-
L	1049	2026-10-05 18:00:45.350	4836.5	39.9	GameObject	Assets/Assets/xenonauts/prefab/common/ui/tooltip/item/weapon/tooltip_grenade_explosive.prefab	generated_prefab_common	xenonauts	-
L	1050	2026-10-05 18:00:45.350	4836.5	39.9	GameObject	Assets/Assets/xenonauts/prefab/common/ui/tooltip/item/weapon/tooltip_c4.prefab	generated_prefab_common	xenonauts	-
L	1051	2026-10-05 18:00:45.350	4836.8	39.6	GameObject	Assets/Assets/xenonauts/prefab/common/ui/tooltip/item/weapon/tooltip_building.prefab	generated_prefab_common	xenonauts	-
L	1052	2026-10-05 18:00:45.350	4836.8	39.6	GameObject	Assets/Assets/xenonauts/prefab/common/ui/tooltip/item/weapon/tooltip_armour.prefab	generated_prefab_common	xenonauts	-
L	1071	2026-10-05 18:00:45.586	4839.1	273.3	Sprite	Assets/Assets/xenonauts/texture/strategy/ui/paperdoll/armour/warden_extra_armour^default^helmet.png	generated_texture_strategy_1	xenonauts	-
L	1094	2026-10-05 18:00:47.421	4842.1	2105.3	Sprite	Assets/Assets/xenonauts/texture/strategy/ui/paperdoll/armour/sentrygun^default^armour.png	generated_texture_strategy_1	xenonauts	-
L	1110	2026-10-05 18:00:47.456	4844.1	2138.3	Sprite	Assets/Assets/xenonauts/texture/strategy/ui/paperdoll/armour/modules/guardian_extra_armour_rebreather^default^rebreather.png	generated_texture_strategy_1	xenonauts	-
L	1113	2026-10-05 18:00:47.456	4844.5	2137.9	Sprite	Assets/Assets/xenonauts/texture/strategy/ui/paperdoll/armour/modules/combat_tacvisor^default^visor.png	generated_texture_strategy_1	xenonauts	-
L	1132	2026-10-05 18:00:48.639	4846.6	3318.8	Sprite	Assets/Assets/xenonauts/texture/strategy/ui/paperdoll/armour/combat^default^armour.png	generated_texture_strategy_1	xenonauts	-
L	894	2026-10-05 18:00:45.315	4809.6	31.7	Template	Assets/Assets/xenonauts/template/common/tooltips/concepts/ac_weight.json	generated_template_common	xenonauts	-
L	895	2026-10-05 18:00:45.315	4809.7	31.6	Template	Assets/Assets/xenonauts/template/common/tooltips/concepts/ac_turn_rate.json	generated_template_common	xenonauts	-
L	903	2026-10-05 18:00:45.316	4810.5	31.8	Template	Assets/Assets/xenonauts/template/common/tooltips/concepts/ac_fuel.json	generated_template_common	xenonauts	-
L	928	2026-10-05 18:00:45.319	4813.1	32.2	Template	Assets/Assets/xenonauts/template/common/tooltips/buttons/strategy_aircraft_tail_over_land.json	generated_template_common	xenonauts	-
L	946	2026-10-05 18:00:45.321	4814.9	32.4	Template	Assets/Assets/xenonauts/template/common/tooltips/buttons/soldierequip_launchdropship.json	generated_template_common	xenonauts	-
L	947	2026-10-05 18:00:45.321	4815.0	32.3	Template	Assets/Assets/xenonauts/template/common/tooltips/buttons/soldierequip_equipsoldiers.json	generated_template_common	xenonauts	-
L	955	2026-10-05 18:00:45.322	4815.8	32.5	Template	Assets/Assets/xenonauts/template/common/tooltips/buttons/science_at_base.json	generated_template_common	xenonauts	-
L	964	2026-10-05 18:00:45.323	4816.7	32.6	Template	Assets/Assets/xenonauts/template/common/tooltips/buttons/gs_speed_2.json	generated_template_common	xenonauts	-
L	972	2026-10-05 18:00:45.324	4817.5	32.8	Template	Assets/Assets/xenonauts/template/common/tooltips/buttons/gc_visible_enemy.json	generated_template_common	xenonauts	-
L	994	2026-10-05 18:00:45.346	4826.3	46.0	Template	Assets/Assets/xenonauts/template/common/tooltips/buttons/engineering_header_unitcost.json	generated_template_common	xenonauts	-
L	995	2026-10-05 18:00:45.346	4826.5	45.8	Template	Assets/Assets/xenonauts/template/common/tooltips/buttons/engineering_header_totaltime.json	generated_template_common	xenonauts	-
L	1004	2026-10-05 18:00:45.347	4827.3	46.0	Template	Assets/Assets/xenonauts/template/common/tooltips/buttons/base_structure_effect.json	generated_template_common	xenonauts	-
L	1039	2026-10-05 18:00:45.350	4834.5	41.8	GameObject	Assets/Assets/xenonauts/prefab/common/ui/tooltip/item/weapon/tooltip_ufo_weapon_noammo.prefab	generated_prefab_common	xenonauts	-
L	1040	2026-10-05 18:00:45.350	4834.5	41.8	GameObject	Assets/Assets/xenonauts/prefab/common/ui/tooltip/item/weapon/tooltip_ufo_weapon_missile.prefab	generated_prefab_common	xenonauts	-
L	1041	2026-10-05 18:00:45.350	4834.7	41.6	GameObject	Assets/Assets/xenonauts/prefab/common/ui/tooltip/item/weapon/tooltip_shield.prefab	generated_prefab_common	xenonauts	-
L	1042	2026-10-05 18:00:45.350	4834.7	41.6	GameObject	Assets/Assets/xenonauts/prefab/common/ui/tooltip/item/weapon/tooltip_none.prefab	generated_prefab_common	xenonauts	-
L	1043	2026-10-05 18:00:45.350	4834.9	41.4	GameObject	Assets/Assets/xenonauts/prefab/common/ui/tooltip/item/weapon/tooltip_medpack.prefab	generated_prefab_common	xenonauts	-
L	1044	2026-10-05 18:00:45.350	4834.9	41.4	GameObject	Assets/Assets/xenonauts/prefab/common/ui/tooltip/item/weapon/tooltip_jetpack.prefab	generated_prefab_common	xenonauts	-
L	1057	2026-10-05 18:00:45.356	4837.5	44.8	GameObject	Assets/Assets/xenonauts/prefab/common/ui/tooltip/item/weapon/tooltip_aircraft_weapon.prefab	generated_prefab_common	xenonauts	-
L	1058	2026-10-05 18:00:45.356	4837.5	44.8	GameObject	Assets/Assets/xenonauts/prefab/common/ui/tooltip/item/weapon/tooltip_aircraft_reactor.prefab	generated_prefab_common	xenonauts	-
L	1059	2026-10-05 18:00:45.356	4837.7	44.6	GameObject	Assets/Assets/xenonauts/prefab/common/ui/tooltip/item/weapon/tooltip_aircraft_armour.prefab	generated_prefab_common	xenonauts	-
L	1060	2026-10-05 18:00:45.356	4837.7	44.6	GameObject	Assets/Assets/xenonauts/prefab/common/ui/tooltip/concept/tooltip_doomsday_counter.prefab	generated_prefab_common	xenonauts	-
L	1061	2026-10-05 18:00:45.356	4837.9	44.4	GameObject	Assets/Assets/xenonauts/prefab/common/ui/tooltip/concept/tooltip_concept.prefab	generated_prefab_common	xenonauts	-
L	1091	2026-10-05 18:00:47.171	4841.8	1855.5	Sprite	Assets/Assets/xenonauts/texture/strategy/ui/paperdoll/armour/stealthsuit_extra_armour^female^bodysuit.png	generated_texture_strategy_1	xenonauts	-
L	1108	2026-10-05 18:00:47.456	4843.8	2138.5	Sprite	Assets/Assets/xenonauts/texture/strategy/ui/paperdoll/armour/modules/guardian_jetpack^default^jetpack_straps.png	generated_texture_strategy_1	xenonauts	-
L	1109	2026-10-05 18:00:47.456	4844.0	2138.3	Sprite	Assets/Assets/xenonauts/texture/strategy/ui/paperdoll/armour/modules/guardian_jetpack^default^jetpack_back.png	generated_texture_strategy_1	xenonauts	-
L	1111	2026-10-05 18:00:47.456	4844.3	2138.0	Sprite	Assets/Assets/xenonauts/texture/strategy/ui/paperdoll/armour/modules/guardian_extra_armour_jetpack^default^jetpack_straps.png	generated_texture_strategy_1	xenonauts	-
L	1112	2026-10-05 18:00:47.456	4844.3	2138.0	Sprite	Assets/Assets/xenonauts/texture/strategy/ui/paperdoll/armour/modules/exosuit_sentinel_helmet^default^visor.png	generated_texture_strategy_1	xenonauts	-
L	845	2026-10-05 18:00:45.308	4790.6	43.6	Template	Assets/Assets/xenonauts/template/common/tooltips/concepts/inventory_slot.json	generated_template_common	xenonauts	-
L	863	2026-10-05 18:00:45.311	4806.1	31.1	Template	Assets/Assets/xenonauts/template/common/tooltips/concepts/experience_progress_points.json	generated_template_common	xenonauts	-
L	870	2026-10-05 18:00:45.312	4807.5	30.7	Template	Assets/Assets/xenonauts/template/common/tooltips/concepts/emp_damage.json	generated_template_common	xenonauts	-
L	871	2026-10-05 18:00:45.312	4807.5	30.7	Template	Assets/Assets/xenonauts/template/common/tooltips/concepts/destruction_modifier.json	generated_template_common	xenonauts	-
L	902	2026-10-05 18:00:45.316	4810.4	31.8	Template	Assets/Assets/xenonauts/template/common/tooltips/concepts/ac_hardpoints.json	generated_template_common	xenonauts	-
L	910	2026-10-05 18:00:45.317	4811.3	31.9	Template	Assets/Assets/xenonauts/template/common/tooltips/concepts/ac_armour_penetration.json	generated_template_common	xenonauts	-
L	911	2026-10-05 18:00:45.317	4811.3	31.9	Template	Assets/Assets/xenonauts/template/common/tooltips/concepts/ac_armour_destruction.json	generated_template_common	xenonauts	-
L	918	2026-10-05 18:00:45.318	4812.1	32.1	Template	Assets/Assets/xenonauts/template/common/tooltips/buttons/topbar_nav_geoscape.json	generated_template_common	xenonauts	-
L	919	2026-10-05 18:00:45.318	4812.1	32.1	Template	Assets/Assets/xenonauts/template/common/tooltips/buttons/topbar_nav_engineering.json	generated_template_common	xenonauts	-
L	936	2026-10-05 18:00:45.320	4813.9	32.3	Template	Assets/Assets/xenonauts/template/common/tooltips/buttons/strategy_aircraft_autoresolve.json	generated_template_common	xenonauts	-
L	937	2026-10-05 18:00:45.320	4814.0	32.2	Template	Assets/Assets/xenonauts/template/common/tooltips/buttons/stores_sell_junk.json	generated_template_common	xenonauts	-
L	962	2026-10-05 18:00:45.323	4816.6	32.6	Template	Assets/Assets/xenonauts/template/common/tooltips/buttons/gs_speed_4.json	generated_template_common	xenonauts	-
L	963	2026-10-05 18:00:45.323	4816.6	32.6	Template	Assets/Assets/xenonauts/template/common/tooltips/buttons/gs_speed_3.json	generated_template_common	xenonauts	-
L	971	2026-10-05 18:00:45.324	4817.4	32.8	Template	Assets/Assets/xenonauts/template/common/tooltips/buttons/gs_airstrike_crashsite.json	generated_template_common	xenonauts	-
L	981	2026-10-05 18:00:45.325	4818.4	32.8	Template	Assets/Assets/xenonauts/template/common/tooltips/buttons/gc_debrief_promoted.json	generated_template_common	xenonauts	-
L	1012	2026-10-05 18:00:45.348	4828.1	46.1	Template	Assets/Assets/xenonauts/template/common/tooltips/buttons/aircraft_relocate.json	generated_template_common	xenonauts	-
L	1013	2026-10-05 18:00:45.348	4828.3	45.9	Template	Assets/Assets/xenonauts/template/common/tooltips/buttons/aircraft_decomission.json	generated_template_common	xenonauts	-
L	1032	2026-10-05 18:00:45.350	4833.4	42.8	GameObject	Assets/Assets/xenonauts/prefab/common/ui/tooltip/tooltip_placeholder.prefab	generated_prefab_common	xenonauts	-
L	1033	2026-10-05 18:00:45.350	4833.6	42.6	GameObject	Assets/Assets/xenonauts/prefab/common/ui/tooltip/signpost/tooltip_signpost.prefab	generated_prefab_common	xenonauts	-
L	1034	2026-10-05 18:00:45.350	4833.6	42.6	GameObject	Assets/Assets/xenonauts/prefab/common/ui/tooltip/item/weapon/tooltip_weapon_passive.prefab	generated_prefab_common	xenonauts	-
L	1035	2026-10-05 18:00:45.350	4833.9	42.3	GameObject	Assets/Assets/xenonauts/prefab/common/ui/tooltip/item/weapon/tooltip_weapon_default.prefab	generated_prefab_common	xenonauts	-
L	1036	2026-10-05 18:00:45.350	4833.9	42.3	GameObject	Assets/Assets/xenonauts/prefab/common/ui/tooltip/item/weapon/tooltip_weapon_abilities.prefab	generated_prefab_common	xenonauts	-
L	1037	2026-10-05 18:00:45.350	4834.2	42.0	GameObject	Assets/Assets/xenonauts/prefab/common/ui/tooltip/item/weapon/tooltip_vehicle_heavyarmour.prefab	generated_prefab_common	xenonauts	-
L	1038	2026-10-05 18:00:45.350	4834.2	42.0	GameObject	Assets/Assets/xenonauts/prefab/common/ui/tooltip/item/weapon/tooltip_undersuit.prefab	generated_prefab_common	xenonauts	-
L	1053	2026-10-05 18:00:45.356	4837.1	45.1	GameObject	Assets/Assets/xenonauts/prefab/common/ui/tooltip/item/weapon/tooltip_ammo_modifier.prefab	generated_prefab_common	xenonauts	-
L	1054	2026-10-05 18:00:45.356	4837.1	45.1	GameObject	Assets/Assets/xenonauts/prefab/common/ui/tooltip/item/weapon/tooltip_ammo_explosive.prefab	generated_prefab_common	xenonauts	-
L	1055	2026-10-05 18:00:45.356	4837.3	44.9	GameObject	Assets/Assets/xenonauts/prefab/common/ui/tooltip/item/weapon/tooltip_ammo.prefab	generated_prefab_common	xenonauts	-
L	1056	2026-10-05 18:00:45.356	4837.3	44.9	GameObject	Assets/Assets/xenonauts/prefab/common/ui/tooltip/item/weapon/tooltip_aircraft_weapon_missile.prefab	generated_prefab_common	xenonauts	-
L	1069	2026-10-05 18:00:45.431	4838.9	118.3	Sprite	Assets/Assets/xenonauts/texture/strategy/ui/paperdoll/armour/wolf^default^armour.png	generated_texture_strategy_1	xenonauts	-
L	1073	2026-10-05 18:00:45.753	4839.3	439.9	Sprite	Assets/Assets/xenonauts/texture/strategy/ui/paperdoll/armour/warden_extra_armour^default^armour.png	generated_texture_strategy_1	xenonauts	-
L	1083	2026-10-05 18:00:46.487	4840.6	1172.6	Sprite	Assets/Assets/xenonauts/texture/strategy/ui/paperdoll/armour/tactical_extra_armour^default^helmet.png	generated_texture_strategy_1	xenonauts	-
L	844	2026-10-05 18:00:45.308	4790.5	43.6	Template	Assets/Assets/xenonauts/template/common/tooltips/concepts/ironman.json	generated_template_common	xenonauts	-
L	878	2026-10-05 18:00:45.313	4808.1	31.0	Template	Assets/Assets/xenonauts/template/common/tooltips/concepts/damage_randomisation.json	generated_template_common	xenonauts	-
L	879	2026-10-05 18:00:45.313	4808.1	31.0	Template	Assets/Assets/xenonauts/template/common/tooltips/concepts/damage_modifier.json	generated_template_common	xenonauts	-
L	886	2026-10-05 18:00:45.314	4808.9	31.2	Template	Assets/Assets/xenonauts/template/common/tooltips/concepts/blast_radius.json	generated_template_common	xenonauts	-
L	887	2026-10-05 18:00:45.314	4808.9	31.2	Template	Assets/Assets/xenonauts/template/common/tooltips/concepts/base_defence_strength.json	generated_template_common	xenonauts	-
L	927	2026-10-05 18:00:45.319	4813.0	32.1	Template	Assets/Assets/xenonauts/template/common/tooltips/buttons/strategy_aircraft_tail_ufo.json	generated_template_common	xenonauts	-
L	944	2026-10-05 18:00:45.321	4814.7	32.4	Template	Assets/Assets/xenonauts/template/common/tooltips/buttons/soldierequip_loadout_edit.json	generated_template_common	xenonauts	-
L	945	2026-10-05 18:00:45.321	4814.8	32.3	Template	Assets/Assets/xenonauts/template/common/tooltips/buttons/soldierequip_loadout_delete.json	generated_template_common	xenonauts	-
L	952	2026-10-05 18:00:45.322	4815.5	32.6	Template	Assets/Assets/xenonauts/template/common/tooltips/buttons/science_hire.json	generated_template_common	xenonauts	-
L	953	2026-10-05 18:00:45.322	4815.6	32.5	Template	Assets/Assets/xenonauts/template/common/tooltips/buttons/science_cancel_project.json	generated_template_common	xenonauts	-
L	970	2026-10-05 18:00:45.324	4817.3	32.8	Template	Assets/Assets/xenonauts/template/common/tooltips/buttons/gs_cleaner_base.json	generated_template_common	xenonauts	-
L	980	2026-10-05 18:00:45.325	4818.3	32.8	Template	Assets/Assets/xenonauts/template/common/tooltips/buttons/gc_endturn.json	generated_template_common	xenonauts	-
L	993	2026-10-05 18:00:45.346	4826.3	45.8	Template	Assets/Assets/xenonauts/template/common/tooltips/buttons/engineering_header_unittime.json	generated_template_common	xenonauts	-
L	1002	2026-10-05 18:00:45.347	4827.1	46.0	Template	Assets/Assets/xenonauts/template/common/tooltips/buttons/base_structure_rotate.json	generated_template_common	xenonauts	-
L	1003	2026-10-05 18:00:45.347	4827.3	45.8	Template	Assets/Assets/xenonauts/template/common/tooltips/buttons/base_structure_power.json	generated_template_common	xenonauts	-
L	1020	2026-10-05 18:00:45.349	4828.9	46.2	Template	Assets/Assets/xenonauts/template/common/tooltips/buttons/ac_speed_2.json	generated_template_common	xenonauts	-
L	1021	2026-10-05 18:00:45.349	4829.1	46.0	Template	Assets/Assets/xenonauts/template/common/tooltips/buttons/ac_speed_1.json	generated_template_common	xenonauts	-
L	1031	2026-10-05 18:00:45.350	4833.4	42.7	GameObject	Assets/Assets/xenonauts/prefab/common/ui/tooltip/tooltip_static_text.prefab	generated_prefab_common	xenonauts	-
L	1077	2026-10-05 18:00:46.070	4839.8	756.3	Sprite	Assets/Assets/xenonauts/texture/strategy/ui/paperdoll/armour/vehicle_lmg^weapon.png	generated_texture_strategy_1	xenonauts	-
L	1085	2026-10-05 18:00:46.654	4840.8	1339.3	Sprite	Assets/Assets/xenonauts/texture/strategy/ui/paperdoll/armour/tactical_extra_armour^default^armour.png	generated_texture_strategy_1	xenonauts	-
L	836	2026-10-05 18:00:45.307	4790.0	43.0	Template	Assets/Assets/xenonauts/template/common/tooltips/concepts/morale_fleeing.json	generated_template_common	xenonauts	-
L	852	2026-10-05 18:00:45.310	4791.7	44.3	Template	Assets/Assets/xenonauts/template/common/tooltips/concepts/health_strategy.json	generated_template_common	xenonauts	-
L	853	2026-10-05 18:00:45.310	4791.7	44.3	Template	Assets/Assets/xenonauts/template/common/tooltips/concepts/health.json	generated_template_common	xenonauts	-
L	892	2026-10-05 18:00:45.315	4809.4	31.6	Template	Assets/Assets/xenonauts/template/common/tooltips/concepts/accuracy_strategy.json	generated_template_common	xenonauts	-
L	893	2026-10-05 18:00:45.315	4809.4	31.6	Template	Assets/Assets/xenonauts/template/common/tooltips/concepts/accuracy.json	generated_template_common	xenonauts	-
L	900	2026-10-05 18:00:45.316	4810.2	31.8	Template	Assets/Assets/xenonauts/template/common/tooltips/concepts/ac_lock_time.json	generated_template_common	xenonauts	-
L	901	2026-10-05 18:00:45.316	4810.3	31.7	Template	Assets/Assets/xenonauts/template/common/tooltips/concepts/ac_health.json	generated_template_common	xenonauts	-
L	908	2026-10-05 18:00:45.317	4811.1	31.9	Template	Assets/Assets/xenonauts/template/common/tooltips/concepts/ac_capacity_mechanical.json	generated_template_common	xenonauts	-
L	916	2026-10-05 18:00:45.318	4811.9	32.1	Template	Assets/Assets/xenonauts/template/common/tooltips/buttons/topbar_nav_soldierequip.json	generated_template_common	xenonauts	-
L	926	2026-10-05 18:00:45.319	4812.9	32.1	Template	Assets/Assets/xenonauts/template/common/tooltips/buttons/topbar_buildbase.json	generated_template_common	xenonauts	-
L	934	2026-10-05 18:00:45.320	4813.7	32.3	Template	Assets/Assets/xenonauts/template/common/tooltips/buttons/strategy_aircraft_engage_tailed_ufo.json	generated_template_common	xenonauts	-
L	935	2026-10-05 18:00:45.320	4813.8	32.2	Template	Assets/Assets/xenonauts/template/common/tooltips/buttons/strategy_aircraft_commence.json	generated_template_common	xenonauts	-
L	960	2026-10-05 18:00:45.323	4816.4	32.6	Template	Assets/Assets/xenonauts/template/common/tooltips/buttons/gs_supporter_recruit.json	generated_template_common	xenonauts	-
L	961	2026-10-05 18:00:45.323	4816.4	32.6	Template	Assets/Assets/xenonauts/template/common/tooltips/buttons/gs_supporter_eliminate.json	generated_template_common	xenonauts	-
L	979	2026-10-05 18:00:45.325	4818.2	32.8	Template	Assets/Assets/xenonauts/template/common/tooltips/buttons/gc_focusmind.json	generated_template_common	xenonauts	-
L	992	2026-10-05 18:00:45.346	4826.1	45.9	Template	Assets/Assets/xenonauts/template/common/tooltips/buttons/engineering_hire.json	generated_template_common	xenonauts	-
L	1010	2026-10-05 18:00:45.348	4827.9	46.1	Template	Assets/Assets/xenonauts/template/common/tooltips/buttons/armory_equip.json	generated_template_common	xenonauts	-
L	1011	2026-10-05 18:00:45.348	4828.1	45.9	Template	Assets/Assets/xenonauts/template/common/tooltips/buttons/aircraft_rush_replace.json	generated_template_common	xenonauts	-
L	1029	2026-10-05 18:00:45.350	4833.2	42.8	GameObject	Assets/Assets/xenonauts/prefab/common/ui/tooltip/tutorial/tooltip_tutorial_proceed.prefab	generated_prefab_common	xenonauts	-
L	1030	2026-10-05 18:00:45.350	4833.2	42.8	GameObject	Assets/Assets/xenonauts/prefab/common/ui/tooltip/tutorial/tooltip_tutorial.prefab	generated_prefab_common	xenonauts	-
L	786	2026-10-05 18:00:45.292	4761.9	56.0	Template	Assets/Assets/xenonauts/template/common/tooltips/features/alien_cyberdrone_acousticsensors.json	generated_template_common	xenonauts	-
L	798	2026-10-05 18:00:45.300	4777.8	48.1	Template	Assets/Assets/xenonauts/template/common/tooltips/concepts/training_efficiency.json	generated_template_common	xenonauts	-
L	799	2026-10-05 18:00:45.300	4777.9	48.0	Template	Assets/Assets/xenonauts/template/common/tooltips/concepts/training_capacity.json	generated_template_common	xenonauts	-
L	809	2026-10-05 18:00:45.301	4778.6	48.3	Template	Assets/Assets/xenonauts/template/common/tooltips/concepts/stopping_chance.json	generated_template_common	xenonauts	-
L	818	2026-10-05 18:00:45.302	4779.1	48.8	Template	Assets/Assets/xenonauts/template/common/tooltips/concepts/research_capacity.json	generated_template_common	xenonauts	-
L	819	2026-10-05 18:00:45.302	4779.2	48.7	Template	Assets/Assets/xenonauts/template/common/tooltips/concepts/reflexes_strategy.json	generated_template_common	xenonauts	-
L	842	2026-10-05 18:00:45.308	4790.4	43.5	Template	Assets/Assets/xenonauts/template/common/tooltips/concepts/living_capacity.json	generated_template_common	xenonauts	-
L	843	2026-10-05 18:00:45.308	4790.4	43.5	Template	Assets/Assets/xenonauts/template/common/tooltips/concepts/jetpack.json	generated_template_common	xenonauts	-
L	860	2026-10-05 18:00:45.311	4792.5	44.4	Template	Assets/Assets/xenonauts/template/common/tooltips/concepts/funds.json	generated_template_common	xenonauts	-
L	861	2026-10-05 18:00:45.311	4792.5	44.4	Template	Assets/Assets/xenonauts/template/common/tooltips/concepts/extended_mode.json	generated_template_common	xenonauts	-
L	868	2026-10-05 18:00:45.312	4807.2	30.7	Template	Assets/Assets/xenonauts/template/common/tooltips/concepts/engineering_speed.json	generated_template_common	xenonauts	-
L	869	2026-10-05 18:00:45.312	4807.3	30.6	Template	Assets/Assets/xenonauts/template/common/tooltips/concepts/engineering_capacity.json	generated_template_common	xenonauts	-
L	909	2026-10-05 18:00:45.317	4811.1	31.8	Template	Assets/Assets/xenonauts/template/common/tooltips/concepts/ac_capacity.json	generated_template_common	xenonauts	-
L	917	2026-10-05 18:00:45.318	4811.9	32.0	Template	Assets/Assets/xenonauts/template/common/tooltips/buttons/topbar_nav_research.json	generated_template_common	xenonauts	-
L	925	2026-10-05 18:00:45.319	4812.8	32.1	Template	Assets/Assets/xenonauts/template/common/tooltips/buttons/topbar_fundingreport.json	generated_template_common	xenonauts	-
L	943	2026-10-05 18:00:45.321	4814.6	32.3	Template	Assets/Assets/xenonauts/template/common/tooltips/buttons/soldierequip_loadout_planned.json	generated_template_common	xenonauts	-
L	969	2026-10-05 18:00:45.324	4817.2	32.7	Template	Assets/Assets/xenonauts/template/common/tooltips/buttons/gs_delegation_cost.json	generated_template_common	xenonauts	-
L	978	2026-10-05 18:00:45.325	4818.1	32.8	Template	Assets/Assets/xenonauts/template/common/tooltips/buttons/gc_inventory_reset.json	generated_template_common	xenonauts	-
L	986	2026-10-05 18:00:45.326	4819.0	32.9	Template	Assets/Assets/xenonauts/template/common/tooltips/buttons/gc_ammo_level.json	generated_template_common	xenonauts	-
L	1000	2026-10-05 18:00:45.347	4826.9	46.0	Template	Assets/Assets/xenonauts/template/common/tooltips/buttons/deploy_agent.json	generated_template_common	xenonauts	-
L	1001	2026-10-05 18:00:45.347	4827.1	45.8	Template	Assets/Assets/xenonauts/template/common/tooltips/buttons/crouch.json	generated_template_common	xenonauts	-
L	1018	2026-10-05 18:00:45.349	4828.7	46.2	Template	Assets/Assets/xenonauts/template/common/tooltips/buttons/ac_speed_pause.json	generated_template_common	xenonauts	-
L	1019	2026-10-05 18:00:45.349	4828.9	46.0	Template	Assets/Assets/xenonauts/template/common/tooltips/buttons/ac_speed_3.json	generated_template_common	xenonauts	-
L	1028	2026-10-05 18:00:45.350	4832.9	43.0	Template	Assets/Assets/xenonauts/template/common/tooltips/buttons/ac_afterburner.json	generated_template_common	xenonauts	-
L	755	2026-10-05 18:00:45.289	4759.7	55.1	Template	Assets/Assets/xenonauts/template/common/tooltips/features/vehicle_ares_jetpack.json	generated_template_common	xenonauts	-
L	765	2026-10-05 18:00:45.290	4760.4	55.4	Template	Assets/Assets/xenonauts/template/common/tooltips/features/armour_tactical_unlimited.json	generated_template_common	xenonauts	-
L	766	2026-10-05 18:00:45.290	4760.5	55.3	Template	Assets/Assets/xenonauts/template/common/tooltips/features/armour_suppressionimmune.json	generated_template_common	xenonauts	-
L	775	2026-10-05 18:00:45.291	4761.1	55.7	Template	Assets/Assets/xenonauts/template/common/tooltips/features/alien_sebillian_scaledskin.json	generated_template_common	xenonauts	-
L	776	2026-10-05 18:00:45.291	4761.2	55.6	Template	Assets/Assets/xenonauts/template/common/tooltips/features/alien_sebillian_regeneration.json	generated_template_common	xenonauts	-
L	808	2026-10-05 18:00:45.301	4778.4	48.4	Template	Assets/Assets/xenonauts/template/common/tooltips/concepts/storage_capacity.json	generated_template_common	xenonauts	-
L	834	2026-10-05 18:00:45.307	4789.9	42.9	Template	Assets/Assets/xenonauts/template/common/tooltips/concepts/morale_panic.json	generated_template_common	xenonauts	-
L	835	2026-10-05 18:00:45.307	4790.0	42.8	Template	Assets/Assets/xenonauts/template/common/tooltips/concepts/morale_officer_leadership.json	generated_template_common	xenonauts	-
L	867	2026-10-05 18:00:45.312	4807.1	30.7	Template	Assets/Assets/xenonauts/template/common/tooltips/concepts/engineers.json	generated_template_common	xenonauts	-
L	876	2026-10-05 18:00:45.313	4807.9	30.9	Template	Assets/Assets/xenonauts/template/common/tooltips/concepts/damage_type_energy.json	generated_template_common	xenonauts	-
L	877	2026-10-05 18:00:45.313	4808.1	30.7	Template	Assets/Assets/xenonauts/template/common/tooltips/concepts/damage_type.json	generated_template_common	xenonauts	-
L	884	2026-10-05 18:00:45.314	4808.7	31.1	Template	Assets/Assets/xenonauts/template/common/tooltips/concepts/bravery.json	generated_template_common	xenonauts	-
L	885	2026-10-05 18:00:45.314	4808.7	31.1	Template	Assets/Assets/xenonauts/template/common/tooltips/concepts/bleeding_wounds.json	generated_template_common	xenonauts	-
L	890	2026-10-05 18:00:45.315	4809.3	31.5	Template	Assets/Assets/xenonauts/template/common/tooltips/concepts/armour_destruction.json	generated_template_common	xenonauts	-
L	891	2026-10-05 18:00:45.315	4809.3	31.5	Template	Assets/Assets/xenonauts/template/common/tooltips/concepts/armour.json	generated_template_common	xenonauts	-
L	898	2026-10-05 18:00:45.316	4810.0	31.8	Template	Assets/Assets/xenonauts/template/common/tooltips/concepts/ac_projectile_turn.json	generated_template_common	xenonauts	-
L	924	2026-10-05 18:00:45.319	4812.7	32.1	Template	Assets/Assets/xenonauts/template/common/tooltips/buttons/topbar_launchaircraft.json	generated_template_common	xenonauts	-
L	933	2026-10-05 18:00:45.320	4813.6	32.2	Template	Assets/Assets/xenonauts/template/common/tooltips/buttons/strategy_aircraft_intercepted_autoresolve.json	generated_template_common	xenonauts	-
L	942	2026-10-05 18:00:45.321	4814.5	32.3	Template	Assets/Assets/xenonauts/template/common/tooltips/buttons/soldierequip_selectsoldiers.json	generated_template_common	xenonauts	-
L	950	2026-10-05 18:00:45.322	4815.4	32.4	Template	Assets/Assets/xenonauts/template/common/tooltips/buttons/science_wage_costs.json	generated_template_common	xenonauts	-
L	951	2026-10-05 18:00:45.322	4815.4	32.4	Template	Assets/Assets/xenonauts/template/common/tooltips/buttons/science_in_transit.json	generated_template_common	xenonauts	-
L	968	2026-10-05 18:00:45.324	4817.1	32.7	Template	Assets/Assets/xenonauts/template/common/tooltips/buttons/gs_endgame.json	generated_template_common	xenonauts	-
L	987	2026-10-05 18:00:45.326	4819.0	32.8	Template	Assets/Assets/xenonauts/template/common/tooltips/buttons/gc_abortmission.json	generated_template_common	xenonauts	-
L	990	2026-10-05 18:00:45.346	4825.9	45.9	Template	Assets/Assets/xenonauts/template/common/tooltips/buttons/engineering_wage_costs.json	generated_template_common	xenonauts	-
L	991	2026-10-05 18:00:45.346	4826.1	45.7	Template	Assets/Assets/xenonauts/template/common/tooltips/buttons/engineering_in_transit.json	generated_template_common	xenonauts	-
L	572	2026-10-05 18:00:45.235	4665.3	95.4	MapMeta	Assets/Assets/xenonauts/map/groundcombat/meta/authored/release/ambush/polar/ambush_polar_1_meta.json	generated_map_groundcombat	xenonauts	-
L	637	2026-10-05 18:00:45.264	4719.6	70.1	List`1	Assets/Assets/xenonauts/text/common/lists/campaign_names/campaign_second_name^de-de.json	generated_text_common	xenonauts	-
L	638	2026-10-05 18:00:45.264	4719.6	70.1	List`1	Assets/Assets/xenonauts/text/common/lists/campaign_names/campaign_first_name^zh-tw.json	generated_text_common	xenonauts	-
L	669	2026-10-05 18:00:45.281	4748.3	58.4	Template	Assets/Assets/xenonauts/template/common/tooltips/settings/setting_maxframerate.json	generated_template_common	xenonauts	-
L	670	2026-10-05 18:00:45.281	4748.3	58.4	Template	Assets/Assets/xenonauts/template/common/tooltips/settings/setting_graphics_quality.json	generated_template_common	xenonauts	-
L	681	2026-10-05 18:00:45.282	4750.3	57.4	Template	Assets/Assets/xenonauts/template/common/tooltips/settings/setting_camerashake.json	generated_template_common	xenonauts	-
L	682	2026-10-05 18:00:45.282	4750.3	57.4	Template	Assets/Assets/xenonauts/template/common/tooltips/settings/setting_camerarotationincrement.json	generated_template_common	xenonauts	-
L	691	2026-10-05 18:00:45.283	4750.8	57.9	Template	Assets/Assets/xenonauts/template/common/tooltips/settings/setting_achievement_difficulty.json	generated_template_common	xenonauts	-
L	713	2026-10-05 18:00:45.285	4756.7	54.0	Template	Assets/Assets/xenonauts/template/common/tooltips/medals/medal_citation_bravery.json	generated_template_common	xenonauts	-
L	723	2026-10-05 18:00:45.286	4757.4	54.3	Template	Assets/Assets/xenonauts/template/common/tooltips/main_menu/button_loadgame.json	generated_template_common	xenonauts	-
L	724	2026-10-05 18:00:45.286	4757.5	54.2	Template	Assets/Assets/xenonauts/template/common/tooltips/main_menu/button_forums.json	generated_template_common	xenonauts	-
L	733	2026-10-05 18:00:45.287	4758.2	54.5	Template	Assets/Assets/xenonauts/template/common/tooltips/load_game/game_screen.json	generated_template_common	xenonauts	-
L	734	2026-10-05 18:00:45.287	4758.3	54.4	Template	Assets/Assets/xenonauts/template/common/tooltips/load_game/game_reset_seed.json	generated_template_common	xenonauts	-
L	744	2026-10-05 18:00:45.288	4759.0	54.7	Template	Assets/Assets/xenonauts/template/common/tooltips/load_game/button_close.json	generated_template_common	xenonauts	-
L	764	2026-10-05 18:00:45.290	4760.4	55.3	Template	Assets/Assets/xenonauts/template/common/tooltips/features/crushing.json	generated_template_common	xenonauts	-
L	785	2026-10-05 18:00:45.292	4761.7	56.0	Template	Assets/Assets/xenonauts/template/common/tooltips/features/alien_cyberdrone_shield.json	generated_template_common	xenonauts	-
L	788	2026-10-05 18:00:45.299	4777.0	47.7	Template	Assets/Assets/xenonauts/template/common/tooltips/features/alien_bodysize_tiny.json	generated_template_common	xenonauts	-
L	789	2026-10-05 18:00:45.299	4777.2	47.5	Template	Assets/Assets/xenonauts/template/common/tooltips/features/alien_bodysize_small.json	generated_template_common	xenonauts	-
L	806	2026-10-05 18:00:45.301	4778.3	48.4	Template	Assets/Assets/xenonauts/template/common/tooltips/concepts/strength_strategy.json	generated_template_common	xenonauts	-
L	807	2026-10-05 18:00:45.301	4778.4	48.3	Template	Assets/Assets/xenonauts/template/common/tooltips/concepts/strength.json	generated_template_common	xenonauts	-
L	816	2026-10-05 18:00:45.302	4779.0	48.7	Template	Assets/Assets/xenonauts/template/common/tooltips/concepts/research_speed_bonus.json	generated_template_common	xenonauts	-
L	817	2026-10-05 18:00:45.302	4779.1	48.6	Template	Assets/Assets/xenonauts/template/common/tooltips/concepts/research_speed.json	generated_template_common	xenonauts	-
L	827	2026-10-05 18:00:45.303	4789.5	39.2	Template	Assets/Assets/xenonauts/template/common/tooltips/concepts/power_capacity.json	generated_template_common	xenonauts	-
L	840	2026-10-05 18:00:45.308	4790.3	43.4	Template	Assets/Assets/xenonauts/template/common/tooltips/concepts/modified_max_hp.json	generated_template_common	xenonauts	-
L	841	2026-10-05 18:00:45.308	4790.3	43.4	Template	Assets/Assets/xenonauts/template/common/tooltips/concepts/mind_control.json	generated_template_common	xenonauts	-
L	851	2026-10-05 18:00:45.310	4791.5	44.2	Template	Assets/Assets/xenonauts/template/common/tooltips/concepts/hit_chance.json	generated_template_common	xenonauts	-
L	858	2026-10-05 18:00:45.311	4792.3	44.4	Template	Assets/Assets/xenonauts/template/common/tooltips/concepts/gs_supporters.json	generated_template_common	xenonauts	-
L	859	2026-10-05 18:00:45.311	4792.3	44.4	Template	Assets/Assets/xenonauts/template/common/tooltips/concepts/gibbing.json	generated_template_common	xenonauts	-
L	866	2026-10-05 18:00:45.312	4807.0	30.7	Template	Assets/Assets/xenonauts/template/common/tooltips/concepts/eta.json	generated_template_common	xenonauts	-
L	899	2026-10-05 18:00:45.316	4810.0	31.7	Template	Assets/Assets/xenonauts/template/common/tooltips/concepts/ac_projectile_speed.json	generated_template_common	xenonauts	-
L	906	2026-10-05 18:00:45.317	4810.9	31.8	Template	Assets/Assets/xenonauts/template/common/tooltips/concepts/ac_evasive_roll_permitted.json	generated_template_common	xenonauts	-
L	907	2026-10-05 18:00:45.317	4810.9	31.8	Template	Assets/Assets/xenonauts/template/common/tooltips/concepts/ac_damage.json	generated_template_common	xenonauts	-
L	914	2026-10-05 18:00:45.318	4811.7	32.0	Template	Assets/Assets/xenonauts/template/common/tooltips/buttons/topbar_nav_xenopedia.json	generated_template_common	xenonauts	-
L	915	2026-10-05 18:00:45.318	4811.7	32.0	Template	Assets/Assets/xenonauts/template/common/tooltips/buttons/topbar_nav_soldiers.json	generated_template_common	xenonauts	-
L	932	2026-10-05 18:00:45.320	4813.5	32.2	Template	Assets/Assets/xenonauts/template/common/tooltips/buttons/strategy_aircraft_intercepted_commence.json	generated_template_common	xenonauts	-
L	420	2026-10-05 18:00:45.191	4294.8	421.8	MapMeta	Assets/Assets/xenonauts/map/groundcombat/meta/authored/release/raid/tropical/tropical_raid_industrial_3_meta.json	generated_map_groundcombat	xenonauts	-
L	427	2026-10-05 18:00:45.193	4354.4	364.2	MapMeta	Assets/Assets/xenonauts/map/groundcombat/meta/authored/release/raid/polar/polar_raid_outpost_1_meta.json	generated_map_groundcombat	xenonauts	-
L	513	2026-10-05 18:00:45.231	4549.5	207.1	MapMeta	Assets/Assets/xenonauts/map/groundcombat/meta/authored/release/crashsite/dockyard/dockyard_small_docks_1_meta.json	generated_map_groundcombat	xenonauts	-
L	514	2026-10-05 18:00:45.231	4549.5	207.1	MapMeta	Assets/Assets/xenonauts/map/groundcombat/meta/authored/release/crashsite/dockyard/dockyard_medium_docks_3_meta.json	generated_map_groundcombat	xenonauts	-
L	527	2026-10-05 18:00:45.232	4610.2	147.4	MapMeta	Assets/Assets/xenonauts/map/groundcombat/meta/authored/release/crashsite/desert/desert_small_construction_2_meta.json	generated_map_groundcombat	xenonauts	-
L	528	2026-10-05 18:00:45.232	4610.3	147.3	MapMeta	Assets/Assets/xenonauts/map/groundcombat/meta/authored/release/crashsite/desert/desert_small_construction_1_meta.json	generated_map_groundcombat	xenonauts	-
L	541	2026-10-05 18:00:45.233	4611.2	147.4	MapMeta	Assets/Assets/xenonauts/map/groundcombat/meta/authored/release/crashsite/boreal/boreal_small_sawmill_2_meta.json	generated_map_groundcombat	xenonauts	-
L	542	2026-10-05 18:00:45.233	4611.3	147.3	MapMeta	Assets/Assets/xenonauts/map/groundcombat/meta/authored/release/crashsite/boreal/boreal_small_sawmill_1_meta.json	generated_map_groundcombat	xenonauts	-
L	571	2026-10-05 18:00:45.235	4665.2	95.4	MapMeta	Assets/Assets/xenonauts/map/groundcombat/meta/authored/release/ambush/polar/ambush_polar_2_meta.json	generated_map_groundcombat	xenonauts	-
L	600	2026-10-05 18:00:45.252	4711.7	65.9	MapMeta	Assets/Assets/xenonauts/map/groundcombat/meta/authored/release/alienbase/alienbase_small_3_meta.json	generated_map_groundcombat	xenonauts	-
L	601	2026-10-05 18:00:45.252	4711.8	65.8	MapMeta	Assets/Assets/xenonauts/map/groundcombat/meta/authored/release/alienbase/alienbase_small_2_meta.json	generated_map_groundcombat	xenonauts	-
L	616	2026-10-05 18:00:45.253	4716.5	62.1	MapMeta	Assets/Assets/xenonauts/map/groundcombat/meta/authored/release/ai_test/grenades_meta.json	generated_map_groundcombat	xenonauts	-
L	617	2026-10-05 18:00:45.253	4716.5	62.1	MapMeta	Assets/Assets/xenonauts/map/groundcombat/meta/authored/release/ai_test/firemode_selection_meta.json	generated_map_groundcombat	xenonauts	-
L	636	2026-10-05 18:00:45.264	4719.5	70.1	List`1	Assets/Assets/xenonauts/text/common/lists/campaign_names/campaign_second_name^es-es.json	generated_text_common	xenonauts	-
L	650	2026-10-05 18:00:45.265	4727.9	62.7	Template	Assets/Assets/xenonauts/template/common/tooltips/settings/setting_vysnc.json	generated_template_common	xenonauts	-
L	657	2026-10-05 18:00:45.266	4728.5	63.1	Template	Assets/Assets/xenonauts/template/common/tooltips/settings/setting_tooltip_spawndelay.json	generated_template_common	xenonauts	-
L	658	2026-10-05 18:00:45.266	4728.6	63.0	Template	Assets/Assets/xenonauts/template/common/tooltips/settings/setting_tooltip_locktime.json	generated_template_common	xenonauts	-
L	701	2026-10-05 18:00:45.284	4755.9	53.7	Template	Assets/Assets/xenonauts/template/common/tooltips/settings/button_discardchanges.json	generated_template_common	xenonauts	-
L	702	2026-10-05 18:00:45.284	4756.0	53.6	Template	Assets/Assets/xenonauts/template/common/tooltips/settings/button_create_mod.json	generated_template_common	xenonauts	-
L	711	2026-10-05 18:00:45.285	4756.6	54.0	Template	Assets/Assets/xenonauts/template/common/tooltips/medals/medal_citation_valor.json	generated_template_common	xenonauts	-
L	712	2026-10-05 18:00:45.285	4756.7	53.9	Template	Assets/Assets/xenonauts/template/common/tooltips/medals/medal_citation_courage.json	generated_template_common	xenonauts	-
L	732	2026-10-05 18:00:45.287	4758.2	54.4	Template	Assets/Assets/xenonauts/template/common/tooltips/load_game/game_version.json	generated_template_common	xenonauts	-
L	743	2026-10-05 18:00:45.288	4758.9	54.7	Template	Assets/Assets/xenonauts/template/common/tooltips/load_game/button_deletegame.json	generated_template_common	xenonauts	-
L	753	2026-10-05 18:00:45.289	4759.6	55.0	Template	Assets/Assets/xenonauts/template/common/tooltips/features/weapon_ballistics_unlimited.json	generated_template_common	xenonauts	-
L	754	2026-10-05 18:00:45.289	4759.7	54.9	Template	Assets/Assets/xenonauts/template/common/tooltips/features/vehicle_headlights.json	generated_template_common	xenonauts	-
L	783	2026-10-05 18:00:45.292	4761.6	56.0	Template	Assets/Assets/xenonauts/template/common/tooltips/features/alien_limited_lifespan.json	generated_template_common	xenonauts	-
L	784	2026-10-05 18:00:45.292	4761.7	55.9	Template	Assets/Assets/xenonauts/template/common/tooltips/features/alien_fearless.json	generated_template_common	xenonauts	-
L	796	2026-10-05 18:00:45.300	4777.6	48.0	Template	Assets/Assets/xenonauts/template/common/tooltips/concepts/tu.json	generated_template_common	xenonauts	-
L	797	2026-10-05 18:00:45.300	4777.7	47.9	Template	Assets/Assets/xenonauts/template/common/tooltips/concepts/training_rate.json	generated_template_common	xenonauts	-
L	833	2026-10-05 18:00:45.307	4789.9	42.7	Template	Assets/Assets/xenonauts/template/common/tooltips/concepts/morale_triggers.json	generated_template_common	xenonauts	-
L	875	2026-10-05 18:00:45.313	4807.9	30.7	Template	Assets/Assets/xenonauts/template/common/tooltips/concepts/damage_type_explosive.json	generated_template_common	xenonauts	-
L	882	2026-10-05 18:00:45.314	4808.5	31.1	Template	Assets/Assets/xenonauts/template/common/tooltips/concepts/capacity.json	generated_template_common	xenonauts	-
L	883	2026-10-05 18:00:45.314	4808.5	31.1	Template	Assets/Assets/xenonauts/template/common/tooltips/concepts/bravery_strategy.json	generated_template_common	xenonauts	-
L	897	2026-10-05 18:00:45.316	4809.9	31.7	Template	Assets/Assets/xenonauts/template/common/tooltips/concepts/ac_reload_time.json	generated_template_common	xenonauts	-
L	922	2026-10-05 18:00:45.319	4812.5	32.1	Template	Assets/Assets/xenonauts/template/common/tooltips/buttons/topbar_nav_aircraft.json	generated_template_common	xenonauts	-
L	923	2026-10-05 18:00:45.319	4812.5	32.1	Template	Assets/Assets/xenonauts/template/common/tooltips/buttons/topbar_menubutton.json	generated_template_common	xenonauts	-
L	311	2026-10-05 18:00:44.972	2212.1	2285.4	AudioClip	Assets/Assets/xenonauts/audio/common/music/music_strategy_default_5.ogg	generated_audio_common	xenonauts	-
L	337	2026-10-05 18:00:45.024	2217.7	2331.8	MapMeta	Assets/Assets/xenonauts/map/groundcombat/meta/authored/release/xenonautbase/xenonaut_base_meta.json	generated_map_groundcombat	xenonauts	-
L	339	2026-10-05 18:00:45.084	2218.1	2391.4	MapMeta	Assets/Assets/xenonauts/map/groundcombat/meta/authored/release/vip_extraction/tropical/tropical_vip_extraction_2_meta.json	generated_map_groundcombat	xenonauts	-
L	398	2026-10-05 18:00:45.186	4275.9	435.6	MapMeta	Assets/Assets/xenonauts/map/groundcombat/meta/authored/release/rescue_soldiers/boreal/rescue_soldiers_boreal_4_meta.json	generated_map_groundcombat	xenonauts	-
L	399	2026-10-05 18:00:45.186	4275.9	435.6	MapMeta	Assets/Assets/xenonauts/map/groundcombat/meta/authored/release/rescue_soldiers/boreal/rescue_soldiers_boreal_3_meta.json	generated_map_groundcombat	xenonauts	-
L	438	2026-10-05 18:00:45.194	4355.6	363.9	MapMeta	Assets/Assets/xenonauts/map/groundcombat/meta/authored/release/raid/desert/desert_raid_construction_2_meta.json	generated_map_groundcombat	xenonauts	-
L	439	2026-10-05 18:00:45.194	4355.8	363.7	MapMeta	Assets/Assets/xenonauts/map/groundcombat/meta/authored/release/raid/desert/desert_raid_construction_1_meta.json	generated_map_groundcombat	xenonauts	-
L	459	2026-10-05 18:00:45.203	4414.7	313.8	MapMeta	Assets/Assets/xenonauts/map/groundcombat/meta/authored/release/crashsite/tropical/tropical_small_jungle_2_meta.json	generated_map_groundcombat	xenonauts	-
L	460	2026-10-05 18:00:45.203	4414.7	313.8	MapMeta	Assets/Assets/xenonauts/map/groundcombat/meta/authored/release/crashsite/tropical/tropical_small_jungle_1_meta.json	generated_map_groundcombat	xenonauts	-
L	511	2026-10-05 18:00:45.231	4549.5	207.0	MapMeta	Assets/Assets/xenonauts/map/groundcombat/meta/authored/release/crashsite/dockyard/dockyard_small_docks_3_meta.json	generated_map_groundcombat	xenonauts	-
L	512	2026-10-05 18:00:45.231	4549.5	207.0	MapMeta	Assets/Assets/xenonauts/map/groundcombat/meta/authored/release/crashsite/dockyard/dockyard_small_docks_2_meta.json	generated_map_groundcombat	xenonauts	-
L	525	2026-10-05 18:00:45.232	4610.1	147.4	MapMeta	Assets/Assets/xenonauts/map/groundcombat/meta/authored/release/crashsite/desert/desert_small_construction_4_verysmall_meta.json	generated_map_groundcombat	xenonauts	-
L	539	2026-10-05 18:00:45.233	4611.1	147.4	MapMeta	Assets/Assets/xenonauts/map/groundcombat/meta/authored/release/crashsite/boreal/boreal_small_scout_1_meta.json	generated_map_groundcombat	xenonauts	-
L	540	2026-10-05 18:00:45.233	4611.2	147.3	MapMeta	Assets/Assets/xenonauts/map/groundcombat/meta/authored/release/crashsite/boreal/boreal_small_sawmill_3_meta.json	generated_map_groundcombat	xenonauts	-
L	555	2026-10-05 18:00:45.234	4664.1	95.4	MapMeta	Assets/Assets/xenonauts/map/groundcombat/meta/authored/release/crashsite/arid/arid_small_middleeast_2_meta.json	generated_map_groundcombat	xenonauts	-
L	556	2026-10-05 18:00:45.234	4664.1	95.4	MapMeta	Assets/Assets/xenonauts/map/groundcombat/meta/authored/release/crashsite/arid/arid_small_middleeast_1_meta.json	generated_map_groundcombat	xenonauts	-
L	569	2026-10-05 18:00:45.235	4665.1	95.4	MapMeta	Assets/Assets/xenonauts/map/groundcombat/meta/authored/release/ambush/tropical/ambush_tropical_2_meta.json	generated_map_groundcombat	xenonauts	-
L	570	2026-10-05 18:00:45.235	4665.1	95.4	MapMeta	Assets/Assets/xenonauts/map/groundcombat/meta/authored/release/ambush/tropical/ambush_tropical_1_meta.json	generated_map_groundcombat	xenonauts	-
L	598	2026-10-05 18:00:45.252	4711.6	65.9	MapMeta	Assets/Assets/xenonauts/map/groundcombat/meta/authored/release/alienbase/alienbase_small_5_meta.json	generated_map_groundcombat	xenonauts	-
L	599	2026-10-05 18:00:45.252	4711.7	65.8	MapMeta	Assets/Assets/xenonauts/map/groundcombat/meta/authored/release/alienbase/alienbase_small_4_meta.json	generated_map_groundcombat	xenonauts	-
L	614	2026-10-05 18:00:45.253	4716.5	62.0	MapMeta	Assets/Assets/xenonauts/map/groundcombat/meta/authored/release/ai_test/movement_hazards_meta.json	generated_map_groundcombat	xenonauts	-
L	615	2026-10-05 18:00:45.253	4716.5	62.0	MapMeta	Assets/Assets/xenonauts/map/groundcombat/meta/authored/release/ai_test/melee_meta.json	generated_map_groundcombat	xenonauts	-
L	634	2026-10-05 18:00:45.264	4719.3	70.2	List`1	Assets/Assets/xenonauts/text/common/lists/campaign_names/campaign_second_name^ja-jp.json	generated_text_common	xenonauts	-
L	635	2026-10-05 18:00:45.264	4719.4	70.1	List`1	Assets/Assets/xenonauts/text/common/lists/campaign_names/campaign_second_name^fr-fr.json	generated_text_common	xenonauts	-
L	663	2026-10-05 18:00:45.280	4745.4	60.1	Template	Assets/Assets/xenonauts/template/common/tooltips/settings/setting_selection_mode.json	generated_template_common	xenonauts	-
L	668	2026-10-05 18:00:45.281	4748.1	58.4	Template	Assets/Assets/xenonauts/template/common/tooltips/settings/setting_refreshrate.json	generated_template_common	xenonauts	-
L	680	2026-10-05 18:00:45.282	4750.1	57.4	Template	Assets/Assets/xenonauts/template/common/tooltips/settings/setting_contrast.json	generated_template_common	xenonauts	-
L	690	2026-10-05 18:00:45.283	4750.8	57.7	Template	Assets/Assets/xenonauts/template/common/tooltips/settings/setting_antialiasing.json	generated_template_common	xenonauts	-
L	721	2026-10-05 18:00:45.286	4757.3	54.2	Template	Assets/Assets/xenonauts/template/common/tooltips/main_menu/button_newgame.json	generated_template_common	xenonauts	-
L	722	2026-10-05 18:00:45.286	4757.4	54.1	Template	Assets/Assets/xenonauts/template/common/tooltips/main_menu/button_mods.json	generated_template_common	xenonauts	-
L	741	2026-10-05 18:00:45.288	4758.8	54.7	Template	Assets/Assets/xenonauts/template/common/tooltips/load_game/button_savegame.json	generated_template_common	xenonauts	-
L	742	2026-10-05 18:00:45.288	4758.9	54.6	Template	Assets/Assets/xenonauts/template/common/tooltips/load_game/button_loadgame.json	generated_template_common	xenonauts	-
L	763	2026-10-05 18:00:45.290	4760.2	55.3	Template	Assets/Assets/xenonauts/template/common/tooltips/features/death_explosion.json	generated_template_common	xenonauts	-
L	773	2026-10-05 18:00:45.291	4760.9	55.6	Template	Assets/Assets/xenonauts/template/common/tooltips/features/alien_servitor_autoheal.json	generated_template_common	xenonauts	-
L	774	2026-10-05 18:00:45.291	4761.0	55.5	Template	Assets/Assets/xenonauts/template/common/tooltips/features/alien_secton_psionictriangulation.json	generated_template_common	xenonauts	-
L	804	2026-10-05 18:00:45.301	4778.2	48.3	Template	Assets/Assets/xenonauts/template/common/tooltips/concepts/stress_regeneration.json	generated_template_common	xenonauts	-
L	805	2026-10-05 18:00:45.301	4778.3	48.2	Template	Assets/Assets/xenonauts/template/common/tooltips/concepts/stress.json	generated_template_common	xenonauts	-
L	814	2026-10-05 18:00:45.302	4778.8	48.7	Template	Assets/Assets/xenonauts/template/common/tooltips/concepts/scientists.json	generated_template_common	xenonauts	-
L	815	2026-10-05 18:00:45.302	4778.9	48.6	Template	Assets/Assets/xenonauts/template/common/tooltips/concepts/resistances.json	generated_template_common	xenonauts	-
L	824	2026-10-05 18:00:45.303	4779.5	49.0	Template	Assets/Assets/xenonauts/template/common/tooltips/concepts/range.json	generated_template_common	xenonauts	-
L	825	2026-10-05 18:00:45.303	4779.5	49.0	Template	Assets/Assets/xenonauts/template/common/tooltips/concepts/radar_detection.json	generated_template_common	xenonauts	-
L	832	2026-10-05 18:00:45.307	4789.8	42.7	Template	Assets/Assets/xenonauts/template/common/tooltips/concepts/objective_items.json	generated_template_common	xenonauts	-
L	848	2026-10-05 18:00:45.309	4790.7	43.8	Template	Assets/Assets/xenonauts/template/common/tooltips/concepts/hp.json	generated_template_common	xenonauts	-
L	856	2026-10-05 18:00:45.311	4792.1	44.4	Template	Assets/Assets/xenonauts/template/common/tooltips/concepts/gs_supporters_status.json	generated_template_common	xenonauts	-
L	857	2026-10-05 18:00:45.311	4792.1	44.4	Template	Assets/Assets/xenonauts/template/common/tooltips/concepts/gs_supporters_protectionstatus.json	generated_template_common	xenonauts	-
L	865	2026-10-05 18:00:45.312	4806.3	31.2	Template	Assets/Assets/xenonauts/template/common/tooltips/concepts/experience.json	generated_template_common	xenonauts	-
L	874	2026-10-05 18:00:45.313	4807.7	30.8	Template	Assets/Assets/xenonauts/template/common/tooltips/concepts/damage_type_gas.json	generated_template_common	xenonauts	-
L	888	2026-10-05 18:00:45.315	4809.1	31.4	Template	Assets/Assets/xenonauts/template/common/tooltips/concepts/armour_penetration.json	generated_template_common	xenonauts	-
L	889	2026-10-05 18:00:45.315	4809.1	31.4	Template	Assets/Assets/xenonauts/template/common/tooltips/concepts/armour_hardness.json	generated_template_common	xenonauts	-
L	896	2026-10-05 18:00:45.316	4809.8	31.7	Template	Assets/Assets/xenonauts/template/common/tooltips/concepts/ac_top_speed.json	generated_template_common	xenonauts	-
L	904	2026-10-05 18:00:45.317	4810.7	31.8	Template	Assets/Assets/xenonauts/template/common/tooltips/concepts/ac_flight_range.json	generated_template_common	xenonauts	-
L	905	2026-10-05 18:00:45.317	4810.7	31.8	Template	Assets/Assets/xenonauts/template/common/tooltips/concepts/ac_fire_arc.json	generated_template_common	xenonauts	-
L	236	2026-10-05 18:00:44.822	2182.9	2164.5	AudioMaterial	Assets/Assets/xenonauts/audio/common/materials/cutscene.json	generated_audio_common	xenonauts	-
L	253	2026-10-05 18:00:44.830	2190.3	2165.1	Template	Assets/Assets/xenonauts/template/common/achievement_stats/kill_alien_sum.json	generated_template_common	xenonauts	-
L	254	2026-10-05 18:00:44.830	2190.9	2164.5	Template	Assets/Assets/xenonauts/template/common/achievement_stats/death_xenonaut_sum.json	generated_template_common	xenonauts	-
L	269	2026-10-05 18:00:44.888	2195.3	2218.1	Template	Assets/Assets/xenonauts/template/common/achievements/ach_kill_alien_max_20.json	generated_template_common	xenonauts	-
L	300	2026-10-05 18:00:44.961	2208.5	2277.9	Template	Assets/Assets/xenonauts/template/common/difficulty/config/tutorial.json	generated_template_common	xenonauts	-
L	309	2026-10-05 18:00:44.972	2211.5	2285.9	AudioClip	Assets/Assets/xenonauts/audio/common/music/music_strategy_default_7.ogg	generated_audio_common	xenonauts	-
L	310	2026-10-05 18:00:44.972	2212.0	2285.4	AudioClip	Assets/Assets/xenonauts/audio/common/music/music_strategy_default_6.ogg	generated_audio_common	xenonauts	-
L	332	2026-10-05 18:00:45.024	2216.8	2332.6	AudioClip	Assets/Assets/xenonauts/audio/common/music/music_gameover_defeat.ogg	generated_audio_common	xenonauts	-
L	333	2026-10-05 18:00:45.024	2216.8	2332.6	AudioClip	Assets/Assets/xenonauts/audio/common/music/music_aircombat_1.ogg	generated_audio_common	xenonauts	-
L	334	2026-10-05 18:00:45.024	2217.2	2332.2	AudioClip	Assets/Assets/xenonauts/audio/common/ui/error.ogg	generated_audio_common	xenonauts	-
L	335	2026-10-05 18:00:45.024	2217.2	2332.2	AudioClip	Assets/Assets/xenonauts/audio/common/ui/gc_click.ogg	generated_audio_common	xenonauts	-
L	336	2026-10-05 18:00:45.024	2217.6	2331.8	AudioClip	Assets/Assets/xenonauts/audio/common/sfx/ambient/typewriter.ogg	generated_audio_common	xenonauts	-
L	361	2026-10-05 18:00:45.086	2223.6	2387.8	MapMeta	Assets/Assets/xenonauts/map/groundcombat/meta/authored/release/testmaps/proptest_update1_meta.json	generated_map_groundcombat	xenonauts	-
L	362	2026-10-05 18:00:45.086	2224.0	2387.4	MapMeta	Assets/Assets/xenonauts/map/groundcombat/meta/authored/release/testmaps/proptest_tropical_meta.json	generated_map_groundcombat	xenonauts	-
L	377	2026-10-05 18:00:45.139	2227.3	2437.1	MapMeta	Assets/Assets/xenonauts/map/groundcombat/meta/authored/release/terror/town_western/townwest_terror_medium_3_meta.json	generated_map_groundcombat	xenonauts	-
L	378	2026-10-05 18:00:45.139	2227.6	2436.8	MapMeta	Assets/Assets/xenonauts/map/groundcombat/meta/authored/release/terror/town_western/townwest_terror_medium_2_meta.json	generated_map_groundcombat	xenonauts	-
L	397	2026-10-05 18:00:45.186	4275.9	435.5	MapMeta	Assets/Assets/xenonauts/map/groundcombat/meta/authored/release/rescue_soldiers/desert/rescue_soldiers_desert_1_meta.json	generated_map_groundcombat	xenonauts	-
L	417	2026-10-05 18:00:45.191	4293.5	422.9	MapMeta	Assets/Assets/xenonauts/map/groundcombat/meta/authored/release/rescue_soldiers/arid/rescue_soldiers_arid_1_meta.json	generated_map_groundcombat	xenonauts	-
L	419	2026-10-05 18:00:45.191	4294.7	421.7	MapMeta	Assets/Assets/xenonauts/map/groundcombat/meta/authored/release/raid/tropical/tropical_raid_industrial_4_meta.json	generated_map_groundcombat	xenonauts	-
L	436	2026-10-05 18:00:45.194	4355.4	364.0	MapMeta	Assets/Assets/xenonauts/map/groundcombat/meta/authored/release/raid/desert/desert_raid_construction_4_meta.json	generated_map_groundcombat	xenonauts	-
L	458	2026-10-05 18:00:45.203	4414.4	314.0	MapMeta	Assets/Assets/xenonauts/map/groundcombat/meta/authored/release/crashsite/tropical/tropical_small_jungle_3_meta.json	generated_map_groundcombat	xenonauts	-
L	486	2026-10-05 18:00:45.225	4486.9	263.5	MapMeta	Assets/Assets/xenonauts/map/groundcombat/meta/authored/release/crashsite/polar/polar_large_wilderness_1_harvester_meta.json	generated_map_groundcombat	xenonauts	-
L	497	2026-10-05 18:00:45.230	4549.2	206.2	MapMeta	Assets/Assets/xenonauts/map/groundcombat/meta/authored/release/crashsite/farm/farm_small_fields_2_meta.json	generated_map_groundcombat	xenonauts	-
L	498	2026-10-05 18:00:45.230	4549.2	206.2	MapMeta	Assets/Assets/xenonauts/map/groundcombat/meta/authored/release/crashsite/farm/farm_small_fields_1_reversed_meta.json	generated_map_groundcombat	xenonauts	-
L	526	2026-10-05 18:00:45.232	4610.2	147.2	MapMeta	Assets/Assets/xenonauts/map/groundcombat/meta/authored/release/crashsite/desert/desert_small_construction_3_meta.json	generated_map_groundcombat	xenonauts	-
L	538	2026-10-05 18:00:45.233	4611.1	147.3	MapMeta	Assets/Assets/xenonauts/map/groundcombat/meta/authored/release/crashsite/boreal/boreal_small_scout_2_meta.json	generated_map_groundcombat	xenonauts	-
L	553	2026-10-05 18:00:45.234	4664.0	95.4	MapMeta	Assets/Assets/xenonauts/map/groundcombat/meta/authored/release/crashsite/arid/arid_small_scout_1_meta.json	generated_map_groundcombat	xenonauts	-
L	554	2026-10-05 18:00:45.234	4664.0	95.4	MapMeta	Assets/Assets/xenonauts/map/groundcombat/meta/authored/release/crashsite/arid/arid_small_middleeast_3_meta.json	generated_map_groundcombat	xenonauts	-
L	567	2026-10-05 18:00:45.235	4665.0	95.4	MapMeta	Assets/Assets/xenonauts/map/groundcombat/meta/authored/release/atlas_base/atlas_base_2_meta.json	generated_map_groundcombat	xenonauts	-
L	568	2026-10-05 18:00:45.235	4665.0	95.4	MapMeta	Assets/Assets/xenonauts/map/groundcombat/meta/authored/release/atlas_base/atlas_base_1_meta.json	generated_map_groundcombat	xenonauts	-
L	585	2026-10-05 18:00:45.236	2232.2	2529.2	MapMeta	Assets/Assets/xenonauts/map/groundcombat/meta/authored/release/rescue_soldiers/polar/rescue_soldiers_polar_1_meta.json	generated_map_groundcombat	xenonauts	-
L	586	2026-10-05 18:00:45.236	2232.2	2529.2	MapMeta	Assets/Assets/xenonauts/map/groundcombat/meta/authored/release/rescue_soldiers/farm/rescue_soldiers_farm_4_meta.json	generated_map_groundcombat	xenonauts	-
L	597	2026-10-05 18:00:45.252	4711.6	65.8	MapMeta	Assets/Assets/xenonauts/map/groundcombat/meta/authored/release/ambush/arid/ambush_arid_1_meta.json	generated_map_groundcombat	xenonauts	-
L	612	2026-10-05 18:00:45.253	4716.5	61.9	MapMeta	Assets/Assets/xenonauts/map/groundcombat/meta/authored/release/ai_test/movenode_meta.json	generated_map_groundcombat	xenonauts	-
L	613	2026-10-05 18:00:45.253	4716.5	61.9	MapMeta	Assets/Assets/xenonauts/map/groundcombat/meta/authored/release/ai_test/movement_interruption_meta.json	generated_map_groundcombat	xenonauts	-
L	631	2026-10-05 18:00:45.264	4719.2	70.2	List`1	Assets/Assets/xenonauts/text/common/lists/campaign_names/campaign_second_name^pl-pl.json	generated_text_common	xenonauts	-
L	632	2026-10-05 18:00:45.264	4719.2	70.2	List`1	Assets/Assets/xenonauts/text/common/lists/campaign_names/campaign_second_name^nl-nl.json	generated_text_common	xenonauts	-
L	633	2026-10-05 18:00:45.264	4719.3	70.1	List`1	Assets/Assets/xenonauts/text/common/lists/campaign_names/campaign_second_name^ko-kr.json	generated_text_common	xenonauts	-
L	655	2026-10-05 18:00:45.266	4728.3	63.1	Template	Assets/Assets/xenonauts/template/common/tooltips/settings/setting_volume_ambient.json	generated_template_common	xenonauts	-
L	656	2026-10-05 18:00:45.266	4728.4	63.0	Template	Assets/Assets/xenonauts/template/common/tooltips/settings/setting_tooltip_unlocktime.json	generated_template_common	xenonauts	-
L	667	2026-10-05 18:00:45.281	4748.1	58.3	Template	Assets/Assets/xenonauts/template/common/tooltips/settings/setting_screenresolution.json	generated_template_common	xenonauts	-
L	679	2026-10-05 18:00:45.282	4750.0	57.4	Template	Assets/Assets/xenonauts/template/common/tooltips/settings/setting_controlsinformation.json	generated_template_common	xenonauts	-
L	689	2026-10-05 18:00:45.283	4750.7	57.7	Template	Assets/Assets/xenonauts/template/common/tooltips/settings/setting_antialiasing_fxaa.json	generated_template_common	xenonauts	-
L	700	2026-10-05 18:00:45.284	4755.9	53.5	Template	Assets/Assets/xenonauts/template/common/tooltips/settings/button_discardchanges_mods.json	generated_template_common	xenonauts	-
L	731	2026-10-05 18:00:45.287	4758.0	54.4	Template	Assets/Assets/xenonauts/template/common/tooltips/load_game/textfield_campaignname.json	generated_template_common	xenonauts	-
L	751	2026-10-05 18:00:45.289	4759.4	55.0	Template	Assets/Assets/xenonauts/template/common/tooltips/features/weapon_destruction_level.json	generated_template_common	xenonauts	-
L	752	2026-10-05 18:00:45.289	4759.5	54.9	Template	Assets/Assets/xenonauts/template/common/tooltips/features/weapon_damage_multiplier.json	generated_template_common	xenonauts	-
L	761	2026-10-05 18:00:45.290	4760.1	55.3	Template	Assets/Assets/xenonauts/template/common/tooltips/features/dropship_vehicle_limit.json	generated_template_common	xenonauts	-
L	762	2026-10-05 18:00:45.290	4760.2	55.2	Template	Assets/Assets/xenonauts/template/common/tooltips/features/dropship_carrying_capacity.json	generated_template_common	xenonauts	-
L	771	2026-10-05 18:00:45.291	4760.8	55.6	Template	Assets/Assets/xenonauts/template/common/tooltips/features/armour_colossus_limitedweapons.json	generated_template_common	xenonauts	-
L	772	2026-10-05 18:00:45.291	4760.9	55.5	Template	Assets/Assets/xenonauts/template/common/tooltips/features/alien_wraith_cloakingfield.json	generated_template_common	xenonauts	-
L	781	2026-10-05 18:00:45.292	4761.5	55.9	Template	Assets/Assets/xenonauts/template/common/tooltips/features/alien_psionic_mindcontrol.json	generated_template_common	xenonauts	-
L	782	2026-10-05 18:00:45.292	4761.6	55.8	Template	Assets/Assets/xenonauts/template/common/tooltips/features/alien_mantid_360vision.json	generated_template_common	xenonauts	-
L	794	2026-10-05 18:00:45.300	4777.5	47.9	Template	Assets/Assets/xenonauts/template/common/tooltips/concepts/ufo_delegation.json	generated_template_common	xenonauts	-
L	795	2026-10-05 18:00:45.300	4777.6	47.8	Template	Assets/Assets/xenonauts/template/common/tooltips/concepts/tu_strategy.json	generated_template_common	xenonauts	-
L	831	2026-10-05 18:00:45.307	4789.8	42.6	Template	Assets/Assets/xenonauts/template/common/tooltips/concepts/operation_points.json	generated_template_common	xenonauts	-
L	838	2026-10-05 18:00:45.308	4790.2	43.2	Template	Assets/Assets/xenonauts/template/common/tooltips/concepts/morale_berserking.json	generated_template_common	xenonauts	-
L	839	2026-10-05 18:00:45.308	4790.2	43.2	Template	Assets/Assets/xenonauts/template/common/tooltips/concepts/morale.json	generated_template_common	xenonauts	-
L	864	2026-10-05 18:00:45.312	4806.2	31.2	Template	Assets/Assets/xenonauts/template/common/tooltips/concepts/experience_diminishing_returns.json	generated_template_common	xenonauts	-
L	873	2026-10-05 18:00:45.313	4807.7	30.7	Template	Assets/Assets/xenonauts/template/common/tooltips/concepts/damage_type_kinetic.json	generated_template_common	xenonauts	-
L	880	2026-10-05 18:00:45.314	4808.3	31.1	Template	Assets/Assets/xenonauts/template/common/tooltips/concepts/damage.json	generated_template_common	xenonauts	-
L	881	2026-10-05 18:00:45.314	4808.3	31.1	Template	Assets/Assets/xenonauts/template/common/tooltips/concepts/carrying_capacity.json	generated_template_common	xenonauts	-
L	205	2026-10-05 18:00:42.736	2133.6	127.7	UIElementAsset	Assets/Assets/xenonauts/ui/mainmenu/elements/road_map_element.prefab	generated_ui_mainmenu	xenonauts	-
L	206	2026-10-05 18:00:42.736	2133.6	127.7	UIElementAsset	Assets/Assets/xenonauts/ui/common/elements/credits_element.prefab	generated_ui_common	xenonauts	-
L	207	2026-10-05 18:00:44.750	2133.6	2141.7	UIElementAsset	Assets/Assets/xenonauts/ui/mainmenu/elements/cutsceneintro_element.prefab	generated_ui_mainmenu	xenonauts	-
L	225	2026-10-05 18:00:44.763	2179.4	2108.9	Template	Assets/Assets/xenonauts/template/common/language/ko-kr.json	generated_template_common	xenonauts	-
L	226	2026-10-05 18:00:44.763	2179.8	2108.5	Template	Assets/Assets/xenonauts/template/common/language/ja-jp.json	generated_template_common	xenonauts	-
L	231	2026-10-05 18:00:44.768	2181.1	2112.2	Template	Assets/Assets/xenonauts/template/common/language/de-de.json	generated_template_common	xenonauts	-
L	232	2026-10-05 18:00:44.768	2181.7	2111.6	UIElementAsset	Assets/Assets/xenonauts/ui/common/components/action_key_binding_component.prefab	generated_ui_common	xenonauts	-
L	233	2026-10-05 18:00:44.768	2181.7	2111.6	AudioMaterial	Assets/Assets/xenonauts/audio/common/materials/sfx_ui.json	generated_audio_common	xenonauts	-
L	299	2026-10-05 18:00:44.961	2208.0	2278.3	Template	Assets/Assets/xenonauts/template/common/difficulty/setting/ac_enemy_weapon_damage.json	generated_template_common	xenonauts	-
L	304	2026-10-05 18:00:44.970	2210.1	2285.2	Template	Assets/Assets/xenonauts/template/common/difficulty/config/soldier.json	generated_template_common	xenonauts	-
L	308	2026-10-05 18:00:44.972	2211.4	2285.9	AudioClip	Assets/Assets/xenonauts/audio/groundcombat/sfx/ambient/ambient_boreal/boreal_ambient_day_random_bluejay_01.ogg	generated_audio_groundcombat	xenonauts	-
L	323	2026-10-05 18:00:45.024	2214.8	2334.5	AudioClip	Assets/Assets/xenonauts/audio/common/music/music_groundcombat_day_7.ogg	generated_audio_common	xenonauts	-
L	326	2026-10-05 18:00:45.024	2215.5	2333.8	AudioClip	Assets/Assets/xenonauts/audio/common/music/music_groundcombat_day_4.ogg	generated_audio_common	xenonauts	-
L	327	2026-10-05 18:00:45.024	2215.5	2333.8	AudioClip	Assets/Assets/xenonauts/audio/common/music/music_groundcombat_day_3.ogg	generated_audio_common	xenonauts	-
L	328	2026-10-05 18:00:45.024	2215.9	2333.4	AudioClip	Assets/Assets/xenonauts/audio/common/music/music_groundcombat_day_2.ogg	generated_audio_common	xenonauts	-
L	329	2026-10-05 18:00:45.024	2215.9	2333.4	AudioClip	Assets/Assets/xenonauts/audio/common/music/music_groundcombat_day_1.ogg	generated_audio_common	xenonauts	-
L	330	2026-10-05 18:00:45.024	2216.3	2333.0	AudioClip	Assets/Assets/xenonauts/audio/common/music/music_groundcombat_day_0.ogg	generated_audio_common	xenonauts	-
L	331	2026-10-05 18:00:45.024	2216.3	2333.0	AudioClip	Assets/Assets/xenonauts/audio/common/music/music_gameover_victory.ogg	generated_audio_common	xenonauts	-
L	338	2026-10-05 18:00:45.084	2218.0	2391.3	MapMeta	Assets/Assets/xenonauts/map/groundcombat/meta/authored/release/wave_defence/wavedefence_uoo_bridge_meta.json	generated_map_groundcombat	xenonauts	-
L	346	2026-10-05 18:00:45.085	2220.3	2390.0	MapMeta	Assets/Assets/xenonauts/map/groundcombat/meta/authored/release/vip_extraction/dockyard/dockyard_vip_extraction_1_meta.json	generated_map_groundcombat	xenonauts	-
L	347	2026-10-05 18:00:45.085	2220.3	2390.0	MapMeta	Assets/Assets/xenonauts/map/groundcombat/meta/authored/release/vip_extraction/desert/desert_vip_extraction_2_meta.json	generated_map_groundcombat	xenonauts	-
L	360	2026-10-05 18:00:45.086	2223.5	2387.8	MapMeta	Assets/Assets/xenonauts/map/groundcombat/meta/authored/release/testmaps/proptest_windows_meta.json	generated_map_groundcombat	xenonauts	-
L	364	2026-10-05 18:00:45.138	2224.5	2438.8	MapMeta	Assets/Assets/xenonauts/map/groundcombat/meta/authored/release/testmaps/proptest_farm_meta.json	generated_map_groundcombat	xenonauts	-
L	396	2026-10-05 18:00:45.186	4275.8	435.5	MapMeta	Assets/Assets/xenonauts/map/groundcombat/meta/authored/release/rescue_soldiers/desert/rescue_soldiers_desert_2_meta.json	generated_map_groundcombat	xenonauts	-
L	437	2026-10-05 18:00:45.194	4355.5	363.8	MapMeta	Assets/Assets/xenonauts/map/groundcombat/meta/authored/release/raid/desert/desert_raid_construction_3_meta.json	generated_map_groundcombat	xenonauts	-
L	445	2026-10-05 18:00:45.195	4357.7	362.6	MapMeta	Assets/Assets/xenonauts/map/groundcombat/meta/authored/release/raid/arid/arid_raid_middleeast_4_meta.json	generated_map_groundcombat	xenonauts	-
L	446	2026-10-05 18:00:45.195	4410.1	310.2	MapMeta	Assets/Assets/xenonauts/map/groundcombat/meta/authored/release/raid/arid/arid_raid_middleeast_3_meta.json	generated_map_groundcombat	xenonauts	-
L	457	2026-10-05 18:00:45.203	4414.3	314.0	MapMeta	Assets/Assets/xenonauts/map/groundcombat/meta/authored/release/crashsite/tropical/tropical_small_scout_1_meta.json	generated_map_groundcombat	xenonauts	-
L	464	2026-10-05 18:00:45.220	4420.5	324.8	MapMeta	Assets/Assets/xenonauts/map/groundcombat/meta/authored/release/crashsite/tropical/tropical_medium_jungle_1_meta.json	generated_map_groundcombat	xenonauts	-
L	484	2026-10-05 18:00:45.225	4486.5	263.8	MapMeta	Assets/Assets/xenonauts/map/groundcombat/meta/authored/release/crashsite/polar/polar_large_wilderness_2_harvester_meta.json	generated_map_groundcombat	xenonauts	-
L	485	2026-10-05 18:00:45.225	4486.9	263.4	MapMeta	Assets/Assets/xenonauts/map/groundcombat/meta/authored/release/crashsite/polar/polar_large_wilderness_2_battleship_meta.json	generated_map_groundcombat	xenonauts	-
L	495	2026-10-05 18:00:45.230	4497.6	257.7	MapMeta	Assets/Assets/xenonauts/map/groundcombat/meta/authored/release/crashsite/farm/farm_small_fields_3_meta.json	generated_map_groundcombat	xenonauts	-
L	496	2026-10-05 18:00:45.230	4497.6	257.7	MapMeta	Assets/Assets/xenonauts/map/groundcombat/meta/authored/release/crashsite/farm/farm_small_fields_2_reversed_meta.json	generated_map_groundcombat	xenonauts	-
L	509	2026-10-05 18:00:45.231	4549.4	206.9	MapMeta	Assets/Assets/xenonauts/map/groundcombat/meta/authored/release/crashsite/dockyard/dockyard_small_scout_2_meta.json	generated_map_groundcombat	xenonauts	-
L	510	2026-10-05 18:00:45.231	4549.4	206.9	MapMeta	Assets/Assets/xenonauts/map/groundcombat/meta/authored/release/crashsite/dockyard/dockyard_small_scout_1_meta.json	generated_map_groundcombat	xenonauts	-
L	523	2026-10-05 18:00:45.232	4609.6	147.7	MapMeta	Assets/Assets/xenonauts/map/groundcombat/meta/authored/release/crashsite/desert/desert_small_scout_2_meta.json	generated_map_groundcombat	xenonauts	-
L	524	2026-10-05 18:00:45.232	4610.0	147.3	MapMeta	Assets/Assets/xenonauts/map/groundcombat/meta/authored/release/crashsite/desert/desert_small_scout_1_meta.json	generated_map_groundcombat	xenonauts	-
L	537	2026-10-05 18:00:45.233	4610.9	147.4	MapMeta	Assets/Assets/xenonauts/map/groundcombat/meta/authored/release/crashsite/desert/desert_large_construction_1_battleship_meta.json	generated_map_groundcombat	xenonauts	-
L	583	2026-10-05 18:00:45.236	2231.8	2529.5	MapMeta	Assets/Assets/xenonauts/map/groundcombat/meta/authored/release/rescue_soldiers/polar/rescue_soldiers_polar_3_meta.json	generated_map_groundcombat	xenonauts	-
L	584	2026-10-05 18:00:45.236	2231.8	2529.5	MapMeta	Assets/Assets/xenonauts/map/groundcombat/meta/authored/release/rescue_soldiers/polar/rescue_soldiers_polar_2_meta.json	generated_map_groundcombat	xenonauts	-
L	596	2026-10-05 18:00:45.252	4711.4	65.9	MapMeta	Assets/Assets/xenonauts/map/groundcombat/meta/authored/release/ambush/arid/ambush_arid_2_meta.json	generated_map_groundcombat	xenonauts	-
L	676	2026-10-05 18:00:45.282	4749.1	58.2	Template	Assets/Assets/xenonauts/template/common/tooltips/settings/setting_edge_scrolling.json	generated_template_common	xenonauts	-
L	677	2026-10-05 18:00:45.282	4749.9	57.4	Template	Assets/Assets/xenonauts/template/common/tooltips/settings/setting_customsoldiers.json	generated_template_common	xenonauts	-
L	688	2026-10-05 18:00:45.283	4750.7	57.6	Template	Assets/Assets/xenonauts/template/common/tooltips/settings/setting_antialiasing_msaa.json	generated_template_common	xenonauts	-
L	699	2026-10-05 18:00:45.284	4755.7	53.6	Template	Assets/Assets/xenonauts/template/common/tooltips/settings/button_mod_delete.json	generated_template_common	xenonauts	-
L	709	2026-10-05 18:00:45.285	4756.4	53.9	Template	Assets/Assets/xenonauts/template/common/tooltips/medals/medal_cruxsolaris.json	generated_template_common	xenonauts	-
L	710	2026-10-05 18:00:45.285	4756.5	53.8	Template	Assets/Assets/xenonauts/template/common/tooltips/medals/medal_crimsonheart.json	generated_template_common	xenonauts	-
L	719	2026-10-05 18:00:45.286	4757.1	54.2	Template	Assets/Assets/xenonauts/template/common/tooltips/main_menu/button_save_folder.json	generated_template_common	xenonauts	-
L	720	2026-10-05 18:00:45.286	4757.2	54.1	Template	Assets/Assets/xenonauts/template/common/tooltips/main_menu/button_roadmap.json	generated_template_common	xenonauts	-
L	729	2026-10-05 18:00:45.287	4757.9	54.4	Template	Assets/Assets/xenonauts/template/common/tooltips/main_menu/button_changelog.json	generated_template_common	xenonauts	-
L	730	2026-10-05 18:00:45.287	4758.0	54.3	Template	Assets/Assets/xenonauts/template/common/tooltips/load_game/textfield_savegamename.json	generated_template_common	xenonauts	-
L	740	2026-10-05 18:00:45.288	4758.7	54.6	Template	Assets/Assets/xenonauts/template/common/tooltips/load_game/game_campaign.json	generated_template_common	xenonauts	-
L	750	2026-10-05 18:00:45.289	4759.4	54.9	Template	Assets/Assets/xenonauts/template/common/tooltips/features/weapon_easy_aiming.json	generated_template_common	xenonauts	-
L	802	2026-10-05 18:00:45.301	4778.1	48.2	Template	Assets/Assets/xenonauts/template/common/tooltips/concepts/suppression.json	generated_template_common	xenonauts	-
L	803	2026-10-05 18:00:45.301	4778.2	48.1	Template	Assets/Assets/xenonauts/template/common/tooltips/concepts/stun_damage.json	generated_template_common	xenonauts	-
L	812	2026-10-05 18:00:45.302	4778.7	48.6	Template	Assets/Assets/xenonauts/template/common/tooltips/concepts/soldier_injured.json	generated_template_common	xenonauts	-
L	813	2026-10-05 18:00:45.302	4778.8	48.5	Template	Assets/Assets/xenonauts/template/common/tooltips/concepts/short_range_bonus.json	generated_template_common	xenonauts	-
L	822	2026-10-05 18:00:45.303	4779.4	48.9	Template	Assets/Assets/xenonauts/template/common/tooltips/concepts/recoil.json	generated_template_common	xenonauts	-
L	823	2026-10-05 18:00:45.303	4779.5	48.8	Template	Assets/Assets/xenonauts/template/common/tooltips/concepts/rank.json	generated_template_common	xenonauts	-
L	830	2026-10-05 18:00:45.307	4789.7	42.6	Template	Assets/Assets/xenonauts/template/common/tooltips/concepts/overwatch.json	generated_template_common	xenonauts	-
L	846	2026-10-05 18:00:45.309	4790.6	43.7	Template	Assets/Assets/xenonauts/template/common/tooltips/concepts/initiative.json	generated_template_common	xenonauts	-
L	847	2026-10-05 18:00:45.309	4790.6	43.7	Template	Assets/Assets/xenonauts/template/common/tooltips/concepts/illumination.json	generated_template_common	xenonauts	-
L	854	2026-10-05 18:00:45.311	4791.9	44.4	Template	Assets/Assets/xenonauts/template/common/tooltips/concepts/healing_rate.json	generated_template_common	xenonauts	-
L	855	2026-10-05 18:00:45.311	4791.9	44.4	Template	Assets/Assets/xenonauts/template/common/tooltips/concepts/hangar_capacity.json	generated_template_common	xenonauts	-
L	872	2026-10-05 18:00:45.313	4807.5	30.8	Template	Assets/Assets/xenonauts/template/common/tooltips/concepts/defence.json	generated_template_common	xenonauts	-
L	3	2026-10-05 18:00:42.608	13.0	2120.2	UIElementAsset	Assets/Assets/xenonauts/ui/common/elements/tutorial_notification_element.prefab	generated_ui_common	xenonauts	-
L	243	2026-10-05 18:00:44.829	2186.9	2167.3	Template	Assets/Assets/xenonauts/template/common/achievement_stats/victory_commander.json	generated_template_common	xenonauts	-
L	244	2026-10-05 18:00:44.829	2187.3	2166.9	Template	Assets/Assets/xenonauts/template/common/achievement_stats/stun_alien_sum.json	generated_template_common	xenonauts	-
L	259	2026-10-05 18:00:44.832	2192.7	2164.5	Template	Assets/Assets/xenonauts/template/common/achievements/ach_victory_commander_1.json	generated_template_common	xenonauts	-
L	260	2026-10-05 18:00:44.832	2193.1	2164.1	Template	Assets/Assets/xenonauts/template/common/achievements/ach_stun_alien_sum_1.json	generated_template_common	xenonauts	-
L	264	2026-10-05 18:00:44.886	2194.1	2217.1	Template	Assets/Assets/xenonauts/template/common/achievements/ach_kill_ufo_max_20.json	generated_template_common	xenonauts	-
L	280	2026-10-05 18:00:44.895	2199.7	2220.5	Template	Assets/Assets/xenonauts/template/common/difficulty/setting/starting_doomsday_counter.json	generated_template_common	xenonauts	-
L	303	2026-10-05 18:00:44.963	2209.3	2278.9	Template	Assets/Assets/xenonauts/template/common/difficulty/config/veteran.json	generated_template_common	xenonauts	-
L	318	2026-10-05 18:00:45.024	2214.0	2335.2	AudioClip	Assets/Assets/xenonauts/audio/common/music/music_loadingscreen.ogg	generated_audio_common	xenonauts	-
L	319	2026-10-05 18:00:45.024	2214.0	2335.2	AudioClip	Assets/Assets/xenonauts/audio/common/music/music_groundcombat_night_3.ogg	generated_audio_common	xenonauts	-
L	320	2026-10-05 18:00:45.024	2214.4	2334.8	AudioClip	Assets/Assets/xenonauts/audio/common/music/music_groundcombat_night_2.ogg	generated_audio_common	xenonauts	-
L	321	2026-10-05 18:00:45.024	2214.4	2334.8	AudioClip	Assets/Assets/xenonauts/audio/common/music/music_groundcombat_night_1.ogg	generated_audio_common	xenonauts	-
L	322	2026-10-05 18:00:45.024	2214.7	2334.5	AudioClip	Assets/Assets/xenonauts/audio/common/music/music_groundcombat_night_0.ogg	generated_audio_common	xenonauts	-
L	324	2026-10-05 18:00:45.024	2215.1	2334.1	AudioClip	Assets/Assets/xenonauts/audio/common/music/music_groundcombat_day_6.ogg	generated_audio_common	xenonauts	-
L	325	2026-10-05 18:00:45.024	2215.1	2334.1	AudioClip	Assets/Assets/xenonauts/audio/common/music/music_groundcombat_day_5.ogg	generated_audio_common	xenonauts	-
L	344	2026-10-05 18:00:45.085	2219.9	2390.3	MapMeta	Assets/Assets/xenonauts/map/groundcombat/meta/authored/release/vip_extraction/farm/farm_vip_extraction_1_meta.json	generated_map_groundcombat	xenonauts	-
L	345	2026-10-05 18:00:45.085	2219.9	2390.3	MapMeta	Assets/Assets/xenonauts/map/groundcombat/meta/authored/release/vip_extraction/dockyard/dockyard_vip_extraction_2_meta.json	generated_map_groundcombat	xenonauts	-
L	358	2026-10-05 18:00:45.086	2223.1	2388.1	MapMeta	Assets/Assets/xenonauts/map/groundcombat/meta/authored/release/testmaps/testmap_gj_meta.json	generated_map_groundcombat	xenonauts	-
L	359	2026-10-05 18:00:45.086	2223.1	2388.1	MapMeta	Assets/Assets/xenonauts/map/groundcombat/meta/authored/release/testmaps/proptest_xenonautbase_meta.json	generated_map_groundcombat	xenonauts	-
L	363	2026-10-05 18:00:45.138	2224.0	2439.2	MapMeta	Assets/Assets/xenonauts/map/groundcombat/meta/authored/release/testmaps/proptest_polar_meta.json	generated_map_groundcombat	xenonauts	-
L	375	2026-10-05 18:00:45.139	2226.8	2437.4	MapMeta	Assets/Assets/xenonauts/map/groundcombat/meta/authored/release/terror/town_western/townwest_terror_small_2_meta.json	generated_map_groundcombat	xenonauts	-
L	376	2026-10-05 18:00:45.139	2227.2	2437.0	MapMeta	Assets/Assets/xenonauts/map/groundcombat/meta/authored/release/terror/town_western/townwest_terror_small_1_meta.json	generated_map_groundcombat	xenonauts	-
L	394	2026-10-05 18:00:45.186	4275.8	435.4	MapMeta	Assets/Assets/xenonauts/map/groundcombat/meta/authored/release/rescue_soldiers/desert/rescue_soldiers_desert_4_meta.json	generated_map_groundcombat	xenonauts	-
L	395	2026-10-05 18:00:45.186	4275.8	435.4	MapMeta	Assets/Assets/xenonauts/map/groundcombat/meta/authored/release/rescue_soldiers/desert/rescue_soldiers_desert_3_meta.json	generated_map_groundcombat	xenonauts	-
L	434	2026-10-05 18:00:45.194	4355.1	364.1	MapMeta	Assets/Assets/xenonauts/map/groundcombat/meta/authored/release/raid/dockyard/dockyard_raid_docks_2_meta.json	generated_map_groundcombat	xenonauts	-
L	435	2026-10-05 18:00:45.194	4355.3	363.9	MapMeta	Assets/Assets/xenonauts/map/groundcombat/meta/authored/release/raid/dockyard/dockyard_raid_docks_1_meta.json	generated_map_groundcombat	xenonauts	-
L	443	2026-10-05 18:00:45.195	4357.4	362.8	MapMeta	Assets/Assets/xenonauts/map/groundcombat/meta/authored/release/raid/boreal/boreal_raid_sawmill_2_meta.json	generated_map_groundcombat	xenonauts	-
L	444	2026-10-05 18:00:45.195	4357.4	362.8	MapMeta	Assets/Assets/xenonauts/map/groundcombat/meta/authored/release/raid/boreal/boreal_raid_sawmill_1_meta.json	generated_map_groundcombat	xenonauts	-
L	455	2026-10-05 18:00:45.203	4414.0	314.2	MapMeta	Assets/Assets/xenonauts/map/groundcombat/meta/authored/release/data_raid/cleaner_dataraid_western_1_meta.json	generated_map_groundcombat	xenonauts	-
L	456	2026-10-05 18:00:45.203	4414.0	314.2	MapMeta	Assets/Assets/xenonauts/map/groundcombat/meta/authored/release/crashsite/tropical/tropical_small_scout_2_meta.json	generated_map_groundcombat	xenonauts	-
L	471	2026-10-05 18:00:45.223	4428.6	319.6	MapMeta	Assets/Assets/xenonauts/map/groundcombat/meta/authored/release/crashsite/tropical/tropical_large_jungle_1_harvester_meta.json	generated_map_groundcombat	xenonauts	-
L	483	2026-10-05 18:00:45.225	4486.5	263.7	MapMeta	Assets/Assets/xenonauts/map/groundcombat/meta/authored/release/crashsite/polar/polar_large_wilderness_3_battleship_meta.json	generated_map_groundcombat	xenonauts	-
L	507	2026-10-05 18:00:45.231	4549.4	206.8	MapMeta	Assets/Assets/xenonauts/map/groundcombat/meta/authored/release/crashsite/farm/farm_large_fields_1_harvester_meta.json	generated_map_groundcombat	xenonauts	-
L	508	2026-10-05 18:00:45.231	4549.4	206.8	MapMeta	Assets/Assets/xenonauts/map/groundcombat/meta/authored/release/crashsite/farm/farm_large_fields_1_battleship_meta.json	generated_map_groundcombat	xenonauts	-
L	535	2026-10-05 18:00:45.233	4610.8	147.4	MapMeta	Assets/Assets/xenonauts/map/groundcombat/meta/authored/release/crashsite/desert/desert_large_construction_2_battleship_meta.json	generated_map_groundcombat	xenonauts	-
L	536	2026-10-05 18:00:45.233	4610.9	147.3	MapMeta	Assets/Assets/xenonauts/map/groundcombat/meta/authored/release/crashsite/desert/desert_large_construction_1_harvester_meta.json	generated_map_groundcombat	xenonauts	-
L	551	2026-10-05 18:00:45.234	4663.8	95.4	MapMeta	Assets/Assets/xenonauts/map/groundcombat/meta/authored/release/crashsite/boreal/boreal_large_sawmill_1_battleship_meta.json	generated_map_groundcombat	xenonauts	-
L	552	2026-10-05 18:00:45.234	4663.8	95.4	MapMeta	Assets/Assets/xenonauts/map/groundcombat/meta/authored/release/crashsite/arid/arid_small_scout_2_meta.json	generated_map_groundcombat	xenonauts	-
L	565	2026-10-05 18:00:45.235	4664.8	95.4	MapMeta	Assets/Assets/xenonauts/map/groundcombat/meta/authored/release/crashsite/arid/arid_large_middleeast_1_battleship_meta.json	generated_map_groundcombat	xenonauts	-
L	566	2026-10-05 18:00:45.235	4664.8	95.4	MapMeta	Assets/Assets/xenonauts/map/groundcombat/meta/authored/release/atlas_base/atlas_base_3_meta.json	generated_map_groundcombat	xenonauts	-
L	582	2026-10-05 18:00:45.236	2231.4	2529.8	MapMeta	Assets/Assets/xenonauts/map/groundcombat/meta/authored/release/rescue_soldiers/polar/rescue_soldiers_polar_4_meta.json	generated_map_groundcombat	xenonauts	-
L	594	2026-10-05 18:00:45.252	4711.3	65.9	MapMeta	Assets/Assets/xenonauts/map/groundcombat/meta/authored/release/ambush/boreal/ambush_boreal_2_meta.json	generated_map_groundcombat	xenonauts	-
L	595	2026-10-05 18:00:45.252	4711.4	65.8	MapMeta	Assets/Assets/xenonauts/map/groundcombat/meta/authored/release/ambush/boreal/ambush_boreal_1_meta.json	generated_map_groundcombat	xenonauts	-
L	610	2026-10-05 18:00:45.253	4716.4	61.8	MapMeta	Assets/Assets/xenonauts/map/groundcombat/meta/authored/release/ai_test/shoot_move_ordering_meta.json	generated_map_groundcombat	xenonauts	-
L	611	2026-10-05 18:00:45.253	4716.4	61.8	MapMeta	Assets/Assets/xenonauts/map/groundcombat/meta/authored/release/ai_test/reactionfire_meta.json	generated_map_groundcombat	xenonauts	-
L	625	2026-10-05 18:00:45.254	4717.3	61.9	Template	Assets/Assets/xenonauts/template/common/mission_briefings/default_mission_briefing.json	generated_template_common	xenonauts	-
L	629	2026-10-05 18:00:45.264	4719.0	70.2	List`1	Assets/Assets/xenonauts/text/common/lists/campaign_names/campaign_second_name^ru-ru.json	generated_text_common	xenonauts	-
L	630	2026-10-05 18:00:45.264	4719.0	70.2	List`1	Assets/Assets/xenonauts/text/common/lists/campaign_names/campaign_second_name^pt-br.json	generated_text_common	xenonauts	-
L	648	2026-10-05 18:00:45.265	4727.8	62.4	Template	Assets/Assets/xenonauts/template/common/tooltips/tutorials/tooltips_3.json	generated_template_common	xenonauts	-
L	649	2026-10-05 18:00:45.265	4727.8	62.4	Template	Assets/Assets/xenonauts/template/common/tooltips/tutorials/tooltips_2.json	generated_template_common	xenonauts	-
L	653	2026-10-05 18:00:45.266	4728.2	63.0	Template	Assets/Assets/xenonauts/template/common/tooltips/settings/setting_volume_master.json	generated_template_common	xenonauts	-
L	654	2026-10-05 18:00:45.266	4728.3	62.9	Template	Assets/Assets/xenonauts/template/common/tooltips/settings/setting_volume_environment.json	generated_template_common	xenonauts	-
L	687	2026-10-05 18:00:45.283	4750.6	57.6	Template	Assets/Assets/xenonauts/template/common/tooltips/settings/setting_audio_plays_while_in_background.json	generated_template_common	xenonauts	-
L	697	2026-10-05 18:00:45.284	4755.6	53.6	Template	Assets/Assets/xenonauts/template/common/tooltips/settings/button_mod_folder.json	generated_template_common	xenonauts	-
L	698	2026-10-05 18:00:45.284	4755.7	53.5	Template	Assets/Assets/xenonauts/template/common/tooltips/settings/button_mod_developermode.json	generated_template_common	xenonauts	-
L	708	2026-10-05 18:00:45.285	4756.4	53.8	Template	Assets/Assets/xenonauts/template/common/tooltips/medals/medal_distinguishedservice.json	generated_template_common	xenonauts	-
L	718	2026-10-05 18:00:45.286	4757.1	54.1	Template	Assets/Assets/xenonauts/template/common/tooltips/main_menu/button_settings.json	generated_template_common	xenonauts	-
L	728	2026-10-05 18:00:45.287	4757.9	54.3	Template	Assets/Assets/xenonauts/template/common/tooltips/main_menu/button_continue.json	generated_template_common	xenonauts	-
L	739	2026-10-05 18:00:45.288	4758.6	54.6	Template	Assets/Assets/xenonauts/template/common/tooltips/load_game/game_checkbox.json	generated_template_common	xenonauts	-
L	749	2026-10-05 18:00:45.289	4759.3	54.9	Template	Assets/Assets/xenonauts/template/common/tooltips/features/weapon_empdamage.json	generated_template_common	xenonauts	-
L	759	2026-10-05 18:00:45.290	4760.0	55.2	Template	Assets/Assets/xenonauts/template/common/tooltips/features/hovering.json	generated_template_common	xenonauts	-
L	760	2026-10-05 18:00:45.290	4760.1	55.1	Template	Assets/Assets/xenonauts/template/common/tooltips/features/example_feature.json	generated_template_common	xenonauts	-
L	793	2026-10-05 18:00:45.300	4777.5	47.7	Template	Assets/Assets/xenonauts/template/common/tooltips/concepts/unconscious.json	generated_template_common	xenonauts	-
L	821	2026-10-05 18:00:45.303	4779.4	48.8	Template	Assets/Assets/xenonauts/template/common/tooltips/concepts/reflexes.json	generated_template_common	xenonauts	-
L	829	2026-10-05 18:00:45.307	4789.7	42.5	Template	Assets/Assets/xenonauts/template/common/tooltips/concepts/penetration_modifier.json	generated_template_common	xenonauts	-
L	251	2026-10-05 18:00:44.830	2189.7	2165.4	Template	Assets/Assets/xenonauts/template/common/achievement_stats/kill_battleship_sum.json	generated_template_common	xenonauts	-
L	252	2026-10-05 18:00:44.830	2190.2	2164.9	Template	Assets/Assets/xenonauts/template/common/achievement_stats/kill_alien_max.json	generated_template_common	xenonauts	-
L	263	2026-10-05 18:00:44.886	2193.6	2217.5	Template	Assets/Assets/xenonauts/template/common/achievements/ach_kill_ufo_sum_1.json	generated_template_common	xenonauts	-
L	273	2026-10-05 18:00:44.889	2196.0	2218.1	Template	Assets/Assets/xenonauts/template/common/achievements/ach_rank_squad_colonel.json	generated_template_common	xenonauts	-
L	274	2026-10-05 18:00:44.889	2196.3	2217.8	Template	Assets/Assets/xenonauts/template/common/achievements/ach_mission_start_endgame.json	generated_template_common	xenonauts	-
L	277	2026-10-05 18:00:44.890	2196.7	2218.4	Template	Assets/Assets/xenonauts/template/common/difficulty/setting/starting_infiltrators.json	generated_template_common	xenonauts	-
L	278	2026-10-05 18:00:44.890	2198.4	2216.7	Template	Assets/Assets/xenonauts/template/common/difficulty/setting/mission_timers.json	generated_template_common	xenonauts	-
L	283	2026-10-05 18:00:44.901	2202.5	2223.6	Template	Assets/Assets/xenonauts/template/common/difficulty/setting/soldier_survival_chance.json	generated_template_common	xenonauts	-
L	286	2026-10-05 18:00:44.903	2204.3	2223.8	Template	Assets/Assets/xenonauts/template/common/difficulty/setting/regional_relations_funding.json	generated_template_common	xenonauts	-
L	298	2026-10-05 18:00:44.961	2208.0	2278.1	Template	Assets/Assets/xenonauts/template/common/difficulty/setting/allow_air_combat_auto_resolve.json	generated_template_common	xenonauts	-
L	305	2026-10-05 18:00:44.971	2210.1	2286.0	Template	Assets/Assets/xenonauts/template/common/difficulty/config/recruit.json	generated_template_common	xenonauts	-
L	314	2026-10-05 18:00:45.024	2213.2	2335.9	AudioClip	Assets/Assets/xenonauts/audio/common/music/music_strategy_default_2.ogg	generated_audio_common	xenonauts	-
L	315	2026-10-05 18:00:45.024	2213.2	2335.9	AudioClip	Assets/Assets/xenonauts/audio/common/music/music_strategy_default_1.ogg	generated_audio_common	xenonauts	-
L	316	2026-10-05 18:00:45.024	2213.6	2335.5	AudioClip	Assets/Assets/xenonauts/audio/common/music/music_strategy_default_0.ogg	generated_audio_common	xenonauts	-
L	317	2026-10-05 18:00:45.024	2213.6	2335.5	AudioClip	Assets/Assets/xenonauts/audio/common/music/music_mainmenu_default_0.ogg	generated_audio_common	xenonauts	-
L	343	2026-10-05 18:00:45.085	2219.3	2390.8	MapMeta	Assets/Assets/xenonauts/map/groundcombat/meta/authored/release/vip_extraction/farm/farm_vip_extraction_2_meta.json	generated_map_groundcombat	xenonauts	-
L	356	2026-10-05 18:00:45.086	2222.7	2388.4	MapMeta	Assets/Assets/xenonauts/map/groundcombat/meta/authored/release/testmaps/tropical_testmap_meta.json	generated_map_groundcombat	xenonauts	-
L	357	2026-10-05 18:00:45.086	2222.7	2388.4	MapMeta	Assets/Assets/xenonauts/map/groundcombat/meta/authored/release/testmaps/testmap_meta.json	generated_map_groundcombat	xenonauts	-
L	373	2026-10-05 18:00:45.139	2226.4	2437.7	MapMeta	Assets/Assets/xenonauts/map/groundcombat/meta/authored/release/terror/town_western/townwest_terror_small_4_meta.json	generated_map_groundcombat	xenonauts	-
L	374	2026-10-05 18:00:45.139	2226.8	2437.3	MapMeta	Assets/Assets/xenonauts/map/groundcombat/meta/authored/release/terror/town_western/townwest_terror_small_3_meta.json	generated_map_groundcombat	xenonauts	-
L	387	2026-10-05 18:00:45.140	2229.2	2435.9	MapMeta	Assets/Assets/xenonauts/map/groundcombat/meta/authored/release/terror/town_soviet/townsov_terror_medium_1_meta.json	generated_map_groundcombat	xenonauts	-
L	393	2026-10-05 18:00:45.186	4275.8	435.3	MapMeta	Assets/Assets/xenonauts/map/groundcombat/meta/authored/release/rescue_soldiers/dockyard/rescue_soldiers_dockyard_1_meta.json	generated_map_groundcombat	xenonauts	-
L	426	2026-10-05 18:00:45.192	4354.1	363.0	MapMeta	Assets/Assets/xenonauts/map/groundcombat/meta/authored/release/raid/polar/polar_raid_outpost_2_meta.json	generated_map_groundcombat	xenonauts	-
L	432	2026-10-05 18:00:45.194	4354.9	364.2	MapMeta	Assets/Assets/xenonauts/map/groundcombat/meta/authored/release/raid/dockyard/dockyard_raid_docks_4_meta.json	generated_map_groundcombat	xenonauts	-
L	433	2026-10-05 18:00:45.194	4355.1	364.0	MapMeta	Assets/Assets/xenonauts/map/groundcombat/meta/authored/release/raid/dockyard/dockyard_raid_docks_3_meta.json	generated_map_groundcombat	xenonauts	-
L	482	2026-10-05 18:00:45.225	4486.2	263.9	MapMeta	Assets/Assets/xenonauts/map/groundcombat/meta/authored/release/crashsite/polar/polar_large_wilderness_3_harvester_meta.json	generated_map_groundcombat	xenonauts	-
L	494	2026-10-05 18:00:45.230	4497.6	257.5	MapMeta	Assets/Assets/xenonauts/map/groundcombat/meta/authored/release/crashsite/farm/farm_small_scout_1_meta.json	generated_map_groundcombat	xenonauts	-
L	505	2026-10-05 18:00:45.231	4549.4	206.7	MapMeta	Assets/Assets/xenonauts/map/groundcombat/meta/authored/release/crashsite/farm/farm_large_fields_2_harvester_meta.json	generated_map_groundcombat	xenonauts	-
L	506	2026-10-05 18:00:45.231	4549.4	206.7	MapMeta	Assets/Assets/xenonauts/map/groundcombat/meta/authored/release/crashsite/farm/farm_large_fields_2_battleship_meta.json	generated_map_groundcombat	xenonauts	-
L	521	2026-10-05 18:00:45.232	4549.6	207.5	MapMeta	Assets/Assets/xenonauts/map/groundcombat/meta/authored/release/crashsite/dockyard/dockyard_large_docks_1_harvester_meta.json	generated_map_groundcombat	xenonauts	-
L	522	2026-10-05 18:00:45.232	4549.6	207.5	MapMeta	Assets/Assets/xenonauts/map/groundcombat/meta/authored/release/crashsite/dockyard/dockyard_large_docks_1_battleship_meta.json	generated_map_groundcombat	xenonauts	-
L	534	2026-10-05 18:00:45.233	4610.8	147.3	MapMeta	Assets/Assets/xenonauts/map/groundcombat/meta/authored/release/crashsite/desert/desert_large_construction_2_harvester_meta.json	generated_map_groundcombat	xenonauts	-
L	549	2026-10-05 18:00:45.234	4663.7	95.4	MapMeta	Assets/Assets/xenonauts/map/groundcombat/meta/authored/release/crashsite/boreal/boreal_large_sawmill_2_battleship_meta.json	generated_map_groundcombat	xenonauts	-
L	550	2026-10-05 18:00:45.234	4663.7	95.4	MapMeta	Assets/Assets/xenonauts/map/groundcombat/meta/authored/release/crashsite/boreal/boreal_large_sawmill_1_harvester_meta.json	generated_map_groundcombat	xenonauts	-
L	563	2026-10-05 18:00:45.235	4664.7	95.4	MapMeta	Assets/Assets/xenonauts/map/groundcombat/meta/authored/release/crashsite/arid/arid_large_middleeast_2_battleship_meta.json	generated_map_groundcombat	xenonauts	-
L	564	2026-10-05 18:00:45.235	4664.7	95.4	MapMeta	Assets/Assets/xenonauts/map/groundcombat/meta/authored/release/crashsite/arid/arid_large_middleeast_1_harvester_meta.json	generated_map_groundcombat	xenonauts	-
L	579	2026-10-05 18:00:45.236	2230.9	2530.2	MapMeta	Assets/Assets/xenonauts/map/groundcombat/meta/authored/release/rescue_soldiers/tropical/rescue_soldiers_tropical_raid_industrial_3_meta.json	generated_map_groundcombat	xenonauts	-
L	580	2026-10-05 18:00:45.236	2230.9	2530.2	MapMeta	Assets/Assets/xenonauts/map/groundcombat/meta/authored/release/rescue_soldiers/tropical/rescue_soldiers_tropical_raid_industrial_2_meta.json	generated_map_groundcombat	xenonauts	-
L	581	2026-10-05 18:00:45.236	2231.3	2529.8	MapMeta	Assets/Assets/xenonauts/map/groundcombat/meta/authored/release/rescue_soldiers/tropical/rescue_soldiers_tropical_raid_industrial_1_meta.json	generated_map_groundcombat	xenonauts	-
L	592	2026-10-05 18:00:45.252	4711.2	65.9	MapMeta	Assets/Assets/xenonauts/map/groundcombat/meta/authored/release/ambush/desert/ambush_desert_2_meta.json	generated_map_groundcombat	xenonauts	-
L	593	2026-10-05 18:00:45.252	4711.3	65.8	MapMeta	Assets/Assets/xenonauts/map/groundcombat/meta/authored/release/ambush/desert/ambush_desert_1_meta.json	generated_map_groundcombat	xenonauts	-
L	607	2026-10-05 18:00:45.253	4716.4	61.7	MapMeta	Assets/Assets/xenonauts/map/groundcombat/meta/authored/release/ai_test/target_selection_meta.json	generated_map_groundcombat	xenonauts	-
L	608	2026-10-05 18:00:45.253	4716.4	61.7	MapMeta	Assets/Assets/xenonauts/map/groundcombat/meta/authored/release/ai_test/squadsight_test_meta.json	generated_map_groundcombat	xenonauts	-
L	609	2026-10-05 18:00:45.253	4716.4	61.7	MapMeta	Assets/Assets/xenonauts/map/groundcombat/meta/authored/release/ai_test/squadsight_meta.json	generated_map_groundcombat	xenonauts	-
L	623	2026-10-05 18:00:45.254	4717.0	62.1	MapMeta	Assets/Assets/xenonauts/map/groundcombat/meta/authored/release/ai_test/camera_testing_meta.json	generated_map_groundcombat	xenonauts	-
L	624	2026-10-05 18:00:45.254	4717.0	62.1	GameObject	Assets/Assets/xenonauts/prefab/common/empty.prefab	generated_prefab_common	xenonauts	-
L	627	2026-10-05 18:00:45.264	4718.9	70.2	List`1	Assets/Assets/xenonauts/text/common/lists/campaign_names/campaign_second_name^zh-tw.json	generated_text_common	xenonauts	-
L	628	2026-10-05 18:00:45.264	4718.9	70.2	List`1	Assets/Assets/xenonauts/text/common/lists/campaign_names/campaign_second_name^zh-cn.json	generated_text_common	xenonauts	-
L	646	2026-10-05 18:00:45.265	4720.6	69.5	List`1	Assets/Assets/xenonauts/text/common/lists/campaign_names/campaign_first_name^es-es.json	generated_text_common	xenonauts	-
L	647	2026-10-05 18:00:45.265	4720.7	69.4	List`1	Assets/Assets/xenonauts/text/common/lists/campaign_names/campaign_first_name^de-de.json	generated_text_common	xenonauts	-
L	674	2026-10-05 18:00:45.282	4748.9	58.2	Template	Assets/Assets/xenonauts/template/common/tooltips/settings/setting_friendlyoverwatch.json	generated_template_common	xenonauts	-
L	675	2026-10-05 18:00:45.282	4749.0	58.1	Template	Assets/Assets/xenonauts/template/common/tooltips/settings/setting_focus_on_new_enemies.json	generated_template_common	xenonauts	-
L	686	2026-10-05 18:00:45.283	4750.6	57.5	Template	Assets/Assets/xenonauts/template/common/tooltips/settings/setting_autosave.json	generated_template_common	xenonauts	-
L	707	2026-10-05 18:00:45.285	4756.3	53.8	Template	Assets/Assets/xenonauts/template/common/tooltips/medals/medal_gallantry_citation.json	generated_template_common	xenonauts	-
L	717	2026-10-05 18:00:45.286	4757.0	54.1	Template	Assets/Assets/xenonauts/template/common/tooltips/main_menu/button_wiki.json	generated_template_common	xenonauts	-
L	727	2026-10-05 18:00:45.287	4757.7	54.4	Template	Assets/Assets/xenonauts/template/common/tooltips/main_menu/button_credits.json	generated_template_common	xenonauts	-
L	737	2026-10-05 18:00:45.288	4758.5	54.6	Template	Assets/Assets/xenonauts/template/common/tooltips/load_game/game_difficulty.json	generated_template_common	xenonauts	-
L	738	2026-10-05 18:00:45.288	4758.6	54.5	Template	Assets/Assets/xenonauts/template/common/tooltips/load_game/game_created.json	generated_template_common	xenonauts	-
L	748	2026-10-05 18:00:45.289	4759.3	54.8	Template	Assets/Assets/xenonauts/template/common/tooltips/features/weapon_energy.json	generated_template_common	xenonauts	-
L	758	2026-10-05 18:00:45.290	4760.0	55.1	Template	Assets/Assets/xenonauts/template/common/tooltips/features/robotic.json	generated_template_common	xenonauts	-
L	769	2026-10-05 18:00:45.291	4760.6	55.5	Template	Assets/Assets/xenonauts/template/common/tooltips/features/armour_exosuit_tubonus.json	generated_template_common	xenonauts	-
L	770	2026-10-05 18:00:45.291	4760.7	55.4	Template	Assets/Assets/xenonauts/template/common/tooltips/features/armour_exosuit_360vision.json	generated_template_common	xenonauts	-
L	779	2026-10-05 18:00:45.292	4761.3	55.8	Template	Assets/Assets/xenonauts/template/common/tooltips/features/alien_psyon_mesmerise.json	generated_template_common	xenonauts	-
L	780	2026-10-05 18:00:45.292	4761.4	55.7	Template	Assets/Assets/xenonauts/template/common/tooltips/features/alien_psionic_mindwar.json	generated_template_common	xenonauts	-
L	792	2026-10-05 18:00:45.300	4777.3	47.8	Template	Assets/Assets/xenonauts/template/common/tooltips/concepts/use_cost.json	generated_template_common	xenonauts	-
L	810	2026-10-05 18:00:45.302	4778.6	48.5	Template	Assets/Assets/xenonauts/template/common/tooltips/concepts/soldiers.json	generated_template_common	xenonauts	-
L	811	2026-10-05 18:00:45.302	4778.7	48.4	Template	Assets/Assets/xenonauts/template/common/tooltips/concepts/soldier_role.json	generated_template_common	xenonauts	-
L	820	2026-10-05 18:00:45.303	4779.2	48.9	Template	Assets/Assets/xenonauts/template/common/tooltips/concepts/reflexes_modifier.json	generated_template_common	xenonauts	-
L	828	2026-10-05 18:00:45.307	4789.6	42.5	Template	Assets/Assets/xenonauts/template/common/tooltips/concepts/personnel_earnings.json	generated_template_common	xenonauts	-
L	837	2026-10-05 18:00:45.308	4790.1	43.0	Template	Assets/Assets/xenonauts/template/common/tooltips/concepts/morale_break.json	generated_template_common	xenonauts	-
L	221	2026-10-05 18:00:44.762	2178.5	2108.5	Template	Assets/Assets/xenonauts/template/common/language/ru-ru.json	generated_template_common	xenonauts	-
L	222	2026-10-05 18:00:44.762	2178.9	2108.1	Template	Assets/Assets/xenonauts/template/common/language/pt-br.json	generated_template_common	xenonauts	-
L	242	2026-10-05 18:00:44.829	2186.9	2167.1	Template	Assets/Assets/xenonauts/template/common/achievement_stats/victory_recruit.json	generated_template_common	xenonauts	-
L	267	2026-10-05 18:00:44.888	2194.8	2218.2	Template	Assets/Assets/xenonauts/template/common/achievements/ach_kill_battleship_sum_1.json	generated_template_common	xenonauts	-
L	268	2026-10-05 18:00:44.888	2195.3	2217.7	Template	Assets/Assets/xenonauts/template/common/achievements/ach_kill_alien_sum_1.json	generated_template_common	xenonauts	-
L	281	2026-10-05 18:00:44.900	2199.9	2225.1	Template	Assets/Assets/xenonauts/template/common/difficulty/setting/starting_operation_points.json	generated_template_common	xenonauts	-
L	282	2026-10-05 18:00:44.901	2202.5	2223.5	Template	Assets/Assets/xenonauts/template/common/difficulty/setting/starting_funds.json	generated_template_common	xenonauts	-
L	293	2026-10-05 18:00:44.960	2206.1	2278.9	Template	Assets/Assets/xenonauts/template/common/difficulty/setting/combat_shield_effectiveness.json	generated_template_common	xenonauts	-
L	294	2026-10-05 18:00:44.960	2207.0	2278.0	Template	Assets/Assets/xenonauts/template/common/difficulty/setting/enemy_accuracy.json	generated_template_common	xenonauts	-
L	297	2026-10-05 18:00:44.961	2207.5	2278.5	Template	Assets/Assets/xenonauts/template/common/difficulty/setting/allow_night_missions.json	generated_template_common	xenonauts	-
L	307	2026-10-05 18:00:44.972	2210.9	2286.1	AudioClip	Assets/Assets/xenonauts/audio/groundcombat/sfx/environmental/vehicle_engine_idle.ogg	generated_audio_groundcombat	xenonauts	-
L	312	2026-10-05 18:00:45.024	2212.7	2336.3	AudioClip	Assets/Assets/xenonauts/audio/common/music/music_strategy_default_4.ogg	generated_audio_common	xenonauts	-
L	313	2026-10-05 18:00:45.024	2212.7	2336.3	AudioClip	Assets/Assets/xenonauts/audio/common/music/music_strategy_default_3.ogg	generated_audio_common	xenonauts	-
L	342	2026-10-05 18:00:45.085	2219.2	2390.8	MapMeta	Assets/Assets/xenonauts/map/groundcombat/meta/authored/release/vip_extraction/polar/polar_vip_extraction_1_meta.json	generated_map_groundcombat	xenonauts	-
L	372	2026-10-05 18:00:45.139	2226.4	2437.6	MapMeta	Assets/Assets/xenonauts/map/groundcombat/meta/authored/release/terror/town_western/townwest_terror_small_5_meta.json	generated_map_groundcombat	xenonauts	-
L	385	2026-10-05 18:00:45.140	2228.8	2436.2	MapMeta	Assets/Assets/xenonauts/map/groundcombat/meta/authored/release/terror/town_soviet/townsov_terror_medium_4_meta.json	generated_map_groundcombat	xenonauts	-
L	386	2026-10-05 18:00:45.140	2229.2	2435.8	MapMeta	Assets/Assets/xenonauts/map/groundcombat/meta/authored/release/terror/town_soviet/townsov_terror_medium_3_meta.json	generated_map_groundcombat	xenonauts	-
L	391	2026-10-05 18:00:45.186	2261.6	2449.4	MapMeta	Assets/Assets/xenonauts/map/groundcombat/meta/authored/release/rescue_soldiers/dockyard/rescue_soldiers_dockyard_3_meta.json	generated_map_groundcombat	xenonauts	-
L	392	2026-10-05 18:00:45.186	4275.7	435.3	MapMeta	Assets/Assets/xenonauts/map/groundcombat/meta/authored/release/rescue_soldiers/dockyard/rescue_soldiers_dockyard_2_meta.json	generated_map_groundcombat	xenonauts	-
L	431	2026-10-05 18:00:45.194	4354.9	364.1	MapMeta	Assets/Assets/xenonauts/map/groundcombat/meta/authored/release/raid/farm/farm_raid_barns_1_meta.json	generated_map_groundcombat	xenonauts	-
L	442	2026-10-05 18:00:45.195	4357.0	363.0	MapMeta	Assets/Assets/xenonauts/map/groundcombat/meta/authored/release/raid/boreal/boreal_raid_sawmill_3_meta.json	generated_map_groundcombat	xenonauts	-
L	453	2026-10-05 18:00:45.203	4413.6	314.4	MapMeta	Assets/Assets/xenonauts/map/groundcombat/meta/authored/release/data_raid/cleaner_dataraid_western_3_meta.json	generated_map_groundcombat	xenonauts	-
L	454	2026-10-05 18:00:45.203	4413.6	314.4	MapMeta	Assets/Assets/xenonauts/map/groundcombat/meta/authored/release/data_raid/cleaner_dataraid_western_2_meta.json	generated_map_groundcombat	xenonauts	-
L	468	2026-10-05 18:00:45.223	4427.8	320.2	MapMeta	Assets/Assets/xenonauts/map/groundcombat/meta/authored/release/crashsite/tropical/tropical_large_jungle_2_harvester_meta.json	generated_map_groundcombat	xenonauts	-
L	469	2026-10-05 18:00:45.223	4427.8	320.2	MapMeta	Assets/Assets/xenonauts/map/groundcombat/meta/authored/release/crashsite/tropical/tropical_large_jungle_2_battleship_meta.json	generated_map_groundcombat	xenonauts	-
L	480	2026-10-05 18:00:45.225	4485.8	264.2	MapMeta	Assets/Assets/xenonauts/map/groundcombat/meta/authored/release/crashsite/polar/polar_medium_wilderness_2_meta.json	generated_map_groundcombat	xenonauts	-
L	481	2026-10-05 18:00:45.225	4486.2	263.8	MapMeta	Assets/Assets/xenonauts/map/groundcombat/meta/authored/release/crashsite/polar/polar_medium_wilderness_1_meta.json	generated_map_groundcombat	xenonauts	-
L	493	2026-10-05 18:00:45.230	4497.5	257.5	MapMeta	Assets/Assets/xenonauts/map/groundcombat/meta/authored/release/crashsite/farm/farm_small_scout_2_meta.json	generated_map_groundcombat	xenonauts	-
L	519	2026-10-05 18:00:45.232	4549.6	207.4	MapMeta	Assets/Assets/xenonauts/map/groundcombat/meta/authored/release/crashsite/dockyard/dockyard_large_docks_2_harvester_meta.json	generated_map_groundcombat	xenonauts	-
L	520	2026-10-05 18:00:45.232	4549.6	207.4	MapMeta	Assets/Assets/xenonauts/map/groundcombat/meta/authored/release/crashsite/dockyard/dockyard_large_docks_2_battleship_meta.json	generated_map_groundcombat	xenonauts	-
L	533	2026-10-05 18:00:45.233	4610.6	147.4	MapMeta	Assets/Assets/xenonauts/map/groundcombat/meta/authored/release/crashsite/desert/desert_large_construction_3_battleship_meta.json	generated_map_groundcombat	xenonauts	-
L	548	2026-10-05 18:00:45.234	4663.4	95.6	MapMeta	Assets/Assets/xenonauts/map/groundcombat/meta/authored/release/crashsite/boreal/boreal_large_sawmill_2_harvester_meta.json	generated_map_groundcombat	xenonauts	-
L	561	2026-10-05 18:00:45.235	4664.6	95.4	MapMeta	Assets/Assets/xenonauts/map/groundcombat/meta/authored/release/crashsite/arid/arid_large_middleeast_3_battleship_meta.json	generated_map_groundcombat	xenonauts	-
L	562	2026-10-05 18:00:45.235	4664.6	95.4	MapMeta	Assets/Assets/xenonauts/map/groundcombat/meta/authored/release/crashsite/arid/arid_large_middleeast_2_harvester_meta.json	generated_map_groundcombat	xenonauts	-
L	578	2026-10-05 18:00:45.236	2230.5	2530.5	MapMeta	Assets/Assets/xenonauts/map/groundcombat/meta/authored/release/rescue_soldiers/tropical/rescue_soldiers_tropical_raid_industrial_4_meta.json	generated_map_groundcombat	xenonauts	-
L	591	2026-10-05 18:00:45.252	4711.2	65.8	MapMeta	Assets/Assets/xenonauts/map/groundcombat/meta/authored/release/ambush/dockyard/ambush_dockyard_1_meta.json	generated_map_groundcombat	xenonauts	-
L	622	2026-10-05 18:00:45.254	4716.9	62.1	MapMeta	Assets/Assets/xenonauts/map/groundcombat/meta/authored/release/ai_test/civilian_meta.json	generated_map_groundcombat	xenonauts	-
L	644	2026-10-05 18:00:45.265	4720.4	69.6	List`1	Assets/Assets/xenonauts/text/common/lists/campaign_names/campaign_first_name^ko-kr.json	generated_text_common	xenonauts	-
L	645	2026-10-05 18:00:45.265	4720.5	69.5	List`1	Assets/Assets/xenonauts/text/common/lists/campaign_names/campaign_first_name^ja-jp.json	generated_text_common	xenonauts	-
L	651	2026-10-05 18:00:45.266	4728.0	63.0	Template	Assets/Assets/xenonauts/template/common/tooltips/settings/setting_volume_sfx.json	generated_template_common	xenonauts	-
L	652	2026-10-05 18:00:45.266	4728.1	62.9	Template	Assets/Assets/xenonauts/template/common/tooltips/settings/setting_volume_music.json	generated_template_common	xenonauts	-
L	661	2026-10-05 18:00:45.267	4728.8	63.2	Template	Assets/Assets/xenonauts/template/common/tooltips/settings/setting_soldierroleicon.json	generated_template_common	xenonauts	-
L	685	2026-10-05 18:00:45.283	4750.5	57.5	Template	Assets/Assets/xenonauts/template/common/tooltips/settings/setting_brightness.json	generated_template_common	xenonauts	-
L	696	2026-10-05 18:00:45.284	4755.6	53.4	Template	Assets/Assets/xenonauts/template/common/tooltips/settings/button_mod_upload.json	generated_template_common	xenonauts	-
L	705	2026-10-05 18:00:45.285	4756.2	53.8	Template	Assets/Assets/xenonauts/template/common/tooltips/new_game/button_tutorial.json	generated_template_common	xenonauts	-
L	706	2026-10-05 18:00:45.285	4756.3	53.7	Template	Assets/Assets/xenonauts/template/common/tooltips/medals/medal_goldenstar.json	generated_template_common	xenonauts	-
L	716	2026-10-05 18:00:45.286	4757.0	54.0	Template	Assets/Assets/xenonauts/template/common/tooltips/main_menu/button_wishlist.json	generated_template_common	xenonauts	-
L	747	2026-10-05 18:00:45.289	4759.1	54.9	Template	Assets/Assets/xenonauts/template/common/tooltips/features/weapon_low_recoil.json	generated_template_common	xenonauts	-
L	767	2026-10-05 18:00:45.291	4760.5	55.5	Template	Assets/Assets/xenonauts/template/common/tooltips/features/armour_stealthsuit_camo.json	generated_template_common	xenonauts	-
L	768	2026-10-05 18:00:45.291	4760.6	55.4	Template	Assets/Assets/xenonauts/template/common/tooltips/features/armour_gasimmune.json	generated_template_common	xenonauts	-
L	777	2026-10-05 18:00:45.292	4761.2	55.8	Template	Assets/Assets/xenonauts/template/common/tooltips/features/alien_sebillian_poorvision.json	generated_template_common	xenonauts	-
L	778	2026-10-05 18:00:45.292	4761.3	55.7	Template	Assets/Assets/xenonauts/template/common/tooltips/features/alien_reaper_infest.json	generated_template_common	xenonauts	-
L	787	2026-10-05 18:00:45.293	4761.9	56.1	Template	Assets/Assets/xenonauts/template/common/tooltips/features/alien_crushable.json	generated_template_common	xenonauts	-
L	790	2026-10-05 18:00:45.300	4777.2	47.8	Template	Assets/Assets/xenonauts/template/common/tooltips/features/alien_bodysize_large.json	generated_template_common	xenonauts	-
L	791	2026-10-05 18:00:45.300	4777.3	47.7	Template	Assets/Assets/xenonauts/template/common/tooltips/concepts/weight.json	generated_template_common	xenonauts	-
L	800	2026-10-05 18:00:45.301	4777.9	48.1	Template	Assets/Assets/xenonauts/template/common/tooltips/concepts/time.json	generated_template_common	xenonauts	-
L	801	2026-10-05 18:00:45.301	4778.0	48.0	Template	Assets/Assets/xenonauts/template/common/tooltips/concepts/survival.json	generated_template_common	xenonauts	-
L	204	2026-10-05 18:00:42.719	2133.5	110.4	UIElementAsset	Assets/Assets/xenonauts/ui/common/elements/dispose_element.prefab	generated_ui_common	xenonauts	-
L	249	2026-10-05 18:00:44.830	2188.8	2166.1	Template	Assets/Assets/xenonauts/template/common/achievement_stats/kill_friendly_fire_sum.json	generated_template_common	xenonauts	-
L	250	2026-10-05 18:00:44.830	2189.6	2165.3	Template	Assets/Assets/xenonauts/template/common/achievement_stats/kill_energy_sum.json	generated_template_common	xenonauts	-
L	262	2026-10-05 18:00:44.885	2193.6	2216.3	Template	Assets/Assets/xenonauts/template/common/achievements/ach_mission_complete_cleaner_base.json	generated_template_common	xenonauts	-
L	288	2026-10-05 18:00:44.956	2204.9	2276.0	Template	Assets/Assets/xenonauts/template/common/difficulty/setting/operation_points_modifier.json	generated_template_common	xenonauts	-
L	340	2026-10-05 18:00:45.085	2218.6	2391.3	MapMeta	Assets/Assets/xenonauts/map/groundcombat/meta/authored/release/vip_extraction/tropical/tropical_vip_extraction_1_meta.json	generated_map_groundcombat	xenonauts	-
L	341	2026-10-05 18:00:45.085	2218.6	2391.3	MapMeta	Assets/Assets/xenonauts/map/groundcombat/meta/authored/release/vip_extraction/polar/polar_vip_extraction_2_meta.json	generated_map_groundcombat	xenonauts	-
L	354	2026-10-05 18:00:45.086	2222.2	2388.7	MapMeta	Assets/Assets/xenonauts/map/groundcombat/meta/authored/release/vip_elimination/vip_elimination_dockayard_2_meta.json	generated_map_groundcombat	xenonauts	-
L	355	2026-10-05 18:00:45.086	2222.2	2388.7	MapMeta	Assets/Assets/xenonauts/map/groundcombat/meta/authored/release/vip_elimination/vip_elimination_dockayard_1_meta.json	generated_map_groundcombat	xenonauts	-
L	371	2026-10-05 18:00:45.139	2225.9	2438.0	MapMeta	Assets/Assets/xenonauts/map/groundcombat/meta/authored/release/testmaps/map_test_release_meta.json	generated_map_groundcombat	xenonauts	-
L	390	2026-10-05 18:00:45.186	2261.5	2449.4	MapMeta	Assets/Assets/xenonauts/map/groundcombat/meta/authored/release/rescue_soldiers/dockyard/rescue_soldiers_dockyard_4_meta.json	generated_map_groundcombat	xenonauts	-
L	404	2026-10-05 18:00:45.187	4276.0	435.9	MapMeta	Assets/Assets/xenonauts/map/groundcombat/meta/authored/release/rescue_soldiers/arid/rescue_soldiers_arid_2_meta.json	generated_map_groundcombat	xenonauts	-
L	424	2026-10-05 18:00:45.192	4348.0	368.9	MapMeta	Assets/Assets/xenonauts/map/groundcombat/meta/authored/release/raid/polar/polar_raid_outpost_3_meta.json	generated_map_groundcombat	xenonauts	-
L	430	2026-10-05 18:00:45.194	4354.7	364.2	MapMeta	Assets/Assets/xenonauts/map/groundcombat/meta/authored/release/raid/farm/farm_raid_barns_2_meta.json	generated_map_groundcombat	xenonauts	-
L	452	2026-10-05 18:00:45.203	4413.2	314.7	MapMeta	Assets/Assets/xenonauts/map/groundcombat/meta/authored/release/data_raid/cleaner_dataraid_western_4_meta.json	generated_map_groundcombat	xenonauts	-
L	467	2026-10-05 18:00:45.223	4426.3	321.6	MapMeta	Assets/Assets/xenonauts/map/groundcombat/meta/authored/release/crashsite/tropical/tropical_large_jungle_3_battleship_meta.json	generated_map_groundcombat	xenonauts	-
L	476	2026-10-05 18:00:45.224	4482.7	266.2	MapMeta	Assets/Assets/xenonauts/map/groundcombat/meta/authored/release/crashsite/polar/polar_small_scout_2_meta.json	generated_map_groundcombat	xenonauts	-
L	503	2026-10-05 18:00:45.231	4549.3	206.6	MapMeta	Assets/Assets/xenonauts/map/groundcombat/meta/authored/release/crashsite/farm/farm_large_fields_3_harvester_meta.json	generated_map_groundcombat	xenonauts	-
L	504	2026-10-05 18:00:45.231	4549.3	206.6	MapMeta	Assets/Assets/xenonauts/map/groundcombat/meta/authored/release/crashsite/farm/farm_large_fields_3_battleship_meta.json	generated_map_groundcombat	xenonauts	-
L	518	2026-10-05 18:00:45.232	4549.6	207.3	MapMeta	Assets/Assets/xenonauts/map/groundcombat/meta/authored/release/crashsite/dockyard/dockyard_large_docks_3_battleship_meta.json	generated_map_groundcombat	xenonauts	-
L	531	2026-10-05 18:00:45.233	4610.5	147.4	MapMeta	Assets/Assets/xenonauts/map/groundcombat/meta/authored/release/crashsite/desert/desert_medium_construction_1_meta.json	generated_map_groundcombat	xenonauts	-
L	532	2026-10-05 18:00:45.233	4610.6	147.3	MapMeta	Assets/Assets/xenonauts/map/groundcombat/meta/authored/release/crashsite/desert/desert_large_construction_3_harvester_meta.json	generated_map_groundcombat	xenonauts	-
L	547	2026-10-05 18:00:45.234	4611.6	147.3	MapMeta	Assets/Assets/xenonauts/map/groundcombat/meta/authored/release/crashsite/boreal/boreal_large_sawmill_3_battleship_meta.json	generated_map_groundcombat	xenonauts	-
L	577	2026-10-05 18:00:45.236	2230.4	2530.5	MapMeta	Assets/Assets/xenonauts/map/groundcombat/meta/authored/release/standalone/cleaner_base_2_meta.json	generated_map_groundcombat	xenonauts	-
L	590	2026-10-05 18:00:45.252	4711.0	65.9	MapMeta	Assets/Assets/xenonauts/map/groundcombat/meta/authored/release/ambush/dockyard/ambush_dockyard_2_meta.json	generated_map_groundcombat	xenonauts	-
L	604	2026-10-05 18:00:45.253	4712.0	65.9	MapMeta	Assets/Assets/xenonauts/map/groundcombat/meta/authored/release/alienbase/alienbase_medium_2_meta.json	generated_map_groundcombat	xenonauts	-
L	605	2026-10-05 18:00:45.253	4716.0	61.9	MapMeta	Assets/Assets/xenonauts/map/groundcombat/meta/authored/release/alienbase/alienbase_medium_1_meta.json	generated_map_groundcombat	xenonauts	-
L	606	2026-10-05 18:00:45.253	4716.3	61.6	MapMeta	Assets/Assets/xenonauts/map/groundcombat/meta/authored/release/ai_test/verticality_meta.json	generated_map_groundcombat	xenonauts	-
L	621	2026-10-05 18:00:45.254	4716.8	62.1	MapMeta	Assets/Assets/xenonauts/map/groundcombat/meta/authored/release/ai_test/cover_seeking_meta.json	generated_map_groundcombat	xenonauts	-
L	643	2026-10-05 18:00:45.265	4720.3	69.6	List`1	Assets/Assets/xenonauts/text/common/lists/campaign_names/campaign_first_name^nl-nl.json	generated_text_common	xenonauts	-
L	672	2026-10-05 18:00:45.282	4748.7	58.2	Template	Assets/Assets/xenonauts/template/common/tooltips/settings/setting_gamma.json	generated_template_common	xenonauts	-
L	673	2026-10-05 18:00:45.282	4748.9	58.0	Template	Assets/Assets/xenonauts/template/common/tooltips/settings/setting_fullscreenmode.json	generated_template_common	xenonauts	-
L	683	2026-10-05 18:00:45.283	4750.4	57.5	Template	Assets/Assets/xenonauts/template/common/tooltips/settings/setting_camera_window_lock.json	generated_template_common	xenonauts	-
L	684	2026-10-05 18:00:45.283	4750.4	57.5	Template	Assets/Assets/xenonauts/template/common/tooltips/settings/setting_camera_return_mode.json	generated_template_common	xenonauts	-
L	695	2026-10-05 18:00:45.284	4755.4	53.5	Template	Assets/Assets/xenonauts/template/common/tooltips/settings/button_refresh_mods.json	generated_template_common	xenonauts	-
L	715	2026-10-05 18:00:45.286	4756.8	54.1	Template	Assets/Assets/xenonauts/template/common/tooltips/main_menu/game_version.json	generated_template_common	xenonauts	-
L	725	2026-10-05 18:00:45.287	4757.6	54.3	Template	Assets/Assets/xenonauts/template/common/tooltips/main_menu/button_exitgame.json	generated_template_common	xenonauts	-
L	726	2026-10-05 18:00:45.287	4757.7	54.2	Template	Assets/Assets/xenonauts/template/common/tooltips/main_menu/button_discord.json	generated_template_common	xenonauts	-
L	735	2026-10-05 18:00:45.288	4758.4	54.5	Template	Assets/Assets/xenonauts/template/common/tooltips/load_game/game_play_time.json	generated_template_common	xenonauts	-
L	736	2026-10-05 18:00:45.288	4758.5	54.4	Template	Assets/Assets/xenonauts/template/common/tooltips/load_game/game_mod_checkbox.json	generated_template_common	xenonauts	-
L	757	2026-10-05 18:00:45.290	4759.8	55.1	Template	Assets/Assets/xenonauts/template/common/tooltips/features/ufo_cannotcrash.json	generated_template_common	xenonauts	-
L	217	2026-10-05 18:00:44.751	2177.6	2098.2	UIElementAsset	Assets/Assets/xenonauts/ui/mainmenu/elements/main_menu_element.prefab	generated_ui_mainmenu	xenonauts	-
L	218	2026-10-05 18:00:44.751	2178.0	2097.8	UIElementAsset	Assets/Assets/xenonauts/ui/common/elements/content_pack_menu_element.prefab	generated_ui_common	xenonauts	-
L	219	2026-10-05 18:00:44.751	2178.0	2097.8	Template	Assets/Assets/xenonauts/template/common/language/zh-tw.json	generated_template_common	xenonauts	-
L	220	2026-10-05 18:00:44.751	2178.4	2097.4	Template	Assets/Assets/xenonauts/template/common/language/zh-cn.json	generated_template_common	xenonauts	-
L	227	2026-10-05 18:00:44.764	2179.8	2109.0	Template	Assets/Assets/xenonauts/template/common/language/fr-fr.json	generated_template_common	xenonauts	-
L	228	2026-10-05 18:00:44.764	2180.3	2108.5	Template	Assets/Assets/xenonauts/template/common/language/es-es.json	generated_template_common	xenonauts	-
L	238	2026-10-05 18:00:44.823	2184.8	2163.0	Material	Assets/Assets/xenonauts/material/common/missing_material.mat	generated_material_common	xenonauts	-
L	239	2026-10-05 18:00:44.823	2184.8	2163.0	Template	Assets/Assets/xenonauts/template/common/color_palettes/master.json	generated_template_common	xenonauts	-
L	240	2026-10-05 18:00:44.823	2186.2	2161.6	Template	Assets/Assets/xenonauts/template/common/achievement_stats/victory_veteran.json	generated_template_common	xenonauts	-
L	241	2026-10-05 18:00:44.829	2186.2	2167.6	Template	Assets/Assets/xenonauts/template/common/achievement_stats/victory_soldier.json	generated_template_common	xenonauts	-
L	257	2026-10-05 18:00:44.832	2191.9	2164.9	Template	Assets/Assets/xenonauts/template/common/achievements/ach_victory_soldier_1.json	generated_template_common	xenonauts	-
L	258	2026-10-05 18:00:44.832	2192.6	2164.2	Template	Assets/Assets/xenonauts/template/common/achievements/ach_victory_recruit_1.json	generated_template_common	xenonauts	-
L	261	2026-10-05 18:00:44.885	2193.1	2216.7	Template	Assets/Assets/xenonauts/template/common/achievements/ach_rank_xenonaut_colonel_sum_1.json	generated_template_common	xenonauts	-
L	271	2026-10-05 18:00:44.889	2195.7	2218.1	Template	Assets/Assets/xenonauts/template/common/achievements/ach_death_xenonaut_sum_1.json	generated_template_common	xenonauts	-
L	272	2026-10-05 18:00:44.889	2196.0	2217.8	Template	Assets/Assets/xenonauts/template/common/achievements/ach_built_geo_base_sum_1.json	generated_template_common	xenonauts	-
L	279	2026-10-05 18:00:44.895	2198.4	2221.4	Template	Assets/Assets/xenonauts/template/common/difficulty/setting/starting_regional_relations.json	generated_template_common	xenonauts	-
L	287	2026-10-05 18:00:44.956	2204.3	2276.5	Template	Assets/Assets/xenonauts/template/common/difficulty/setting/doomsday_counter_modifier.json	generated_template_common	xenonauts	-
L	306	2026-10-05 18:00:44.972	2210.8	2286.0	AudioClip	Assets/Assets/xenonauts/audio/groundcombat/sfx/weapon/fire/fire_ballistic_rifle_0.ogg	generated_audio_groundcombat	xenonauts	-
L	352	2026-10-05 18:00:45.086	2221.8	2389.0	MapMeta	Assets/Assets/xenonauts/map/groundcombat/meta/authored/release/vip_extraction/arid/arid_vipextraction_1_meta.json	generated_map_groundcombat	xenonauts	-
L	353	2026-10-05 18:00:45.086	2221.8	2389.0	MapMeta	Assets/Assets/xenonauts/map/groundcombat/meta/authored/release/vip_elimination/vip_elimination_dockyard_3_meta.json	generated_map_groundcombat	xenonauts	-
L	369	2026-10-05 18:00:45.139	2225.4	2438.4	MapMeta	Assets/Assets/xenonauts/map/groundcombat/meta/authored/release/testmaps/proptest_arid_meta.json	generated_map_groundcombat	xenonauts	-
L	370	2026-10-05 18:00:45.139	2225.9	2437.9	MapMeta	Assets/Assets/xenonauts/map/groundcombat/meta/authored/release/testmaps/proptest_alienbase_meta.json	generated_map_groundcombat	xenonauts	-
L	383	2026-10-05 18:00:45.140	2228.3	2436.5	MapMeta	Assets/Assets/xenonauts/map/groundcombat/meta/authored/release/terror/town_soviet/townsov_terror_small_2_meta.json	generated_map_groundcombat	xenonauts	-
L	384	2026-10-05 18:00:45.140	2228.7	2436.1	MapMeta	Assets/Assets/xenonauts/map/groundcombat/meta/authored/release/terror/town_soviet/townsov_terror_small_1_meta.json	generated_map_groundcombat	xenonauts	-
L	402	2026-10-05 18:00:45.187	4276.0	435.8	MapMeta	Assets/Assets/xenonauts/map/groundcombat/meta/authored/release/rescue_soldiers/arid/rescue_soldiers_arid_4_meta.json	generated_map_groundcombat	xenonauts	-
L	403	2026-10-05 18:00:45.187	4276.0	435.8	MapMeta	Assets/Assets/xenonauts/map/groundcombat/meta/authored/release/rescue_soldiers/arid/rescue_soldiers_arid_3_meta.json	generated_map_groundcombat	xenonauts	-
L	423	2026-10-05 18:00:45.192	4348.0	368.8	MapMeta	Assets/Assets/xenonauts/map/groundcombat/meta/authored/release/raid/polar/polar_raid_outpost_4_meta.json	generated_map_groundcombat	xenonauts	-
L	428	2026-10-05 18:00:45.194	4354.5	364.3	MapMeta	Assets/Assets/xenonauts/map/groundcombat/meta/authored/release/raid/farm/farm_raid_barns_4_meta.json	generated_map_groundcombat	xenonauts	-
L	429	2026-10-05 18:00:45.194	4354.7	364.1	MapMeta	Assets/Assets/xenonauts/map/groundcombat/meta/authored/release/raid/farm/farm_raid_barns_3_meta.json	generated_map_groundcombat	xenonauts	-
L	451	2026-10-05 18:00:45.203	4413.2	314.6	MapMeta	Assets/Assets/xenonauts/map/groundcombat/meta/authored/release/data_raid/uoo_dataraid_orbital_1_meta.json	generated_map_groundcombat	xenonauts	-
L	466	2026-10-05 18:00:45.223	4426.2	321.6	MapMeta	Assets/Assets/xenonauts/map/groundcombat/meta/authored/release/crashsite/tropical/tropical_large_jungle_3_harvester_meta.json	generated_map_groundcombat	xenonauts	-
L	474	2026-10-05 18:00:45.224	4481.8	267.0	MapMeta	Assets/Assets/xenonauts/map/groundcombat/meta/authored/release/crashsite/polar/polar_small_wilderness_2_meta.json	generated_map_groundcombat	xenonauts	-
L	475	2026-10-05 18:00:45.224	4482.7	266.1	MapMeta	Assets/Assets/xenonauts/map/groundcombat/meta/authored/release/crashsite/polar/polar_small_wilderness_1_meta.json	generated_map_groundcombat	xenonauts	-
L	478	2026-10-05 18:00:45.225	4485.2	264.6	MapMeta	Assets/Assets/xenonauts/map/groundcombat/meta/authored/release/crashsite/polar/polar_small_scout_1_meta.json	generated_map_groundcombat	xenonauts	-
L	479	2026-10-05 18:00:45.225	4485.7	264.1	MapMeta	Assets/Assets/xenonauts/map/groundcombat/meta/authored/release/crashsite/polar/polar_medium_wilderness_3_meta.json	generated_map_groundcombat	xenonauts	-
L	501	2026-10-05 18:00:45.231	4549.3	206.5	MapMeta	Assets/Assets/xenonauts/map/groundcombat/meta/authored/release/crashsite/farm/farm_medium_fields_2_meta.json	generated_map_groundcombat	xenonauts	-
L	502	2026-10-05 18:00:45.231	4549.3	206.5	MapMeta	Assets/Assets/xenonauts/map/groundcombat/meta/authored/release/crashsite/farm/farm_medium_fields_1_meta.json	generated_map_groundcombat	xenonauts	-
L	517	2026-10-05 18:00:45.232	4549.5	207.3	MapMeta	Assets/Assets/xenonauts/map/groundcombat/meta/authored/release/crashsite/dockyard/dockyard_large_docks_3_harvester_meta.json	generated_map_groundcombat	xenonauts	-
L	529	2026-10-05 18:00:45.233	4610.4	147.4	MapMeta	Assets/Assets/xenonauts/map/groundcombat/meta/authored/release/crashsite/desert/desert_medium_construction_3_meta.json	generated_map_groundcombat	xenonauts	-
L	530	2026-10-05 18:00:45.233	4610.5	147.3	MapMeta	Assets/Assets/xenonauts/map/groundcombat/meta/authored/release/crashsite/desert/desert_medium_construction_2_meta.json	generated_map_groundcombat	xenonauts	-
L	543	2026-10-05 18:00:45.234	4611.4	147.4	MapMeta	Assets/Assets/xenonauts/map/groundcombat/meta/authored/release/crashsite/boreal/boreal_medium_sawmill_3_meta.json	generated_map_groundcombat	xenonauts	-
L	544	2026-10-05 18:00:45.234	4611.5	147.3	MapMeta	Assets/Assets/xenonauts/map/groundcombat/meta/authored/release/crashsite/boreal/boreal_medium_sawmill_2_meta.json	generated_map_groundcombat	xenonauts	-
L	545	2026-10-05 18:00:45.234	4611.5	147.3	MapMeta	Assets/Assets/xenonauts/map/groundcombat/meta/authored/release/crashsite/boreal/boreal_medium_sawmill_1_meta.json	generated_map_groundcombat	xenonauts	-
L	546	2026-10-05 18:00:45.234	4611.6	147.2	MapMeta	Assets/Assets/xenonauts/map/groundcombat/meta/authored/release/crashsite/boreal/boreal_large_sawmill_3_harvester_meta.json	generated_map_groundcombat	xenonauts	-
L	559	2026-10-05 18:00:45.235	4664.4	95.4	MapMeta	Assets/Assets/xenonauts/map/groundcombat/meta/authored/release/crashsite/arid/arid_medium_middleeast_1_meta.json	generated_map_groundcombat	xenonauts	-
L	560	2026-10-05 18:00:45.235	4664.4	95.4	MapMeta	Assets/Assets/xenonauts/map/groundcombat/meta/authored/release/crashsite/arid/arid_large_middleeast_3_harvester_meta.json	generated_map_groundcombat	xenonauts	-
L	575	2026-10-05 18:00:45.236	2230.0	2530.8	MapMeta	Assets/Assets/xenonauts/map/groundcombat/meta/authored/release/standalone/endgame_surface_meta.json	generated_map_groundcombat	xenonauts	-
L	576	2026-10-05 18:00:45.236	2230.0	2530.8	MapMeta	Assets/Assets/xenonauts/map/groundcombat/meta/authored/release/standalone/cleaner_base_meta.json	generated_map_groundcombat	xenonauts	-
L	589	2026-10-05 18:00:45.252	4711.0	65.8	MapMeta	Assets/Assets/xenonauts/map/groundcombat/meta/authored/release/ambush/farm/ambush_farm_1_meta.json	generated_map_groundcombat	xenonauts	-
L	602	2026-10-05 18:00:45.253	4711.9	65.9	MapMeta	Assets/Assets/xenonauts/map/groundcombat/meta/authored/release/alienbase/alienbase_small_1_meta.json	generated_map_groundcombat	xenonauts	-
L	603	2026-10-05 18:00:45.253	4712.0	65.8	MapMeta	Assets/Assets/xenonauts/map/groundcombat/meta/authored/release/alienbase/alienbase_medium_3_meta.json	generated_map_groundcombat	xenonauts	-
L	618	2026-10-05 18:00:45.254	4716.6	62.2	MapMeta	Assets/Assets/xenonauts/map/groundcombat/meta/authored/release/ai_test/firemode_selection_logtest_meta.json	generated_map_groundcombat	xenonauts	-
L	619	2026-10-05 18:00:45.254	4716.7	62.1	MapMeta	Assets/Assets/xenonauts/map/groundcombat/meta/authored/release/ai_test/firemode_selection_3_meta.json	generated_map_groundcombat	xenonauts	-
L	620	2026-10-05 18:00:45.254	4716.7	62.1	MapMeta	Assets/Assets/xenonauts/map/groundcombat/meta/authored/release/ai_test/firemode_selection_2_meta.json	generated_map_groundcombat	xenonauts	-
L	641	2026-10-05 18:00:45.265	4720.1	69.7	List`1	Assets/Assets/xenonauts/text/common/lists/campaign_names/campaign_first_name^pt-br.json	generated_text_common	xenonauts	-
L	642	2026-10-05 18:00:45.265	4720.2	69.6	List`1	Assets/Assets/xenonauts/text/common/lists/campaign_names/campaign_first_name^pl-pl.json	generated_text_common	xenonauts	-
L	694	2026-10-05 18:00:45.284	4755.4	53.4	Template	Assets/Assets/xenonauts/template/common/tooltips/settings/button_restoredefaults.json	generated_template_common	xenonauts	-
L	745	2026-10-05 18:00:45.289	4759.0	54.8	Template	Assets/Assets/xenonauts/template/common/tooltips/features/weapon_stundamage.json	generated_template_common	xenonauts	-
L	746	2026-10-05 18:00:45.289	4759.1	54.7	Template	Assets/Assets/xenonauts/template/common/tooltips/features/weapon_penetration_level.json	generated_template_common	xenonauts	-
L	756	2026-10-05 18:00:45.290	4759.8	55.0	Template	Assets/Assets/xenonauts/template/common/tooltips/features/ufo_evasive.json	generated_template_common	xenonauts	-
L	203	2026-10-05 18:00:42.719	2133.4	110.3	UIElementAsset	Assets/Assets/xenonauts/ui/common/elements/bug_reporter_overlay_element.prefab	generated_ui_common	xenonauts	-
L	215	2026-10-05 18:00:44.751	2176.8	2098.9	UIElementAsset	Assets/Assets/xenonauts/ui/mainmenu/elements/previous_crash_element.prefab	generated_ui_mainmenu	xenonauts	-
L	216	2026-10-05 18:00:44.751	2177.5	2098.2	UIElementAsset	Assets/Assets/xenonauts/ui/mainmenu/elements/first_time_welcome_element.prefab	generated_ui_mainmenu	xenonauts	-
L	223	2026-10-05 18:00:44.763	2178.9	2108.8	Template	Assets/Assets/xenonauts/template/common/language/pl-pl.json	generated_template_common	xenonauts	-
L	224	2026-10-05 18:00:44.763	2179.3	2108.4	Template	Assets/Assets/xenonauts/template/common/language/nl-nl.json	generated_template_common	xenonauts	-
L	247	2026-10-05 18:00:44.830	2188.0	2166.7	Template	Assets/Assets/xenonauts/template/common/achievement_stats/kill_ufo_sum.json	generated_template_common	xenonauts	-
L	248	2026-10-05 18:00:44.830	2188.7	2166.0	Template	Assets/Assets/xenonauts/template/common/achievement_stats/kill_reaction_fire_sum.json	generated_template_common	xenonauts	-
L	266	2026-10-05 18:00:44.888	2194.8	2217.9	Template	Assets/Assets/xenonauts/template/common/achievements/ach_kill_friendly_fire_sum_1.json	generated_template_common	xenonauts	-
L	301	2026-10-05 18:00:44.962	2208.5	2278.2	Template	Assets/Assets/xenonauts/template/common/difficulty/config/custom.json	generated_template_common	xenonauts	-
L	302	2026-10-05 18:00:44.962	2209.3	2277.4	Template	Assets/Assets/xenonauts/template/common/difficulty/config/commander.json	generated_template_common	xenonauts	-
L	367	2026-10-05 18:00:45.139	2225.0	2438.7	MapMeta	Assets/Assets/xenonauts/map/groundcombat/meta/authored/release/testmaps/proptest_common_meta.json	generated_map_groundcombat	xenonauts	-
L	368	2026-10-05 18:00:45.139	2225.4	2438.3	MapMeta	Assets/Assets/xenonauts/map/groundcombat/meta/authored/release/testmaps/proptest_boreal_meta.json	generated_map_groundcombat	xenonauts	-
L	381	2026-10-05 18:00:45.140	2228.0	2436.7	MapMeta	Assets/Assets/xenonauts/map/groundcombat/meta/authored/release/terror/town_soviet/townsov_terror_small_4_meta.json	generated_map_groundcombat	xenonauts	-
L	382	2026-10-05 18:00:45.140	2228.3	2436.4	MapMeta	Assets/Assets/xenonauts/map/groundcombat/meta/authored/release/terror/town_soviet/townsov_terror_small_3_meta.json	generated_map_groundcombat	xenonauts	-
L	389	2026-10-05 18:00:45.186	2244.1	2466.6	MapMeta	Assets/Assets/xenonauts/map/groundcombat/meta/authored/release/rescue_soldiers/farm/rescue_soldiers_farm_1_meta.json	generated_map_groundcombat	xenonauts	-
L	421	2026-10-05 18:00:45.192	4347.7	369.0	MapMeta	Assets/Assets/xenonauts/map/groundcombat/meta/authored/release/raid/tropical/tropical_raid_industrial_2_meta.json	generated_map_groundcombat	xenonauts	-
L	422	2026-10-05 18:00:45.192	4348.0	368.7	MapMeta	Assets/Assets/xenonauts/map/groundcombat/meta/authored/release/raid/tropical/tropical_raid_industrial_1_meta.json	generated_map_groundcombat	xenonauts	-
L	449	2026-10-05 18:00:45.203	4412.8	314.9	MapMeta	Assets/Assets/xenonauts/map/groundcombat/meta/authored/release/raid/arid/arid_raid_middleeast_1_meta.json	generated_map_groundcombat	xenonauts	-
L	515	2026-10-05 18:00:45.232	4549.5	207.2	MapMeta	Assets/Assets/xenonauts/map/groundcombat/meta/authored/release/crashsite/dockyard/dockyard_medium_docks_2_meta.json	generated_map_groundcombat	xenonauts	-
L	516	2026-10-05 18:00:45.232	4549.5	207.2	MapMeta	Assets/Assets/xenonauts/map/groundcombat/meta/authored/release/crashsite/dockyard/dockyard_medium_docks_1_meta.json	generated_map_groundcombat	xenonauts	-
L	557	2026-10-05 18:00:45.235	4664.3	95.4	MapMeta	Assets/Assets/xenonauts/map/groundcombat/meta/authored/release/crashsite/arid/arid_medium_middleeast_3_meta.json	generated_map_groundcombat	xenonauts	-
L	558	2026-10-05 18:00:45.235	4664.3	95.4	MapMeta	Assets/Assets/xenonauts/map/groundcombat/meta/authored/release/crashsite/arid/arid_medium_middleeast_2_meta.json	generated_map_groundcombat	xenonauts	-
L	588	2026-10-05 18:00:45.252	4710.8	65.9	MapMeta	Assets/Assets/xenonauts/map/groundcombat/meta/authored/release/ambush/farm/ambush_farm_2_meta.json	generated_map_groundcombat	xenonauts	-
L	639	2026-10-05 18:00:45.265	4719.7	70.0	List`1	Assets/Assets/xenonauts/text/common/lists/campaign_names/campaign_first_name^zh-cn.json	generated_text_common	xenonauts	-
L	640	2026-10-05 18:00:45.265	4719.7	70.0	List`1	Assets/Assets/xenonauts/text/common/lists/campaign_names/campaign_first_name^ru-ru.json	generated_text_common	xenonauts	-
L	659	2026-10-05 18:00:45.267	4728.6	63.1	Template	Assets/Assets/xenonauts/template/common/tooltips/settings/setting_tooltip_lockmode.json	generated_template_common	xenonauts	-
L	660	2026-10-05 18:00:45.267	4728.7	63.0	Template	Assets/Assets/xenonauts/template/common/tooltips/settings/setting_target_display.json	generated_template_common	xenonauts	-
L	693	2026-10-05 18:00:45.284	4755.2	53.5	Template	Assets/Assets/xenonauts/template/common/tooltips/settings/button_workshop.json	generated_template_common	xenonauts	-
L	703	2026-10-05 18:00:45.285	4756.0	53.7	Template	Assets/Assets/xenonauts/template/common/tooltips/settings/button_applychanges_mods.json	generated_template_common	xenonauts	-
L	704	2026-10-05 18:00:45.285	4756.1	53.6	Template	Assets/Assets/xenonauts/template/common/tooltips/settings/button_applychanges.json	generated_template_common	xenonauts	-
L	714	2026-10-05 18:00:45.286	4756.8	53.9	Template	Assets/Assets/xenonauts/template/common/tooltips/main_menu/goldhawk_interactive.json	generated_template_common	xenonauts	-
L	209	2026-10-05 18:00:44.751	2133.7	2141.9	UIElementAsset	Assets/Assets/xenonauts/ui/common/elements/input_settings_tab_menu_element.prefab	generated_ui_common	xenonauts	-
L	210	2026-10-05 18:00:44.751	2133.7	2141.9	UIElementAsset	Assets/Assets/xenonauts/ui/common/elements/audio_settings_tab_menu_element.prefab	generated_ui_common	xenonauts	-
L	211	2026-10-05 18:00:44.751	2133.7	2141.9	UIElementAsset	Assets/Assets/xenonauts/ui/common/elements/display_settings_tab_menu_element.prefab	generated_ui_common	xenonauts	-
L	212	2026-10-05 18:00:44.751	2133.7	2141.9	UIElementAsset	Assets/Assets/xenonauts/ui/common/elements/general_settings_tab_menu_element.prefab	generated_ui_common	xenonauts	-
L	213	2026-10-05 18:00:44.751	2133.7	2141.9	UIElementAsset	Assets/Assets/xenonauts/ui/common/elements/settings_root_menu_element.prefab	generated_ui_common	xenonauts	-
L	214	2026-10-05 18:00:44.751	2176.7	2098.9	UIElementAsset	Assets/Assets/xenonauts/ui/common/elements/load_menu_element.prefab	generated_ui_common	xenonauts	-
L	235	2026-10-05 18:00:44.770	2182.4	2112.2	AudioMaterial	Assets/Assets/xenonauts/audio/common/materials/environment_ui.json	generated_audio_common	xenonauts	-
L	255	2026-10-05 18:00:44.831	2191.1	2164.5	Template	Assets/Assets/xenonauts/template/common/achievement_stats/built_geo_base_sum.json	generated_template_common	xenonauts	-
L	256	2026-10-05 18:00:44.831	2191.9	2163.7	Template	Assets/Assets/xenonauts/template/common/achievements/ach_victory_veteran_1.json	generated_template_common	xenonauts	-
L	284	2026-10-05 18:00:44.903	2203.8	2223.8	Template	Assets/Assets/xenonauts/template/common/difficulty/setting/show_enemy_health.json	generated_template_common	xenonauts	-
L	285	2026-10-05 18:00:44.903	2203.8	2223.8	Template	Assets/Assets/xenonauts/template/common/difficulty/setting/show_enemy_damage.json	generated_template_common	xenonauts	-
L	290	2026-10-05 18:00:44.957	2205.7	2275.9	Template	Assets/Assets/xenonauts/template/common/difficulty/setting/destroy_integrated_items_on_death.json	generated_template_common	xenonauts	-
L	292	2026-10-05 18:00:44.958	2206.1	2276.5	Template	Assets/Assets/xenonauts/template/common/difficulty/setting/enemy_quantity.json	generated_template_common	xenonauts	-
L	296	2026-10-05 18:00:44.961	2207.5	2278.1	Template	Assets/Assets/xenonauts/template/common/difficulty/setting/allow_ufo_delegation.json	generated_template_common	xenonauts	-
L	350	2026-10-05 18:00:45.086	2221.1	2389.5	MapMeta	Assets/Assets/xenonauts/map/groundcombat/meta/authored/release/vip_extraction/boreal/boreal_vip_extraction_1_meta.json	generated_map_groundcombat	xenonauts	-
L	351	2026-10-05 18:00:45.086	2221.1	2389.5	MapMeta	Assets/Assets/xenonauts/map/groundcombat/meta/authored/release/vip_extraction/arid/arid_vipextraction_2_meta.json	generated_map_groundcombat	xenonauts	-
L	365	2026-10-05 18:00:45.139	2224.5	2439.1	MapMeta	Assets/Assets/xenonauts/map/groundcombat/meta/authored/release/testmaps/proptest_dockyard_meta.json	generated_map_groundcombat	xenonauts	-
L	380	2026-10-05 18:00:45.140	2228.0	2436.6	MapMeta	Assets/Assets/xenonauts/map/groundcombat/meta/authored/release/terror/town_soviet/townsov_terror_small_5_meta.json	generated_map_groundcombat	xenonauts	-
L	388	2026-10-05 18:00:45.186	2244.0	2466.6	MapMeta	Assets/Assets/xenonauts/map/groundcombat/meta/authored/release/rescue_soldiers/farm/rescue_soldiers_farm_2_meta.json	generated_map_groundcombat	xenonauts	-
L	400	2026-10-05 18:00:45.187	4275.9	435.7	MapMeta	Assets/Assets/xenonauts/map/groundcombat/meta/authored/release/rescue_soldiers/boreal/rescue_soldiers_boreal_2_meta.json	generated_map_groundcombat	xenonauts	-
L	401	2026-10-05 18:00:45.187	4275.9	435.7	MapMeta	Assets/Assets/xenonauts/map/groundcombat/meta/authored/release/rescue_soldiers/boreal/rescue_soldiers_boreal_1_meta.json	generated_map_groundcombat	xenonauts	-
L	440	2026-10-05 18:00:45.195	4355.8	363.8	MapMeta	Assets/Assets/xenonauts/map/groundcombat/meta/authored/release/raid/boreal/boreal_raid_sawmill_4_meta.json	generated_map_groundcombat	xenonauts	-
L	448	2026-10-05 18:00:45.196	4411.4	309.2	MapMeta	Assets/Assets/xenonauts/map/groundcombat/meta/authored/release/raid/arid/arid_raid_middleeast_2_meta.json	generated_map_groundcombat	xenonauts	-
L	450	2026-10-05 18:00:45.203	4412.8	314.8	MapMeta	Assets/Assets/xenonauts/map/groundcombat/meta/authored/release/data_raid/uoo_dataraid_orbital_2_meta.json	generated_map_groundcombat	xenonauts	-
L	462	2026-10-05 18:00:45.204	4415.3	313.3	MapMeta	Assets/Assets/xenonauts/map/groundcombat/meta/authored/release/crashsite/tropical/tropical_medium_jungle_2_meta.json	generated_map_groundcombat	xenonauts	-
L	472	2026-10-05 18:00:45.224	4481.1	267.5	MapMeta	Assets/Assets/xenonauts/map/groundcombat/meta/authored/release/crashsite/tropical/tropical_large_jungle_1_battleship_meta.json	generated_map_groundcombat	xenonauts	-
L	473	2026-10-05 18:00:45.224	4481.7	266.9	MapMeta	Assets/Assets/xenonauts/map/groundcombat/meta/authored/release/crashsite/polar/polar_small_wilderness_3_meta.json	generated_map_groundcombat	xenonauts	-
L	492	2026-10-05 18:00:45.226	4497.5	253.1	MapMeta	Assets/Assets/xenonauts/map/groundcombat/meta/authored/release/crashsite/polar/polar_large_wilderness_1_battleship_meta.json	generated_map_groundcombat	xenonauts	-
L	499	2026-10-05 18:00:45.231	4549.3	206.3	MapMeta	Assets/Assets/xenonauts/map/groundcombat/meta/authored/release/crashsite/farm/farm_small_fields_1_meta.json	generated_map_groundcombat	xenonauts	-
L	500	2026-10-05 18:00:45.231	4549.3	206.3	MapMeta	Assets/Assets/xenonauts/map/groundcombat/meta/authored/release/crashsite/farm/farm_medium_fields_3_meta.json	generated_map_groundcombat	xenonauts	-
L	573	2026-10-05 18:00:45.236	2229.6	2531.0	MapMeta	Assets/Assets/xenonauts/map/groundcombat/meta/authored/release/standalone/tutorial_xenobase_meta.json	generated_map_groundcombat	xenonauts	-
L	574	2026-10-05 18:00:45.236	2229.6	2531.0	MapMeta	Assets/Assets/xenonauts/map/groundcombat/meta/authored/release/standalone/endgame_underground_meta.json	generated_map_groundcombat	xenonauts	-
L	208	2026-10-05 18:00:44.751	2133.6	2141.9	UIElementAsset	Assets/Assets/xenonauts/ui/common/elements/new_game_parameters_element.prefab	generated_ui_common	xenonauts	-
L	234	2026-10-05 18:00:44.769	2182.3	2111.2	AudioMaterial	Assets/Assets/xenonauts/audio/common/materials/music.json	generated_audio_common	xenonauts	-
L	245	2026-10-05 18:00:44.830	2187.4	2167.1	Template	Assets/Assets/xenonauts/template/common/achievement_stats/rank_xenonaut_colonel_sum.json	generated_template_common	xenonauts	-
L	246	2026-10-05 18:00:44.830	2187.9	2166.6	Template	Assets/Assets/xenonauts/template/common/achievement_stats/kill_ufo_max.json	generated_template_common	xenonauts	-
L	265	2026-10-05 18:00:44.888	2194.1	2218.4	Template	Assets/Assets/xenonauts/template/common/achievements/ach_kill_reaction_fire_sum_1.json	generated_template_common	xenonauts	-
L	270	2026-10-05 18:00:44.889	2195.7	2217.8	Template	Assets/Assets/xenonauts/template/common/achievements/ach_energy_kill_sum_1.json	generated_template_common	xenonauts	-
L	275	2026-10-05 18:00:44.890	2196.4	2218.1	Template	Assets/Assets/xenonauts/template/common/achievements/ach_equip_colossus.json	generated_template_common	xenonauts	-
L	276	2026-10-05 18:00:44.890	2196.7	2217.8	Template	Assets/Assets/xenonauts/template/strategy/item/armour/human/xenonaut/exosuit.json	generated_template_strategy	xenonauts	-
L	289	2026-10-05 18:00:44.957	2205.0	2276.5	Template	Assets/Assets/xenonauts/template/common/difficulty/setting/project_duration.json	generated_template_common	xenonauts	-
L	291	2026-10-05 18:00:44.958	2205.7	2276.8	Template	Assets/Assets/xenonauts/template/common/difficulty/setting/free_shooting_rotation.json	generated_template_common	xenonauts	-
L	295	2026-10-05 18:00:44.961	2207.0	2278.5	Template	Assets/Assets/xenonauts/template/common/difficulty/setting/enable_ac_balancing.json	generated_template_common	xenonauts	-
L	348	2026-10-05 18:00:45.086	2220.7	2389.8	MapMeta	Assets/Assets/xenonauts/map/groundcombat/meta/authored/release/vip_extraction/desert/desert_vip_extraction_1_meta.json	generated_map_groundcombat	xenonauts	-
L	349	2026-10-05 18:00:45.086	2220.7	2389.8	MapMeta	Assets/Assets/xenonauts/map/groundcombat/meta/authored/release/vip_extraction/boreal/boreal_vip_extraction_2_meta.json	generated_map_groundcombat	xenonauts	-
L	366	2026-10-05 18:00:45.139	2224.9	2438.6	MapMeta	Assets/Assets/xenonauts/map/groundcombat/meta/authored/release/testmaps/proptest_desert_meta.json	generated_map_groundcombat	xenonauts	-
L	379	2026-10-05 18:00:45.140	2227.6	2436.9	MapMeta	Assets/Assets/xenonauts/map/groundcombat/meta/authored/release/terror/town_western/townwest_terror_medium_1_meta.json	generated_map_groundcombat	xenonauts	-
L	587	2026-10-05 18:00:45.237	2232.6	2528.9	MapMeta	Assets/Assets/xenonauts/map/groundcombat/meta/authored/release/rescue_soldiers/farm/rescue_soldiers_farm_3_meta.json	generated_map_groundcombat	xenonauts	-
L	4	2026-10-05 18:00:42.609	2010.0	123.4	UIElementAsset	Assets/Assets/xenonauts/ui/common/elements/bug_reporter_element.prefab	generated_ui_common	xenonauts	-
L	229	2026-10-05 18:00:44.765	2180.4	2109.0	Template	Assets/Assets/xenonauts/template/common/language/en-us.json	generated_template_common	xenonauts	-
L	230	2026-10-05 18:00:44.765	2181.0	2108.4	Template	Assets/Assets/xenonauts/template/common/language/en-gb.json	generated_template_common	xenonauts	-
L	237	2026-10-05 18:00:44.823	2182.9	2164.5	AudioMaterial	Assets/Assets/xenonauts/audio/common/materials/ambient_ui.json	generated_audio_common	xenonauts	-
L	405	2026-10-05 18:00:45.187	0.0	424.7	Sprite	Assets/Assets/xenonauts/texture/common/language/zh-TW.png	generated_texture_common	xenonauts	-
L	406	2026-10-05 18:00:45.191	0.0	428.6	Sprite	Assets/Assets/xenonauts/texture/common/language/zh-CN.png	generated_texture_common	xenonauts	-
L	407	2026-10-05 18:00:45.191	0.0	428.3	Sprite	Assets/Assets/xenonauts/texture/common/language/ru-RU.png	generated_texture_common	xenonauts	-
L	408	2026-10-05 18:00:45.191	0.0	428.3	Sprite	Assets/Assets/xenonauts/texture/common/language/pt-BR.png	generated_texture_common	xenonauts	-
L	409	2026-10-05 18:00:45.191	0.0	427.8	Sprite	Assets/Assets/xenonauts/texture/common/language/pl-PL.png	generated_texture_common	xenonauts	-
L	410	2026-10-05 18:00:45.191	0.0	427.8	Sprite	Assets/Assets/xenonauts/texture/common/language/nl-NL.png	generated_texture_common	xenonauts	-
L	411	2026-10-05 18:00:45.191	0.0	427.3	Sprite	Assets/Assets/xenonauts/texture/common/language/ko-KR.png	generated_texture_common	xenonauts	-
L	412	2026-10-05 18:00:45.191	0.0	427.3	Sprite	Assets/Assets/xenonauts/texture/common/language/ja-JP.png	generated_texture_common	xenonauts	-
L	413	2026-10-05 18:00:45.191	0.0	426.8	Sprite	Assets/Assets/xenonauts/texture/common/language/fr-FR.png	generated_texture_common	xenonauts	-
L	414	2026-10-05 18:00:45.191	0.0	426.7	Sprite	Assets/Assets/xenonauts/texture/common/language/es-ES.png	generated_texture_common	xenonauts	-
L	415	2026-10-05 18:00:45.191	0.0	423.0	Sprite	Assets/Assets/xenonauts/texture/common/language/en-US.png	generated_texture_common	xenonauts	-
L	416	2026-10-05 18:00:45.191	0.0	422.9	Sprite	Assets/Assets/xenonauts/texture/common/language/en-GB.png	generated_texture_common	xenonauts	-
L	418	2026-10-05 18:00:45.191	0.0	422.7	Sprite	Assets/Assets/xenonauts/texture/common/language/de-DE.png	generated_texture_common	xenonauts	-
L	425	2026-10-05 18:00:45.192	0.0	362.9	Template	Assets/Assets/xenonauts/template/common/masters/achievement_stat/achievement_stat.json	generated_template_common	xenonauts	-
L	441	2026-10-05 18:00:45.195	0.0	362.6	Template	Assets/Assets/xenonauts/template/common/masters/achievement/achievement_with_progress_stat.json	generated_template_common	xenonauts	-
L	447	2026-10-05 18:00:45.195	0.0	309.1	Template	Assets/Assets/xenonauts/template/common/masters/achievement/achievement.json	generated_template_common	xenonauts	-
L	461	2026-10-05 18:00:45.204	0.0	313.3	Template	Assets/Assets/xenonauts/template/strategy/masters/items/armour/xenonaut.json	generated_template_strategy	xenonauts	-
L	463	2026-10-05 18:00:45.220	0.0	325.1	Template	Assets/Assets/xenonauts/template/common/masters/difficulty/setting/integer_list.json	generated_template_common	xenonauts	-
L	465	2026-10-05 18:00:45.222	0.0	322.2	Template	Assets/Assets/xenonauts/template/common/masters/difficulty/setting/single_list.json	generated_template_common	xenonauts	-
L	470	2026-10-05 18:00:45.223	0.0	319.9	Template	Assets/Assets/xenonauts/template/common/masters/difficulty/setting/boolean.json	generated_template_common	xenonauts	-
L	477	2026-10-05 18:00:45.224	0.0	263.8	Template	Assets/Assets/xenonauts/template/common/masters/difficulty/setting/dle.json	generated_template_common	xenonauts	-
L	487	2026-10-05 18:00:45.225	0.0	262.1	Sprite	Assets/Assets/xenonauts/texture/strategy/ui/new_game/difficulty_images/difficulty_1.png	generated_texture_strategy_1	xenonauts	-
L	488	2026-10-05 18:00:45.225	0.0	255.1	Sprite	Assets/Assets/xenonauts/texture/strategy/ui/new_game/difficulty_images/difficulty_4.png	generated_texture_strategy_1	xenonauts	-
L	489	2026-10-05 18:00:45.226	0.0	254.3	Sprite	Assets/Assets/xenonauts/texture/strategy/ui/new_game/difficulty_images/difficulty_3.png	generated_texture_strategy_1	xenonauts	-
L	490	2026-10-05 18:00:45.226	0.0	253.7	Sprite	Assets/Assets/xenonauts/texture/strategy/ui/new_game/difficulty_images/difficulty_2.png	generated_texture_strategy_1	xenonauts	-
L	491	2026-10-05 18:00:45.226	0.0	253.6	Template	Assets/Assets/xenonauts/template/common/masters/difficulty/config/default.json	generated_template_common	xenonauts	-
L	626	2026-10-05 18:00:45.254	0.0	60.5	Template	Assets/Assets/xenonauts/template/common/default.json	generated_template_common	xenonauts	-
L	662	2026-10-05 18:00:45.267	0.0	46.7	Template	Assets/Assets/xenonauts/template/strategy/masters/items/default.json	generated_template_strategy	xenonauts	-
L	664	2026-10-05 18:00:45.280	0.0	58.1	UIElementAsset	Assets/Assets/xenonauts/ui/common/components/difficulty_setting_integer_list_component.prefab	generated_ui_common	xenonauts	-
L	665	2026-10-05 18:00:45.280	0.0	57.7	Template	Assets/Assets/xenonauts/template/common/masters/difficulty/setting/default.json	generated_template_common	xenonauts	-
L	666	2026-10-05 18:00:45.281	0.0	57.8	UIElementAsset	Assets/Assets/xenonauts/ui/common/components/difficulty_setting_single_list_component.prefab	generated_ui_common	xenonauts	-
L	671	2026-10-05 18:00:45.282	0.0	58.2	UIElementAsset	Assets/Assets/xenonauts/ui/common/components/difficulty_setting_boolean_component.prefab	generated_ui_common	xenonauts	-
L	678	2026-10-05 18:00:45.282	0.0	57.5	UIElementAsset	Assets/Assets/xenonauts/ui/common/components/difficulty_setting_dle_component.prefab	generated_ui_common	xenonauts	-
L	692	2026-10-05 18:00:45.283	0.0	53.5	UIElementAsset	Assets/Assets/xenonauts/ui/common/components/difficulty_config_component.prefab	generated_ui_common	xenonauts	-
L	826	2026-10-05 18:00:45.303	0.0	39.3	Template	Assets/Assets/xenonauts/template/common/masters/mission_briefing/mission_briefing.json	generated_template_common	xenonauts	-
L	849	2026-10-05 18:00:45.309	0.0	43.5	Template	Assets/Assets/xenonauts/template/common/masters/tutorial/default.json	generated_template_common	xenonauts	-
L	850	2026-10-05 18:00:45.310	0.0	44.2	Template	Assets/Assets/xenonauts/template/common/masters/concept/default.json	generated_template_common	xenonauts	-
L	862	2026-10-05 18:00:45.311	0.0	31.1	Template	Assets/Assets/xenonauts/template/strategy/default.json	generated_template_strategy	xenonauts	-
L	1342	2026-10-05 18:00:49.513	0.0	131.5	Template	Assets/Assets/xenonauts/template/strategy/projects/research/plot_alien_origins.json	generated_template_strategy	xenonauts	-
L	1343	2026-10-05 18:00:49.554	0.0	172.2	Sprite	Assets/Assets/xenonauts/texture/strategy/ui/research/research_operation_endgame.png	generated_texture_strategy_1	xenonauts	-
L	1344	2026-10-05 18:00:49.554	0.0	167.0	Template	Assets/Assets/xenonauts/template/strategy/projects/mission_cleaner_base.json	generated_template_strategy	xenonauts	-
L	1345	2026-10-05 18:00:49.554	0.0	167.0	Template	Assets/Assets/xenonauts/template/groundcombat/actor/combatant/wraith/default/soldier/default.json	generated_template_groundcombat	xenonauts	-
L	1347	2026-10-05 18:00:49.569	0.0	179.7	Template	Assets/Assets/xenonauts/template/groundcombat/actor/combatant/sebillian/default/soldier/default.json	generated_template_groundcombat	xenonauts	-
L	1346	2026-10-05 18:00:49.568	0.0	178.6	Template	Assets/Assets/xenonauts/template/groundcombat/actor/combatant/secton/default/soldier/default.json	generated_template_groundcombat	xenonauts	-
L	1349	2026-10-05 18:00:49.569	0.0	178.9	Template	Assets/Assets/xenonauts/template/groundcombat/actor/combatant/reaper/default/alpha/default.json	generated_template_groundcombat	xenonauts	-
L	1348	2026-10-05 18:00:49.569	0.0	178.6	Template	Assets/Assets/xenonauts/template/strategy/projects/research/interrogation_sebillian.json	generated_template_strategy	xenonauts	-
L	1350	2026-10-05 18:00:49.586	0.0	194.2	Template	Assets/Assets/xenonauts/template/groundcombat/actor/combatant/reaper/default/reaper/default.json	generated_template_groundcombat	xenonauts	-
L	1351	2026-10-05 18:00:49.591	0.0	198.4	Template	Assets/Assets/xenonauts/template/groundcombat/actor/combatant/psyon/default/soldier/default.json	generated_template_groundcombat	xenonauts	-
L	1352	2026-10-05 18:00:49.591	0.0	197.8	Template	Assets/Assets/xenonauts/template/groundcombat/actor/combatant/mentarch/default/mentarch/default.json	generated_template_groundcombat	xenonauts	-
L	1353	2026-10-05 18:00:49.591	0.0	197.8	Template	Assets/Assets/xenonauts/template/groundcombat/actor/combatant/mantid/default/soldier/default.json	generated_template_groundcombat	xenonauts	-
L	1355	2026-10-05 18:00:49.690	0.0	295.0	UIElementAsset	Assets/Assets/xenonauts/ui/strategy/components/xenopedia/xenopedia_entry_component.prefab	generated_ui_strategy	xenonauts	-
L	1354	2026-10-05 18:00:49.593	0.0	197.1	Template	Assets/Assets/xenonauts/template/groundcombat/actor/combatant/eternal/default/commander/default.json	generated_template_groundcombat	xenonauts	-
L	1356	2026-10-05 18:00:49.691	0.0	293.5	Template	Assets/Assets/xenonauts/template/groundcombat/actor/combatant/cleaner/default/soldier/default.json	generated_template_groundcombat	xenonauts	-
L	1357	2026-10-05 18:00:49.691	0.0	293.5	Template	Assets/Assets/xenonauts/template/groundcombat/actor/combatant/cleaner/default/leader/default.json	generated_template_groundcombat	xenonauts	-
L	1358	2026-10-05 18:00:49.692	0.0	293.1	Template	Assets/Assets/xenonauts/template/groundcombat/actor/combatant/cleaner/default/noncom/default.json	generated_template_groundcombat	xenonauts	-
L	1359	2026-10-05 18:00:49.697	0.0	297.7	Template	Assets/Assets/xenonauts/template/strategy/aircraft/profiles/xenonaut/interceptor_tier3.json	generated_template_strategy	xenonauts	-
L	1360	2026-10-05 18:00:49.701	0.0	298.8	Template	Assets/Assets/xenonauts/template/strategy/aircraft/profiles/xenonaut/interceptor_tier2.json	generated_template_strategy	xenonauts	-
L	1361	2026-10-05 18:00:49.774	0.0	371.3	Template	Assets/Assets/xenonauts/template/strategy/aircraft/profiles/xenonaut/interceptor_tier1.json	generated_template_strategy	xenonauts	-
L	1363	2026-10-05 18:00:49.787	0.0	383.3	Template	Assets/Assets/xenonauts/template/strategy/projects/research/weapon_explosives_plasma.json	generated_template_strategy	xenonauts	-
L	1362	2026-10-05 18:00:49.782	0.0	377.7	Template	Assets/Assets/xenonauts/template/strategy/projects/research/cleaner_5.json	generated_template_strategy	xenonauts	-
L	1364	2026-10-05 18:00:49.788	0.0	382.2	Template	Assets/Assets/xenonauts/template/strategy/projects/research/weapon_explosives_alenium.json	generated_template_strategy	xenonauts	-
L	1365	2026-10-05 18:00:49.789	0.0	382.8	Template	Assets/Assets/xenonauts/template/strategy/aircraft/profiles/xenonaut/dropship_tier3.json	generated_template_strategy	xenonauts	-
L	1366	2026-10-05 18:00:49.792	0.0	384.4	Template	Assets/Assets/xenonauts/template/strategy/aircraft/profiles/xenonaut/dropship_tier2.json	generated_template_strategy	xenonauts	-
L	1367	2026-10-05 18:00:49.825	0.0	416.7	Template	Assets/Assets/xenonauts/template/strategy/aircraft/profiles/xenonaut/dropship_tier1.json	generated_template_strategy	xenonauts	-
L	1369	2026-10-05 18:00:49.852	0.0	442.1	Template	Assets/Assets/xenonauts/template/strategy/aircraft/profiles/alien/scout.json	generated_template_strategy	xenonauts	-
L	1368	2026-10-05 18:00:49.852	0.0	442.0	Sprite	Assets/Assets/xenonauts/texture/strategy/ui/research/research_weapon_stun.png	generated_texture_strategy_1	xenonauts	-
L	1371	2026-10-05 18:00:54.887	0.0	5475.9	Template	Assets/Assets/xenonauts/template/strategy/projects/research/datacore_observer.json	generated_template_strategy	xenonauts	-
L	1370	2026-10-05 18:00:49.852	0.0	440.7	Template	Assets/Assets/xenonauts/template/strategy/aircraft/profiles/alien/mimic.json	generated_template_strategy	xenonauts	-
L	1372	2026-10-05 18:00:54.888	0.0	5474.5	Template	Assets/Assets/xenonauts/template/strategy/aircraft/profiles/alien/interceptor.json	generated_template_strategy	xenonauts	-
L	1373	2026-10-05 18:00:54.888	0.0	5474.5	Template	Assets/Assets/xenonauts/template/strategy/aircraft/profiles/alien/harvester.json	generated_template_strategy	xenonauts	-
L	1374	2026-10-05 18:00:54.888	0.0	5473.0	Template	Assets/Assets/xenonauts/template/strategy/aircraft/profiles/alien/fighter.json	generated_template_strategy	xenonauts	-
L	1375	2026-10-05 18:00:54.888	0.0	5473.0	Template	Assets/Assets/xenonauts/template/strategy/aircraft/profiles/alien/destroyer.json	generated_template_strategy	xenonauts	-
L	1376	2026-10-05 18:00:54.888	0.0	5471.5	Template	Assets/Assets/xenonauts/template/strategy/aircraft/profiles/alien/defender.json	generated_template_strategy	xenonauts	-
L	1377	2026-10-05 18:00:54.888	0.0	5471.5	Template	Assets/Assets/xenonauts/template/strategy/aircraft/profiles/alien/cruiser.json	generated_template_strategy	xenonauts	-
L	1378	2026-10-05 18:00:54.888	0.0	5469.9	Template	Assets/Assets/xenonauts/template/strategy/aircraft/profiles/alien/bomber.json	generated_template_strategy	xenonauts	-
L	1379	2026-10-05 18:00:54.888	0.0	5469.9	Template	Assets/Assets/xenonauts/template/strategy/aircraft/profiles/alien/battleship.json	generated_template_strategy	xenonauts	-
L	1380	2026-10-05 18:00:54.888	0.0	5468.6	Template	Assets/Assets/xenonauts/template/strategy/aircraft/profiles/alien/abductor.json	generated_template_strategy	xenonauts	-
L	1381	2026-10-05 18:00:54.888	0.0	5468.5	Template	Assets/Assets/xenonauts/template/strategy/projects/research/cleaner_6.json	generated_template_strategy	xenonauts	-
L	1382	2026-10-05 18:00:54.953	0.0	5532.6	Sprite	Assets/Assets/xenonauts/texture/strategy/ui/research/research_cleaner_origins.png	generated_texture_strategy_1	xenonauts	-
L	1383	2026-10-05 18:00:54.956	0.0	5535.4	Template	Assets/Assets/xenonauts/template/strategy/projects/research/cleaner_2.json	generated_template_strategy	xenonauts	-
L	1385	2026-10-05 18:00:54.958	0.0	5537.0	Template	Assets/Assets/xenonauts/template/strategy/projects/research/autopsy_wraith.json	generated_template_strategy	xenonauts	-
L	1384	2026-10-05 18:00:54.956	0.0	5534.3	Template	Assets/Assets/xenonauts/template/strategy/projects/research/building_alenium_generator.json	generated_template_strategy	xenonauts	-
L	1386	2026-10-05 18:00:54.958	0.0	5535.6	Template	Assets/Assets/xenonauts/template/strategy/projects/research/autopsy_cleaner_commander.json	generated_template_strategy	xenonauts	-
L	1387	2026-10-05 18:00:54.959	0.0	5536.2	Template	Assets/Assets/xenonauts/template/groundcombat/actor/combatant/servitor/default/servitor/default.json	generated_template_groundcombat	xenonauts	-
L	1389	2026-10-05 18:00:54.962	0.0	5538.4	Template	Assets/Assets/xenonauts/template/strategy/projects/research/autopsy_sebillian.json	generated_template_strategy	xenonauts	-
L	1388	2026-10-05 18:00:54.960	0.0	5536.1	Template	Assets/Assets/xenonauts/template/strategy/projects/research/autopsy_secton.json	generated_template_strategy	xenonauts	-
L	1391	2026-10-05 18:00:54.963	0.0	5538.1	Template	Assets/Assets/xenonauts/template/strategy/projects/research/autopsy_reaper.json	generated_template_strategy	xenonauts	-
L	1390	2026-10-05 18:00:54.963	0.0	5537.7	Template	Assets/Assets/xenonauts/template/strategy/projects/research/autopsy_reaper_alpha.json	generated_template_strategy	xenonauts	-
L	1393	2026-10-05 18:00:54.964	0.0	5537.7	Template	Assets/Assets/xenonauts/template/strategy/projects/research/autopsy_mentarch.json	generated_template_strategy	xenonauts	-
L	1392	2026-10-05 18:00:54.964	0.0	5537.4	Template	Assets/Assets/xenonauts/template/strategy/projects/research/autopsy_psyon.json	generated_template_strategy	xenonauts	-
L	1395	2026-10-05 18:00:54.965	0.0	5537.3	Template	Assets/Assets/xenonauts/template/strategy/projects/research/autopsy_eternal.json	generated_template_strategy	xenonauts	-
L	1394	2026-10-05 18:00:54.965	0.0	5537.0	Template	Assets/Assets/xenonauts/template/strategy/projects/research/autopsy_mantid.json	generated_template_strategy	xenonauts	-
L	1396	2026-10-05 18:00:54.965	0.0	5536.4	Template	Assets/Assets/xenonauts/template/groundcombat/actor/combatant/drone/default/cyberdrone/default.json	generated_template_groundcombat	xenonauts	-
L	1397	2026-10-05 18:00:54.966	0.0	5536.7	Template	Assets/Assets/xenonauts/template/strategy/projects/research/autopsy_cleaner_soldier.json	generated_template_strategy	xenonauts	-
L	1399	2026-10-05 18:00:54.966	0.0	5536.1	Template	Assets/Assets/xenonauts/template/groundcombat/actor/combatant/biter/default/biter/default.json	generated_template_groundcombat	xenonauts	-
L	1398	2026-10-05 18:00:54.966	0.0	5535.8	Template	Assets/Assets/xenonauts/template/strategy/projects/research/autopsy_cleaner_agent.json	generated_template_strategy	xenonauts	-
L	1401	2026-10-05 18:00:54.967	0.0	5534.9	Template	Assets/Assets/xenonauts/template/groundcombat/item/attachment/module/simple/warden^extra_armour.json	generated_template_groundcombat	xenonauts	-
L	1400	2026-10-05 18:00:54.967	0.0	5534.6	Template	Assets/Assets/xenonauts/template/groundcombat/actor/combatant/andron/default/soldier/default.json	generated_template_groundcombat	xenonauts	-
L	1402	2026-10-05 18:00:54.967	0.0	5533.5	Template	Assets/Assets/xenonauts/template/groundcombat/item/attachment/module/simple/tactical^extra_armour.json	generated_template_groundcombat	xenonauts	-
L	1403	2026-10-05 18:00:54.992	0.0	5558.2	UIElementAsset	Assets/Assets/xenonauts/ui/strategy/components/xenopedia/xenopedia_entry_component_armour_noheavy.prefab	generated_ui_strategy	xenonauts	-
L	1404	2026-10-05 18:00:54.994	0.0	5557.6	Template	Assets/Assets/xenonauts/template/groundcombat/item/attachment/module/simple/guardian^extra_armour.json	generated_template_groundcombat	xenonauts	-
L	1405	2026-10-05 18:00:54.994	0.0	5557.6	Template	Assets/Assets/xenonauts/template/groundcombat/item/attachment/module/simple/exosuit^extra_armour.json	generated_template_groundcombat	xenonauts	-
L	1406	2026-10-05 18:00:54.995	0.0	5557.5	Template	Assets/Assets/xenonauts/template/strategy/projects/research/armour_soldier_colossus.json	generated_template_strategy	xenonauts	-
L	1407	2026-10-05 18:00:54.995	0.0	5557.5	Template	Assets/Assets/xenonauts/template/strategy/projects/research/abstract_alloys_ultradense.json	generated_template_strategy	xenonauts	-
L	1408	2026-10-05 18:00:54.996	0.0	5556.9	Template	Assets/Assets/xenonauts/template/strategy/projects/research/alien_weapons_magnetic.json	generated_template_strategy	xenonauts	-
L	1409	2026-10-05 18:00:54.996	0.0	5556.9	Template	Assets/Assets/xenonauts/template/strategy/projects/research/alien_weapon_psi_amp.json	generated_template_strategy	xenonauts	-
L	1410	2026-10-05 18:00:54.996	0.0	5556.4	Template	Assets/Assets/xenonauts/template/strategy/projects/research/alien_weapons_plasma.json	generated_template_strategy	xenonauts	-
L	1411	2026-10-05 18:00:54.996	0.0	5556.4	Template	Assets/Assets/xenonauts/template/strategy/projects/research/alien_weapons_fusion.json	generated_template_strategy	xenonauts	-
L	1412	2026-10-05 18:00:54.997	0.0	5556.2	Template	Assets/Assets/xenonauts/template/strategy/projects/research/abstract_alien_electronics.json	generated_template_strategy	xenonauts	-
L	1413	2026-10-05 18:00:54.998	0.0	5557.1	UIElementAsset	Assets/Assets/xenonauts/ui/strategy/components/xenopedia/xenopedia_entry_resource.prefab	generated_ui_strategy	xenonauts	-
L	1414	2026-10-05 18:00:54.999	0.0	5556.1	Template	Assets/Assets/xenonauts/template/strategy/projects/research/resource_alenium.json	generated_template_strategy	xenonauts	-
L	1415	2026-10-05 18:00:54.999	0.0	5556.1	Template	Assets/Assets/xenonauts/template/strategy/projects/research/aircraft_aerial_warfare.json	generated_template_strategy	xenonauts	-
L	1416	2026-10-05 18:00:54.999	0.0	5554.7	Template	Assets/Assets/xenonauts/template/strategy/projects/research/abstract_xenobiology.json	generated_template_strategy	xenonauts	-
L	1417	2026-10-05 18:00:54.999	0.0	5554.7	Template	Assets/Assets/xenonauts/template/strategy/projects/research/abstract_waveform_analysis.json	generated_template_strategy	xenonauts	-
L	1419	2026-10-05 18:00:55.000	0.0	5554.3	Template	Assets/Assets/xenonauts/template/strategy/projects/research/abstract_tissue_regeneration.json	generated_template_strategy	xenonauts	-
L	1418	2026-10-05 18:00:55.000	0.0	5554.2	Template	Assets/Assets/xenonauts/template/strategy/projects/research/abstract_ufo_hull_plating.json	generated_template_strategy	xenonauts	-
L	1420	2026-10-05 18:00:55.001	0.0	5553.8	Template	Assets/Assets/xenonauts/template/strategy/projects/research/abstract_quantum_teleportation.json	generated_template_strategy	xenonauts	-
L	1421	2026-10-05 18:00:55.001	0.0	5553.8	Template	Assets/Assets/xenonauts/template/strategy/projects/research/abstract_nanofabrication.json	generated_template_strategy	xenonauts	-
L	1422	2026-10-05 18:00:55.002	0.0	5553.5	Template	Assets/Assets/xenonauts/template/strategy/projects/research/abstract_biosurvey_array.json	generated_template_strategy	xenonauts	-
L	1423	2026-10-05 18:00:55.002	0.0	5553.5	Template	Assets/Assets/xenonauts/template/strategy/projects/research/abstract_alien_antigrav_emitter.json	generated_template_strategy	xenonauts	-
L	1424	2026-10-05 18:00:55.002	0.0	5552.5	Template	Assets/Assets/xenonauts/template/strategy/projects/research/abstract_advanced_alloys.json	generated_template_strategy	xenonauts	-
L	1425	2026-10-05 18:00:55.002	0.0	5552.5	Sprite	Assets/Assets/xenonauts/texture/strategy/ui/research/research_weapon_accelerated.png	generated_texture_strategy_1	xenonauts	-
L	1427	2026-10-05 18:00:55.002	0.0	5551.3	Template	Assets/Assets/xenonauts/template/groundcombat/actor/combatant/brute/default/soldier/default.json	generated_template_groundcombat	xenonauts	-
L	1426	2026-10-05 18:00:55.002	0.0	5551.1	Template	Assets/Assets/xenonauts/template/strategy/projects/research/quantum_decoder.json	generated_template_strategy	xenonauts	-
L	1428	2026-10-05 18:00:55.002	0.0	5550.5	Template	Assets/Assets/xenonauts/template/groundcombat/item/armour/human/xenonaut/combat.json	generated_template_groundcombat	xenonauts	-
L	1431	2026-10-05 18:00:55.003	0.0	5551.3	Template	Assets/Assets/xenonauts/template/strategy/projects/research/autopsy_brute.json	generated_template_strategy	xenonauts	-
L	1430	2026-10-05 18:00:55.003	0.0	5551.2	Sprite	Assets/Assets/xenonauts/texture/strategy/ui/research/research_armour_combat.png	generated_texture_strategy_1	xenonauts	-
L	1432	2026-10-05 18:00:55.003	0.0	5551.1	Sprite	Assets/Assets/xenonauts/texture/strategy/ui/research/research_autopsy_sebillian_brute.png	generated_texture_strategy_1	xenonauts	-
L	1429	2026-10-05 18:00:55.003	0.0	5550.8	Template	Assets/Assets/xenonauts/template/common/masters/xenopedia_entry/xenopedia_category.json	generated_template_common	xenonauts	-
L	1433	2026-10-05 18:00:55.004	0.0	5551.5	Sprite	Assets/Assets/xenonauts/texture/strategy/ui/research/research_building_quantumdecoder.png	generated_texture_strategy_1	xenonauts	-
L	1437	2026-10-05 18:00:55.007	0.0	5554.4	Sprite	Assets/Assets/xenonauts/texture/strategy/ui/research/research_abstract_biosurvey_array.png	generated_texture_strategy_1	xenonauts	-
L	1434	2026-10-05 18:00:55.004	0.0	5551.3	Template	Assets/Assets/xenonauts/template/common/masters/xenopedia_entry/xenopedia_master_xenonaut_weapons.json	generated_template_common	xenonauts	-
L	1435	2026-10-05 18:00:55.004	0.0	5551.3	Sprite	Assets/Assets/xenonauts/texture/strategy/ui/research/research_advanced_alloys.png	generated_texture_strategy_1	xenonauts	-
L	1436	2026-10-05 18:00:55.007	0.0	5554.3	Sprite	Assets/Assets/xenonauts/texture/strategy/ui/research/research_abstract_alien_antigrav.png	generated_texture_strategy_1	xenonauts	-
L	1438	2026-10-05 18:00:55.007	0.0	5554.2	Sprite	Assets/Assets/xenonauts/texture/strategy/ui/research/research_nanofabrication.png	generated_texture_strategy_1	xenonauts	-
L	1439	2026-10-05 18:00:55.007	0.0	5554.2	Sprite	Assets/Assets/xenonauts/texture/strategy/ui/research/research_hyperdrive.png	generated_texture_strategy_1	xenonauts	-
L	1440	2026-10-05 18:00:55.007	0.0	5554.2	Sprite	Assets/Assets/xenonauts/texture/strategy/ui/research/research_abstract_tissue_regeneration.png	generated_texture_strategy_1	xenonauts	-
L	1441	2026-10-05 18:00:55.007	0.0	5553.9	Sprite	Assets/Assets/xenonauts/texture/strategy/ui/research/research_ufo_hull_plating.png	generated_texture_strategy_1	xenonauts	-
L	1442	2026-10-05 18:00:55.007	0.0	5553.9	Sprite	Assets/Assets/xenonauts/texture/strategy/ui/research/research_waveform_analysis.png	generated_texture_strategy_1	xenonauts	-
L	1443	2026-10-05 18:00:55.007	0.0	5553.6	Sprite	Assets/Assets/xenonauts/texture/strategy/ui/research/research_weapon_stun_gun.png	generated_texture_strategy_1	xenonauts	-
L	1444	2026-10-05 18:00:55.007	0.0	5553.6	Sprite	Assets/Assets/xenonauts/texture/strategy/ui/research/research_missiles_basic.png	generated_texture_strategy_1	xenonauts	-
L	1445	2026-10-05 18:00:55.007	0.0	5553.4	Sprite	Assets/Assets/xenonauts/texture/strategy/ui/research/research_alenium.png	generated_texture_strategy_1	xenonauts	-
L	1446	2026-10-05 18:00:55.007	0.0	5553.3	Template	Assets/Assets/xenonauts/template/strategy/projects/research/resource_alien_alloys.json	generated_template_strategy	xenonauts	-
L	1448	2026-10-05 18:00:55.007	0.0	5553.2	Sprite	Assets/Assets/xenonauts/texture/strategy/ui/research/research_alien_electronics.png	generated_texture_strategy_1	xenonauts	-
L	1447	2026-10-05 18:00:55.007	0.0	5553.1	Sprite	Assets/Assets/xenonauts/texture/strategy/ui/research/research_alienalloys.png	generated_texture_strategy_1	xenonauts	-
L	1449	2026-10-05 18:00:55.008	0.0	5553.1	Sprite	Assets/Assets/xenonauts/texture/strategy/ui/research/research_weapon_alienfusionrifle.png	generated_texture_strategy_1	xenonauts	-
L	1450	2026-10-05 18:00:55.008	0.0	5553.1	Sprite	Assets/Assets/xenonauts/texture/strategy/ui/research/research_weapon_alienplasmarifle.png	generated_texture_strategy_1	xenonauts	-
L	1451	2026-10-05 18:00:55.008	0.0	5552.8	Sprite	Assets/Assets/xenonauts/texture/strategy/ui/research/research_weapon_alienpsiamp.png	generated_texture_strategy_1	xenonauts	-
L	1452	2026-10-05 18:00:55.008	0.0	5552.8	Sprite	Assets/Assets/xenonauts/texture/strategy/ui/research/research_weapon_alienmagneticrifle.png	generated_texture_strategy_1	xenonauts	-
L	1457	2026-10-05 18:00:55.025	0.0	5569.8	Template	Assets/Assets/xenonauts/template/strategy/projects/research/armour_soldier_exosuit.json	generated_template_strategy	xenonauts	-
L	1453	2026-10-05 18:00:55.008	0.0	5552.6	Sprite	Assets/Assets/xenonauts/texture/strategy/ui/research/research_ultradense_alloys.png	generated_texture_strategy_1	xenonauts	-
L	1454	2026-10-05 18:00:55.008	0.0	5552.6	Template	Assets/Assets/xenonauts/template/groundcombat/item/armour/human/xenonaut/colossus.json	generated_template_groundcombat	xenonauts	-
L	1456	2026-10-05 18:00:55.008	0.0	5552.4	Template	Assets/Assets/xenonauts/template/groundcombat/item/armour/human/xenonaut/exosuit.json	generated_template_groundcombat	xenonauts	-
L	1455	2026-10-05 18:00:55.008	0.0	5552.3	Sprite	Assets/Assets/xenonauts/texture/strategy/ui/research/research_armour_colossus.png	generated_texture_strategy_1	xenonauts	-
L	1461	2026-10-05 18:00:55.027	0.0	5571.1	Sprite	Assets/Assets/xenonauts/texture/strategy/ui/research/research_armour_wolf.png	generated_texture_strategy_1	xenonauts	-
L	1462	2026-10-05 18:00:55.027	0.0	5571.1	Template	Assets/Assets/xenonauts/template/groundcombat/item/armour/human/xenonaut/stealthsuit.json	generated_template_groundcombat	xenonauts	-
L	1458	2026-10-05 18:00:55.027	0.0	5571.0	Sprite	Assets/Assets/xenonauts/texture/strategy/ui/research/research_armour_exosuit.png	generated_texture_strategy_1	xenonauts	-
L	1463	2026-10-05 18:00:55.027	0.0	5570.9	Template	Assets/Assets/xenonauts/template/strategy/projects/research/armour_soldier_stealthsuit.json	generated_template_strategy	xenonauts	-
L	1459	2026-10-05 18:00:55.027	0.0	5570.8	Template	Assets/Assets/xenonauts/template/groundcombat/item/armour/human/xenonaut/guardian.json	generated_template_groundcombat	xenonauts	-
L	1460	2026-10-05 18:00:55.027	0.0	5570.8	Template	Assets/Assets/xenonauts/template/strategy/projects/research/armour_soldier_guardian.json	generated_template_strategy	xenonauts	-
L	1464	2026-10-05 18:00:55.070	0.0	5613.8	Sprite	Assets/Assets/xenonauts/texture/strategy/ui/research/research_armour_stealthsuit.png	generated_texture_strategy_1	xenonauts	-
L	1465	2026-10-05 18:00:55.070	0.0	5613.6	Template	Assets/Assets/xenonauts/template/groundcombat/item/armour/human/xenonaut/tactical.json	generated_template_groundcombat	xenonauts	-
L	1466	2026-10-05 18:00:55.070	0.0	5613.6	Sprite	Assets/Assets/xenonauts/texture/strategy/ui/research/research_armour_tactical.png	generated_texture_strategy_1	xenonauts	-
L	1468	2026-10-05 18:00:55.071	0.0	5613.8	Template	Assets/Assets/xenonauts/template/strategy/projects/research/armour_soldier_warden.json	generated_template_strategy	xenonauts	-
L	1472	2026-10-05 18:00:55.072	0.0	5614.6	Sprite	Assets/Assets/xenonauts/texture/strategy/ui/research/research_autopsy_andron.png	generated_texture_strategy_1	xenonauts	-
L	1467	2026-10-05 18:00:55.071	0.0	5613.4	Template	Assets/Assets/xenonauts/template/groundcombat/item/armour/human/xenonaut/warden.json	generated_template_groundcombat	xenonauts	-
L	1470	2026-10-05 18:00:55.072	0.0	5614.2	Template	Assets/Assets/xenonauts/template/common/masters/xenopedia_entry/xenopedia_master_armour.json	generated_template_common	xenonauts	-
L	1469	2026-10-05 18:00:55.072	0.0	5614.0	Sprite	Assets/Assets/xenonauts/texture/strategy/ui/research/research_armour_warden.png	generated_texture_strategy_1	xenonauts	-
L	1471	2026-10-05 18:00:55.072	0.0	5613.9	Template	Assets/Assets/xenonauts/template/strategy/projects/research/autopsy_andron.json	generated_template_strategy	xenonauts	-
L	1476	2026-10-05 18:00:55.073	0.0	5614.8	Sprite	Assets/Assets/xenonauts/texture/strategy/ui/research/research_autopsy_cleaner_soldier.png	generated_texture_strategy_1	xenonauts	-
L	1473	2026-10-05 18:00:55.073	0.0	5614.7	Template	Assets/Assets/xenonauts/template/strategy/projects/research/autopsy_biter.json	generated_template_strategy	xenonauts	-
L	1474	2026-10-05 18:00:55.073	0.0	5614.7	Sprite	Assets/Assets/xenonauts/texture/strategy/ui/research/research_autopsy_biter.png	generated_texture_strategy_1	xenonauts	-
L	1477	2026-10-05 18:00:55.073	0.0	5614.6	Template	Assets/Assets/xenonauts/template/strategy/projects/research/autopsy_cyberdrone.json	generated_template_strategy	xenonauts	-
L	1478	2026-10-05 18:00:55.073	0.0	5614.6	Sprite	Assets/Assets/xenonauts/texture/strategy/ui/research/research_autopsy_cyberdrone_blue.png	generated_texture_strategy_1	xenonauts	-
L	1475	2026-10-05 18:00:55.073	0.0	5614.5	Sprite	Assets/Assets/xenonauts/texture/strategy/ui/research/research_autopsy_cleaner_agent.png	generated_texture_strategy_1	xenonauts	-
L	1479	2026-10-05 18:00:55.074	0.0	5614.8	Sprite	Assets/Assets/xenonauts/texture/strategy/ui/research/research_autopsy_eternal.png	generated_texture_strategy_1	xenonauts	-
L	1480	2026-10-05 18:00:55.074	0.0	5614.7	Sprite	Assets/Assets/xenonauts/texture/strategy/ui/research/research_autopsy_mantid.png	generated_texture_strategy_1	xenonauts	-
L	1481	2026-10-05 18:00:55.074	0.0	5614.5	Sprite	Assets/Assets/xenonauts/texture/strategy/ui/research/research_autopsy_mentarch.png	generated_texture_strategy_1	xenonauts	-
L	1482	2026-10-05 18:00:55.074	0.0	5614.5	Sprite	Assets/Assets/xenonauts/texture/strategy/ui/research/research_autopsy_psyon.png	generated_texture_strategy_1	xenonauts	-
L	1483	2026-10-05 18:00:55.074	0.0	5614.2	Sprite	Assets/Assets/xenonauts/texture/strategy/ui/research/research_autopsy_reaper.png	generated_texture_strategy_1	xenonauts	-
L	1484	2026-10-05 18:00:55.074	0.0	5614.2	Sprite	Assets/Assets/xenonauts/texture/strategy/ui/research/research_autopsy_reaper_large.png	generated_texture_strategy_1	xenonauts	-
L	1485	2026-10-05 18:00:55.074	0.0	5614.0	Sprite	Assets/Assets/xenonauts/texture/strategy/ui/research/research_autopsy_sebillian.png	generated_texture_strategy_1	xenonauts	-
L	1486	2026-10-05 18:00:55.074	0.0	5614.0	Sprite	Assets/Assets/xenonauts/texture/strategy/ui/research/research_autopsy_psyon_small.png	generated_texture_strategy_1	xenonauts	-
L	1490	2026-10-05 18:00:55.074	0.0	5613.8	Sprite	Assets/Assets/xenonauts/texture/strategy/ui/research/research_autopsy_wraith.png	generated_texture_strategy_1	xenonauts	-
L	1487	2026-10-05 18:00:55.074	0.0	5613.7	Template	Assets/Assets/xenonauts/template/strategy/projects/research/autopsy_servitor.json	generated_template_strategy	xenonauts	-
L	1488	2026-10-05 18:00:55.074	0.0	5613.7	Sprite	Assets/Assets/xenonauts/texture/strategy/ui/research/research_autopsy_servitor.png	generated_texture_strategy_1	xenonauts	-
L	1489	2026-10-05 18:00:55.074	0.0	5613.5	Sprite	Assets/Assets/xenonauts/texture/strategy/ui/research/research_autopsy_commander.png	generated_texture_strategy_1	xenonauts	-
L	1491	2026-10-05 18:00:55.074	0.0	5613.5	Sprite	Assets/Assets/xenonauts/texture/strategy/ui/research/research_building_aleniumgenerator.png	generated_texture_strategy_1	xenonauts	-
L	1492	2026-10-05 18:00:55.074	0.0	5613.5	Sprite	Assets/Assets/xenonauts/texture/strategy/ui/research/research_cleaner_operations.png	generated_texture_strategy_1	xenonauts	-
L	1493	2026-10-05 18:00:55.074	0.0	5613.3	Sprite	Assets/Assets/xenonauts/texture/strategy/ui/research/research_cleaner_device_quantum_beacon.png	generated_texture_strategy_1	xenonauts	-
L	1494	2026-10-05 18:00:55.074	0.0	5613.3	Template	Assets/Assets/xenonauts/template/strategy/projects/research/datacore_abductor.json	generated_template_strategy	xenonauts	-
L	1495	2026-10-05 18:00:55.074	0.0	5613.3	Sprite	Assets/Assets/xenonauts/texture/strategy/ui/research/research_ufo_abductor.png	generated_texture_strategy_1	xenonauts	-
L	1496	2026-10-05 18:00:55.074	0.0	5613.3	Template	Assets/Assets/xenonauts/template/strategy/projects/research/datacore_battleship.json	generated_template_strategy	xenonauts	-
L	1501	2026-10-05 18:00:55.075	0.0	5613.9	Sprite	Assets/Assets/xenonauts/texture/strategy/ui/research/research_ufo_cruiser.png	generated_texture_strategy_1	xenonauts	-
L	1497	2026-10-05 18:00:55.075	0.0	5613.6	Sprite	Assets/Assets/xenonauts/texture/strategy/ui/research/research_ufo_battleship.png	generated_texture_strategy_1	xenonauts	-
L	1498	2026-10-05 18:00:55.075	0.0	5613.6	Template	Assets/Assets/xenonauts/template/strategy/projects/research/datacore_bomber.json	generated_template_strategy	xenonauts	-
L	1499	2026-10-05 18:00:55.075	0.0	5613.6	Sprite	Assets/Assets/xenonauts/texture/strategy/ui/research/research_ufo_bomber.png	generated_texture_strategy_1	xenonauts	-
L	1500	2026-10-05 18:00:55.075	0.0	5613.6	Template	Assets/Assets/xenonauts/template/strategy/projects/research/datacore_cruiser.json	generated_template_strategy	xenonauts	-
L	1502	2026-10-05 18:00:55.075	0.0	5613.3	Template	Assets/Assets/xenonauts/template/strategy/projects/research/datacore_defender.json	generated_template_strategy	xenonauts	-
L	1503	2026-10-05 18:00:55.075	0.0	5613.2	Sprite	Assets/Assets/xenonauts/texture/strategy/ui/research/research_ufo_defender.png	generated_texture_strategy_1	xenonauts	-
L	1504	2026-10-05 18:00:55.075	0.0	5613.1	Template	Assets/Assets/xenonauts/template/strategy/projects/research/datacore_destroyer.json	generated_template_strategy	xenonauts	-
L	1505	2026-10-05 18:00:55.076	0.0	5613.4	Sprite	Assets/Assets/xenonauts/texture/strategy/ui/research/research_ufo_destroyer.png	generated_texture_strategy_1	xenonauts	-
L	1506	2026-10-05 18:00:55.076	0.0	5613.4	Template	Assets/Assets/xenonauts/template/strategy/projects/research/datacore_fighter.json	generated_template_strategy	xenonauts	-
L	1507	2026-10-05 18:00:55.076	0.0	5613.4	Sprite	Assets/Assets/xenonauts/texture/strategy/ui/research/research_ufo_fighter.png	generated_texture_strategy_1	xenonauts	-
L	1508	2026-10-05 18:00:55.076	0.0	5613.4	Template	Assets/Assets/xenonauts/template/strategy/projects/research/datacore_harvester.json	generated_template_strategy	xenonauts	-
L	1509	2026-10-05 18:00:55.076	0.0	5613.2	Template	Assets/Assets/xenonauts/template/common/masters/clock/default.json	generated_template_common	xenonauts	-
L	1510	2026-10-05 18:00:55.076	0.0	5607.8	Sprite	Assets/Assets/xenonauts/texture/strategy/ui/gameover/gameover_victory.png	generated_texture_strategy_1	xenonauts	-
L	1512	2026-10-05 18:00:55.079	0.0	5610.6	Sprite	Assets/Assets/xenonauts/texture/strategy/ui/research/research_ufo_harvester.png	generated_texture_strategy_1	xenonauts	-
L	1511	2026-10-05 18:00:55.079	0.0	5610.5	Template	Assets/Assets/xenonauts/template/common/masters/game_overs/game_over.json	generated_template_common	xenonauts	-
L	1513	2026-10-05 18:00:55.082	0.0	5612.1	Template	Assets/Assets/xenonauts/template/strategy/projects/research/datacore_interceptor.json	generated_template_strategy	xenonauts	-
L	1514	2026-10-05 18:00:55.082	0.0	5612.1	Sprite	Assets/Assets/xenonauts/texture/strategy/ui/research/research_ufo_interceptor.png	generated_texture_strategy_1	xenonauts	-
L	1515	2026-10-05 18:00:55.082	0.0	5610.9	Template	Assets/Assets/xenonauts/template/strategy/aircraft/profiles/alien/observer.json	generated_template_strategy	xenonauts	-
L	1680	2026-10-05 18:00:55.663	0.0	6191.7	Sprite	Assets/Assets/xenonauts/texture/strategy/ui/research/research_ufo_observer.png	generated_texture_strategy_1	xenonauts	-
L	1681	2026-10-05 18:00:55.663	0.0	6174.9	Template	Assets/Assets/xenonauts/template/common/global_variables/regional_relations_modifier_western_europe.json	generated_template_common	xenonauts	-
L	1682	2026-10-05 18:00:55.663	0.0	6174.8	Sprite	Assets/Assets/xenonauts/texture/strategy/ui/region_info/region_image_europe.png	generated_texture_strategy_1	xenonauts	-
L	1683	2026-10-05 18:00:55.663	0.0	6171.4	Template	Assets/Assets/xenonauts/template/common/global_variables/regional_relations_modifier_soviet_union.json	generated_template_common	xenonauts	-
L	1684	2026-10-05 18:00:55.663	0.0	6171.4	Template	Assets/Assets/xenonauts/template/common/global_variables/regional_relations_modifier_north_america.json	generated_template_common	xenonauts	-
L	1685	2026-10-05 18:00:55.663	0.0	6169.7	Template	Assets/Assets/xenonauts/template/common/global_variables/regional_relations_modifier_latin_america.json	generated_template_common	xenonauts	-
L	1686	2026-10-05 18:00:55.663	0.0	6169.7	Template	Assets/Assets/xenonauts/template/strategy/masters/geo_region/geo_region.json	generated_template_strategy	xenonauts	-
L	1687	2026-10-05 18:00:55.663	0.0	6168.2	Template	Assets/Assets/xenonauts/template/common/global_variables/regional_relations_modifier_asia_pacific.json	generated_template_common	xenonauts	-
L	1688	2026-10-05 18:00:55.663	0.0	6168.2	Sprite	Assets/Assets/xenonauts/texture/strategy/ui/region_info/region_image_asia.png	generated_texture_strategy_1	xenonauts	-
L	1689	2026-10-05 18:00:55.663	0.0	6166.7	Template	Assets/Assets/xenonauts/template/common/global_variables/regional_relations_modifier_africa.json	generated_template_common	xenonauts	-
L	1690	2026-10-05 18:00:55.663	0.0	6165.1	Template	Assets/Assets/xenonauts/template/strategy/projects/research/weapon_stun_advanced.json	generated_template_strategy	xenonauts	-
L	1691	2026-10-05 18:00:55.663	0.0	6164.4	Template	Assets/Assets/xenonauts/template/strategy/projects/research/deprecated/weapon_stun.json	generated_template_strategy	xenonauts	-
L	1692	2026-10-05 18:00:55.663	0.0	6163.7	Template	Assets/Assets/xenonauts/template/strategy/projects/research/weapon_plasmas_heavy.json	generated_template_strategy	xenonauts	-
L	1693	2026-10-05 18:00:55.663	0.0	6163.0	Template	Assets/Assets/xenonauts/template/strategy/projects/research/weapon_plasmas.json	generated_template_strategy	xenonauts	-
L	1694	2026-10-05 18:00:55.663	0.0	6162.5	Template	Assets/Assets/xenonauts/template/strategy/projects/research/weapon_lasers_heavy.json	generated_template_strategy	xenonauts	-
L	1695	2026-10-05 18:00:55.663	0.0	6161.9	Template	Assets/Assets/xenonauts/template/strategy/projects/research/weapon_lasers.json	generated_template_strategy	xenonauts	-
L	1696	2026-10-05 18:00:55.663	0.0	6161.4	Template	Assets/Assets/xenonauts/template/strategy/projects/research/weapon_gauss_heavy.json	generated_template_strategy	xenonauts	-
L	1697	2026-10-05 18:00:55.663	0.0	6160.7	Template	Assets/Assets/xenonauts/template/strategy/projects/research/weapon_gauss.json	generated_template_strategy	xenonauts	-
L	1698	2026-10-05 18:00:55.663	0.0	6160.4	Sprite	Assets/Assets/xenonauts/texture/strategy/ui/research/research_weapon_ballistics.png	generated_texture_strategy_1	xenonauts	-
L	1699	2026-10-05 18:00:55.663	0.0	6159.2	Template	Assets/Assets/xenonauts/template/groundcombat/actor/combatant/mechanical/xenonaut/sentrygun/default.json	generated_template_groundcombat	xenonauts	-
L	1700	2026-10-05 18:00:55.663	0.0	6158.5	Template	Assets/Assets/xenonauts/template/groundcombat/actor/combatant/mechanical/xenonaut/mars/default.json	generated_template_groundcombat	xenonauts	-
L	1701	2026-10-05 18:00:55.663	0.0	6157.5	Template	Assets/Assets/xenonauts/template/groundcombat/actor/combatant/mechanical/xenonaut/ares/default.json	generated_template_groundcombat	xenonauts	-
L	1702	2026-10-05 18:00:55.663	0.0	6157.0	Sprite	Assets/Assets/xenonauts/texture/strategy/ui/research/research_plot_uoo_3.png	generated_texture_strategy_1	xenonauts	-
L	1703	2026-10-05 18:00:55.663	0.0	6152.5	Sprite	Assets/Assets/xenonauts/texture/strategy/ui/notification_illustrations/uoo.png	generated_texture_strategy_1	xenonauts	-
L	1879	2026-10-05 18:00:55.856	6152.4	193.1	Template	Assets/Assets/xenonauts/template/strategy/projects/research/plot_operation_endgame.json	generated_template_strategy	xenonauts	-
L	1880	2026-10-05 18:00:55.856	6152.4	193.1	Sprite	Assets/Assets/xenonauts/texture/strategy/ui/research/research_alien_origins.png	generated_texture_strategy_1	xenonauts	-
L	1904	2026-10-05 18:00:55.911	6152.4	248.1	Template	Assets/Assets/xenonauts/template/common/masters/xenopedia_entry/xenopedia_master_alien.json	generated_template_common	xenonauts	-
L	1907	2026-10-05 18:00:56.011	6152.4	348.1	Sprite	Assets/Assets/xenonauts/texture/strategy/ui/research/research_interrogation_wraith.png	generated_texture_strategy_1	xenonauts	-
L	1912	2026-10-05 18:00:56.311	6152.4	648.1	Sprite	Assets/Assets/xenonauts/texture/strategy/ui/research/research_interrogation_sebillian.png	generated_texture_strategy_1	xenonauts	-
L	2187	2026-10-05 18:00:58.830	8295.8	1023.7	Sprite	Assets/Assets/xenonauts/texture/strategy/ui/research/research_weapon_gauss.png	generated_texture_strategy_1	xenonauts	-
L	1906	2026-10-05 18:00:56.011	6152.4	348.0	Template	Assets/Assets/xenonauts/template/strategy/projects/research/interrogation_wraith.json	generated_template_strategy	xenonauts	-
L	2032	2026-10-05 18:00:57.820	6341.5	1967.9	Template	Assets/Assets/xenonauts/template/strategy/projects/research/interrogation_cleaner_soldier.json	generated_template_strategy	xenonauts	-
L	2039	2026-10-05 18:00:57.828	6340.2	1977.2	Template	Assets/Assets/xenonauts/template/strategy/projects/research/aircraft_interceptor_tier3.json	generated_template_strategy	xenonauts	-
L	2040	2026-10-05 18:00:57.828	6340.1	1977.3	Sprite	Assets/Assets/xenonauts/texture/strategy/ui/research/research_interceptor_tier2.png	generated_texture_strategy_1	xenonauts	-
L	2052	2026-10-05 18:00:57.830	6338.5	1980.9	Sprite	Assets/Assets/xenonauts/texture/strategy/ui/research/research_dropship_tier1.png	generated_texture_strategy_1	xenonauts	-
L	1934	2026-10-05 18:00:56.566	6152.4	902.9	Sprite	Assets/Assets/xenonauts/texture/strategy/ui/research/research_interrogation_reaper.png	generated_texture_strategy_1	xenonauts	-
L	2051	2026-10-05 18:00:57.830	6338.5	1980.8	Template	Assets/Assets/xenonauts/template/strategy/projects/research/aircraft_dropship_tier2.json	generated_template_strategy	xenonauts	-
L	2166	2026-10-05 18:00:58.430	8295.6	623.7	Template	Assets/Assets/xenonauts/template/strategy/projects/research/plot_uoo_2.json	generated_template_strategy	xenonauts	-
L	2167	2026-10-05 18:00:58.430	8295.6	623.7	Template	Assets/Assets/xenonauts/template/strategy/projects/research/plot_uoo_3.json	generated_template_strategy	xenonauts	-
L	2176	2026-10-05 18:00:58.630	8295.7	823.6	Sprite	Assets/Assets/xenonauts/texture/strategy/ui/research/research_vehicle_mars_rockets.png	generated_texture_strategy_1	xenonauts	-
L	2183	2026-10-05 18:00:58.730	8295.7	923.6	Sprite	Assets/Assets/xenonauts/texture/strategy/ui/research/research_vehicle_sentry.png	generated_texture_strategy_1	xenonauts	-
L	2105	2026-10-05 18:00:58.328	6342.7	2474.5	Sprite	Assets/Assets/xenonauts/texture/strategy/ui/research/research_interrogation_eternal.png	generated_texture_strategy_1	xenonauts	-
L	2175	2026-10-05 18:00:58.546	8295.7	739.5	Template	Assets/Assets/xenonauts/template/strategy/actor/combatant/mechanical/xenonauts/mars.json	generated_template_strategy	xenonauts	-
L	2025	2026-10-05 18:00:57.807	6337.3	1958.8	Template	Assets/Assets/xenonauts/template/strategy/masters/geo_region/political_geo_region.json	generated_template_strategy	xenonauts	-
L	2028	2026-10-05 18:00:57.814	6342.3	1960.8	Template	Assets/Assets/xenonauts/template/common/masters/xenopedia_entry/xenopedia_master_alien_autopsy.json	generated_template_common	xenonauts	-
L	2030	2026-10-05 18:00:57.820	6342.0	1967.1	Template	Assets/Assets/xenonauts/template/strategy/projects/research/interrogation_commander.json	generated_template_strategy	xenonauts	-
L	2031	2026-10-05 18:00:57.820	6341.5	1967.6	Sprite	Assets/Assets/xenonauts/texture/strategy/ui/research/research_interrogation_cleaner_soldier.png	generated_texture_strategy_1	xenonauts	-
L	2048	2026-10-05 18:00:57.829	6339.0	1979.1	Sprite	Assets/Assets/xenonauts/texture/strategy/ui/research/research_dropship_tier3.png	generated_texture_strategy_1	xenonauts	-
L	2057	2026-10-05 18:00:57.833	6337.8	1984.3	Sprite	Assets/Assets/xenonauts/texture/strategy/ui/research/research_ufo_mimic.png	generated_texture_strategy_1	xenonauts	-
L	2104	2026-10-05 18:00:58.327	6342.7	2473.4	Template	Assets/Assets/xenonauts/template/strategy/projects/research/interrogation_mantid.json	generated_template_strategy	xenonauts	-
L	2165	2026-10-05 18:00:58.430	8295.6	623.5	Sprite	Assets/Assets/xenonauts/texture/strategy/ui/research/research_plot_uoo_2.png	generated_texture_strategy_1	xenonauts	-
L	2189	2026-10-05 18:00:59.014	8295.8	1207.3	Sprite	Assets/Assets/xenonauts/texture/strategy/ui/research/research_weapon_lasers.png	generated_texture_strategy_1	xenonauts	-
L	2191	2026-10-05 18:00:59.114	8295.8	1307.3	Sprite	Assets/Assets/xenonauts/texture/strategy/ui/research/research_weapon_lasers_heavy.png	generated_texture_strategy_1	xenonauts	-
L	2285	2026-10-05 18:00:59.473	8361.2	1600.9	Template	Assets/Assets/xenonauts/template/strategy/regional_supporters/asia_pacific^engineer.json	generated_template_strategy	xenonauts	-
L	2294	2026-10-05 18:00:59.488	8361.2	1615.9	Template	Assets/Assets/xenonauts/template/strategy/regional_supporters/asia_pacific^scientist.json	generated_template_strategy	xenonauts	-
L	2321	2026-10-05 18:00:59.565	8361.2	1692.9	Template	Assets/Assets/xenonauts/template/strategy/regional_supporters/asia_pacific^funding_council.json	generated_template_strategy	xenonauts	-
L	1914	2026-10-05 18:00:56.412	6152.4	748.6	Sprite	Assets/Assets/xenonauts/texture/strategy/ui/research/research_interrogation_placeholder.png	generated_texture_strategy_1	xenonauts	-
L	2010	2026-10-05 18:00:57.807	6333.8	1962.2	Template	Assets/Assets/xenonauts/template/strategy/regional_supporters/latin_america^scientist.json	generated_template_strategy	xenonauts	-
L	2012	2026-10-05 18:00:57.807	6334.6	1961.4	Template	Assets/Assets/xenonauts/template/strategy/regional_supporters/north_america^security.json	generated_template_strategy	xenonauts	-
L	2013	2026-10-05 18:00:57.807	6334.6	1961.4	Template	Assets/Assets/xenonauts/template/strategy/regional_supporters/north_america^scientist.json	generated_template_strategy	xenonauts	-
L	2016	2026-10-05 18:00:57.807	6335.6	1960.4	Sprite	Assets/Assets/xenonauts/texture/strategy/ui/region_info/region_image_soviet.png	generated_texture_strategy_1	xenonauts	-
L	2017	2026-10-05 18:00:57.807	6335.6	1960.4	Template	Assets/Assets/xenonauts/template/strategy/regional_supporters/soviet_union^scientist.json	generated_template_strategy	xenonauts	-
L	2018	2026-10-05 18:00:57.807	6335.9	1960.1	Template	Assets/Assets/xenonauts/template/strategy/regional_supporters/soviet_union^intelligence.json	generated_template_strategy	xenonauts	-
L	2019	2026-10-05 18:00:57.807	6335.9	1960.1	Template	Assets/Assets/xenonauts/template/strategy/regional_supporters/soviet_union^engineer.json	generated_template_strategy	xenonauts	-
L	2020	2026-10-05 18:00:57.807	6336.4	1959.6	Template	Assets/Assets/xenonauts/template/strategy/regional_supporters/soviet_union^security.json	generated_template_strategy	xenonauts	-
L	2021	2026-10-05 18:00:57.807	6336.4	1959.6	Template	Assets/Assets/xenonauts/template/strategy/regional_supporters/western_europe^security.json	generated_template_strategy	xenonauts	-
L	2022	2026-10-05 18:00:57.807	6336.9	1959.1	Template	Assets/Assets/xenonauts/template/strategy/regional_supporters/western_europe^intelligence.json	generated_template_strategy	xenonauts	-
L	2023	2026-10-05 18:00:57.807	6336.9	1959.1	Template	Assets/Assets/xenonauts/template/strategy/regional_supporters/western_europe^funding_council.json	generated_template_strategy	xenonauts	-
L	2024	2026-10-05 18:00:57.807	6337.2	1958.8	Template	Assets/Assets/xenonauts/template/strategy/regional_supporters/western_europe^engineer.json	generated_template_strategy	xenonauts	-
L	2026	2026-10-05 18:00:57.807	6337.7	1958.3	Template	Assets/Assets/xenonauts/template/strategy/projects/research/datacore_probe.json	generated_template_strategy	xenonauts	-
L	2033	2026-10-05 18:00:57.823	6341.2	1970.8	Sprite	Assets/Assets/xenonauts/texture/strategy/ui/research/research_interrogation_cleaner_leader.png	generated_texture_strategy_1	xenonauts	-
L	2045	2026-10-05 18:00:57.829	6339.3	1978.7	Sprite	Assets/Assets/xenonauts/texture/strategy/ui/research/research_missiles_plasma.png	generated_texture_strategy_1	xenonauts	-
L	2046	2026-10-05 18:00:57.829	6339.2	1978.8	Sprite	Assets/Assets/xenonauts/texture/strategy/ui/research/research_missiles_alenium.png	generated_texture_strategy_1	xenonauts	-
L	2047	2026-10-05 18:00:57.829	6339.0	1979.0	Template	Assets/Assets/xenonauts/template/common/masters/xenopedia_entry/xenopedia_master_dropship.json	generated_template_common	xenonauts	-
L	2101	2026-10-05 18:00:58.326	6343.3	2471.7	Sprite	Assets/Assets/xenonauts/texture/strategy/ui/research/research_interrogation_mentarch.png	generated_texture_strategy_1	xenonauts	-
L	2102	2026-10-05 18:00:58.327	6343.0	2473.0	Template	Assets/Assets/xenonauts/template/strategy/projects/research/interrogation_mentarch.json	generated_template_strategy	xenonauts	-
L	2103	2026-10-05 18:00:58.327	6343.0	2473.0	Sprite	Assets/Assets/xenonauts/texture/strategy/ui/research/research_interrogation_mantid.png	generated_texture_strategy_1	xenonauts	-
L	2164	2026-10-05 18:00:58.380	8295.6	573.4	Template	Assets/Assets/xenonauts/template/strategy/projects/research/plot_uoo_1.json	generated_template_strategy	xenonauts	-
L	2174	2026-10-05 18:00:58.546	8295.7	739.3	Sprite	Assets/Assets/xenonauts/texture/strategy/ui/research/research_vehicle_ares.png	generated_texture_strategy_1	xenonauts	-
L	2266	2026-10-05 18:00:59.464	8361.2	1591.8	Sprite	Assets/Assets/xenonauts/texture/strategy/ui/region_info/region_image_southamerica.png	generated_texture_strategy_1	xenonauts	-
L	2328	2026-10-05 18:00:59.574	8361.2	1701.8	Template	Assets/Assets/xenonauts/template/strategy/regional_supporters/africa^engineer.json	generated_template_strategy	xenonauts	-
L	2329	2026-10-05 18:00:59.574	8295.8	1767.2	Template	Assets/Assets/xenonauts/template/strategy/regional_supporters/africa^security.json	generated_template_strategy	xenonauts	-
L	2333	2026-10-05 18:00:59.583	8295.8	1776.2	Template	Assets/Assets/xenonauts/template/strategy/regional_supporters/africa^scientist.json	generated_template_strategy	xenonauts	-
L	1704	2026-10-05 18:00:55.663	0.0	6151.9	Sprite	Assets/Assets/xenonauts/texture/strategy/ui/research/research_plot_uoo_1.png	generated_texture_strategy_1	xenonauts	-
L	2007	2026-10-05 18:00:57.807	6333.1	1962.8	Template	Assets/Assets/xenonauts/template/strategy/regional_supporters/latin_america^security.json	generated_template_strategy	xenonauts	-
L	2008	2026-10-05 18:00:57.807	6333.4	1962.5	Template	Assets/Assets/xenonauts/template/strategy/regional_supporters/latin_america^engineer.json	generated_template_strategy	xenonauts	-
L	2009	2026-10-05 18:00:57.807	6333.4	1962.5	Template	Assets/Assets/xenonauts/template/strategy/regional_supporters/latin_america^funding_council.json	generated_template_strategy	xenonauts	-
L	2011	2026-10-05 18:00:57.807	6333.8	1962.1	Sprite	Assets/Assets/xenonauts/texture/strategy/ui/region_info/region_image_northamerica.png	generated_texture_strategy_1	xenonauts	-
L	2014	2026-10-05 18:00:57.807	6335.3	1960.6	Template	Assets/Assets/xenonauts/template/strategy/regional_supporters/north_america^intelligence.json	generated_template_strategy	xenonauts	-
L	2015	2026-10-05 18:00:57.807	6335.3	1960.6	Template	Assets/Assets/xenonauts/template/strategy/regional_supporters/north_america^funding_council.json	generated_template_strategy	xenonauts	-
L	2029	2026-10-05 18:00:57.820	6342.0	1966.9	Sprite	Assets/Assets/xenonauts/texture/strategy/ui/research/research_interrogation_commander.png	generated_texture_strategy_1	xenonauts	-
L	2043	2026-10-05 18:00:57.829	6339.6	1978.3	Template	Assets/Assets/xenonauts/template/common/masters/xenopedia_entry/xenopedia_starting.json	generated_template_common	xenonauts	-
L	2044	2026-10-05 18:00:57.829	6339.6	1978.3	Sprite	Assets/Assets/xenonauts/texture/strategy/ui/research/research_transparent.png	generated_texture_strategy_1	xenonauts	-
L	2056	2026-10-05 18:00:57.832	6338.0	1982.9	Template	Assets/Assets/xenonauts/template/strategy/projects/research/datacore_scout.json	generated_template_strategy	xenonauts	-
L	2088	2026-10-05 18:00:58.325	6343.6	2470.3	Template	Assets/Assets/xenonauts/template/strategy/projects/research/interrogation_reaper.json	generated_template_strategy	xenonauts	-
L	2099	2026-10-05 18:00:58.326	6343.5	2471.4	Sprite	Assets/Assets/xenonauts/texture/strategy/ui/research/research_interrogation_psyon.png	generated_texture_strategy_1	xenonauts	-
L	2100	2026-10-05 18:00:58.326	6343.3	2471.6	Template	Assets/Assets/xenonauts/template/strategy/projects/research/interrogation_psyon.json	generated_template_strategy	xenonauts	-
L	2168	2026-10-05 18:00:58.432	8295.6	625.3	Template	Assets/Assets/xenonauts/template/strategy/actor/combatant/mechanical/xenonauts/ares.json	generated_template_strategy	xenonauts	-
L	2192	2026-10-05 18:00:59.214	8295.8	1407.1	Sprite	Assets/Assets/xenonauts/texture/strategy/ui/research/research_weapon_fusion.png	generated_texture_strategy_1	xenonauts	-
L	1909	2026-10-05 18:00:56.112	6152.4	448.4	Sprite	Assets/Assets/xenonauts/texture/strategy/ui/research/research_interrogation_secton.png	generated_texture_strategy_1	xenonauts	-
L	1911	2026-10-05 18:00:56.212	6152.4	548.4	Sprite	Assets/Assets/xenonauts/texture/strategy/ui/research/research_interrogation_brute.png	generated_texture_strategy_1	xenonauts	-
L	1913	2026-10-05 18:00:56.412	6152.4	748.4	Template	Assets/Assets/xenonauts/template/strategy/projects/research/interrogation_reaper_alpha.json	generated_template_strategy	xenonauts	-
L	2027	2026-10-05 18:00:57.813	6342.3	1959.5	Template	Assets/Assets/xenonauts/template/strategy/projects/research/interrogation_eternal.json	generated_template_strategy	xenonauts	-
L	2049	2026-10-05 18:00:57.830	6338.7	1980.1	Template	Assets/Assets/xenonauts/template/strategy/projects/research/aircraft_dropship_tier3.json	generated_template_strategy	xenonauts	-
L	2050	2026-10-05 18:00:57.830	6338.7	1980.1	Sprite	Assets/Assets/xenonauts/texture/strategy/ui/research/research_dropship_tier2.png	generated_texture_strategy_1	xenonauts	-
L	2055	2026-10-05 18:00:57.832	6338.0	1982.8	Sprite	Assets/Assets/xenonauts/texture/strategy/ui/research/research_ufo_scout.png	generated_texture_strategy_1	xenonauts	-
L	2169	2026-10-05 18:00:58.433	8295.6	626.2	Template	Assets/Assets/xenonauts/template/strategy/projects/research/vehicle_ares.json	generated_template_strategy	xenonauts	-
L	2199	2026-10-05 18:00:59.433	8295.8	1626.0	Sprite	Assets/Assets/xenonauts/texture/strategy/ui/research/research_weapon_electroshock.png	generated_texture_strategy_1	xenonauts	-
L	1881	2026-10-05 18:00:55.858	6152.4	194.3	Template	Assets/Assets/xenonauts/template/common/masters/xenopedia_entry/xenopedia.json	generated_template_common	xenonauts	-
L	2034	2026-10-05 18:00:57.824	6341.1	1971.6	Template	Assets/Assets/xenonauts/template/strategy/projects/research/interrogation_cleaner_leader.json	generated_template_strategy	xenonauts	-
L	2041	2026-10-05 18:00:57.829	6339.9	1977.8	Template	Assets/Assets/xenonauts/template/strategy/projects/research/aircraft_interceptor_tier2.json	generated_template_strategy	xenonauts	-
L	2326	2026-10-05 18:00:59.571	8361.2	1698.5	Template	Assets/Assets/xenonauts/template/strategy/regional_supporters/africa^funding_council.json	generated_template_strategy	xenonauts	-
L	2334	2026-10-05 18:00:59.588	8295.8	1780.9	Sprite	Assets/Assets/xenonauts/texture/strategy/ui/region_info/region_image_africa.png	generated_texture_strategy_1	xenonauts	-
L	1905	2026-10-05 18:00:55.912	6152.4	248.2	Sprite	Assets/Assets/xenonauts/texture/strategy/ui/research/research_cleaner_base.png	generated_texture_strategy_1	xenonauts	-
L	1908	2026-10-05 18:00:56.112	6152.4	448.2	Template	Assets/Assets/xenonauts/template/strategy/projects/research/interrogation_secton.json	generated_template_strategy	xenonauts	-
L	1910	2026-10-05 18:00:56.212	6152.4	548.2	Template	Assets/Assets/xenonauts/template/strategy/projects/research/deprecated/interrogation_sebillian_brute.json	generated_template_strategy	xenonauts	-
L	2036	2026-10-05 18:00:57.827	6340.8	1974.8	Template	Assets/Assets/xenonauts/template/strategy/projects/research/interrogation_cleaner_agent.json	generated_template_strategy	xenonauts	-
L	2037	2026-10-05 18:00:57.827	6340.5	1975.1	Template	Assets/Assets/xenonauts/template/common/masters/xenopedia_entry/xenopedia_master_interceptor.json	generated_template_common	xenonauts	-
L	2038	2026-10-05 18:00:57.828	6340.5	1976.1	Sprite	Assets/Assets/xenonauts/texture/strategy/ui/research/research_interceptor_tier3.png	generated_texture_strategy_1	xenonauts	-
L	2042	2026-10-05 18:00:57.829	6339.8	1977.8	Sprite	Assets/Assets/xenonauts/texture/strategy/ui/research/research_interceptor_tier1.png	generated_texture_strategy_1	xenonauts	-
L	2054	2026-10-05 18:00:57.831	6338.2	1981.4	Template	Assets/Assets/xenonauts/template/common/masters/xenopedia_entry/xenopedia_master_ufo.json	generated_template_common	xenonauts	-
L	2182	2026-10-05 18:00:58.633	8295.7	825.9	Template	Assets/Assets/xenonauts/template/strategy/projects/research/vehicle_mars.json	generated_template_strategy	xenonauts	-
L	2193	2026-10-05 18:00:59.281	8295.8	1473.8	Sprite	Assets/Assets/xenonauts/texture/strategy/ui/research/research_weapon_plasmas_heavy.png	generated_texture_strategy_1	xenonauts	-
L	2283	2026-10-05 18:00:59.472	8361.2	1599.4	Template	Assets/Assets/xenonauts/template/strategy/regional_supporters/asia_pacific^intelligence.json	generated_template_strategy	xenonauts	-
L	2035	2026-10-05 18:00:57.827	6340.8	1974.7	Sprite	Assets/Assets/xenonauts/texture/strategy/ui/research/research_interrogation_cleaner_agent.png	generated_texture_strategy_1	xenonauts	-
L	2053	2026-10-05 18:00:57.831	6338.2	1981.3	Template	Assets/Assets/xenonauts/template/common/masters/xenopedia_entry/xenopedia_master_alien_weapons.json	generated_template_common	xenonauts	-
L	2177	2026-10-05 18:00:58.631	8295.7	823.8	Template	Assets/Assets/xenonauts/template/strategy/actor/combatant/mechanical/xenonauts/sentry.json	generated_template_strategy	xenonauts	-
L	2188	2026-10-05 18:00:58.898	8295.8	1090.7	Sprite	Assets/Assets/xenonauts/texture/strategy/ui/research/research_weapon_gauss_heavy.png	generated_texture_strategy_1	xenonauts	-
L	2184	2026-10-05 18:00:58.731	8295.7	923.7	Template	Assets/Assets/xenonauts/template/common/masters/xenopedia_entry/xenopedia_master_vehicle.json	generated_template_common	xenonauts	-
L	1516	2026-10-05 18:00:55.457	1.8	5943.3	Sprite	Assets/Assets/xenonauts/texture/strategy/ui/research/research_ufo_singularity_core.png	generated_texture_strategy_1	xenonauts	-
L	1519	2026-10-05 18:00:55.458	42.6	5903.3	Template	Assets/Assets/xenonauts/template/strategy/projects/research/abstract_singularity_core.json	generated_template_strategy	xenonauts	-
L	1517	2026-10-05 18:00:55.457	0.0	5904.9	Template	Assets/Assets/xenonauts/template/strategy/item/corpse/captured_mentarch.json	generated_template_strategy	xenonauts	-
L	1518	2026-10-05 18:00:55.457	2.1	5902.7	Template	Assets/Assets/xenonauts/template/strategy/masters/projects/research/research_duration5.json	generated_template_strategy	xenonauts	-
L	1520	2026-10-05 18:00:55.458	0.0	5890.2	MissionDefinition	Assets/Assets/xenonauts/data/strategy/mission_definitions/alien_base/alien_base^cleaner_base.json	generated_data_strategy	xenonauts	-
L	1521	2026-10-05 18:00:55.532	0.0	5963.0	Template	Assets/Assets/xenonauts/template/groundcombat/masters/actor/combatant/wraith/wraith.json	generated_template_groundcombat	xenonauts	-
L	1522	2026-10-05 18:00:55.532	0.0	5962.7	Template	Assets/Assets/xenonauts/template/groundcombat/masters/actor/combatant/secton/secton.json	generated_template_groundcombat	xenonauts	-
L	1523	2026-10-05 18:00:55.541	0.0	5971.6	Template	Assets/Assets/xenonauts/template/groundcombat/masters/actor/combatant/sebillian/sebillian.json	generated_template_groundcombat	xenonauts	-
L	1524	2026-10-05 18:00:55.541	0.0	5954.9	IEntityEffect	Assets/Assets/xenonauts/data/strategy/effects/mark_captured_as_junk.json	generated_data_strategy	xenonauts	-
L	1525	2026-10-05 18:00:55.554	0.0	5963.0	Template	Assets/Assets/xenonauts/template/groundcombat/item/corpse/captured_reaper_alpha.json	generated_template_groundcombat	xenonauts	-
L	1527	2026-10-05 18:00:55.554	0.0	5962.9	Template	Assets/Assets/xenonauts/template/groundcombat/item/corpse/corpse_psyon_soldier.json	generated_template_groundcombat	xenonauts	-
L	1526	2026-10-05 18:00:55.554	0.0	5962.1	Template	Assets/Assets/xenonauts/template/groundcombat/item/corpse/captured_psyon_soldier.json	generated_template_groundcombat	xenonauts	-
L	1531	2026-10-05 18:00:55.557	98.0	5866.7	Template	Assets/Assets/xenonauts/template/groundcombat/masters/actor/combatant/psyon/psyon.json	generated_template_groundcombat	xenonauts	-
L	1529	2026-10-05 18:00:55.555	0.0	5962.6	Template	Assets/Assets/xenonauts/template/groundcombat/masters/actor/combatant/mantid/mantid.json	generated_template_groundcombat	xenonauts	-
L	2160	2026-10-05 18:00:58.379	7070.4	1716.2	Template	Assets/Assets/xenonauts/template/strategy/item/corpse/captured_sebillian_officer.json	generated_template_strategy	xenonauts	-
L	2159	2026-10-05 18:00:58.379	7070.4	1716.1	Template	Assets/Assets/xenonauts/template/strategy/item/corpse/captured_sebillian_leader.json	generated_template_strategy	xenonauts	-
L	2157	2026-10-05 18:00:58.378	7070.4	1715.0	Template	Assets/Assets/xenonauts/template/groundcombat/item/corpse/corpse_reaper_alpha.json	generated_template_groundcombat	xenonauts	-
L	2158	2026-10-05 18:00:58.378	7070.4	1715.0	Template	Assets/Assets/xenonauts/template/groundcombat/masters/actor/combatant/reaper/reaper.json	generated_template_groundcombat	xenonauts	-
L	2163	2026-10-05 18:00:58.380	8213.9	573.4	Template	Assets/Assets/xenonauts/template/strategy/masters/projects/research/research_duration_autocomplete.json	generated_template_strategy	xenonauts	-
L	1528	2026-10-05 18:00:55.555	0.0	5962.2	Template	Assets/Assets/xenonauts/template/groundcombat/masters/actor/combatant/mentarch/mentarch.json	generated_template_groundcombat	xenonauts	-
L	1530	2026-10-05 18:00:55.556	97.3	5865.7	Template	Assets/Assets/xenonauts/template/groundcombat/masters/actor/combatant/eternal/eternal.json	generated_template_groundcombat	xenonauts	-
L	2162	2026-10-05 18:00:58.380	7070.4	1716.5	Template	Assets/Assets/xenonauts/template/strategy/masters/projects/research/interrogation.json	generated_template_strategy	xenonauts	-
L	2161	2026-10-05 18:00:58.380	7070.4	1716.4	Template	Assets/Assets/xenonauts/template/strategy/item/corpse/captured_sebillian.json	generated_template_strategy	xenonauts	-
L	1532	2026-10-05 18:00:55.562	0.0	5870.1	Template	Assets/Assets/xenonauts/template/groundcombat/item/corpse/captured_cleaner_soldier.json	generated_template_groundcombat	xenonauts	-
L	1533	2026-10-05 18:00:55.563	0.0	5866.2	Template	Assets/Assets/xenonauts/template/groundcombat/weights/flee.json	generated_template_groundcombat	xenonauts	-
L	1534	2026-10-05 18:00:55.563	0.0	5862.1	Template	Assets/Assets/xenonauts/template/groundcombat/item/corpse/captured_cleaner_agent.json	generated_template_groundcombat	xenonauts	-
L	1535	2026-10-05 18:00:55.569	0.0	5795.0	Sprite	Assets/Assets/xenonauts/texture/strategy/ui/armory/backgrounds/fury.png	generated_texture_strategy_1	xenonauts	-
L	1536	2026-10-05 18:00:55.569	0.0	5787.0	UIElementAsset	Assets/Assets/xenonauts/ui/strategy/components/armory/strike_teams/interceptor_tier2.prefab	generated_ui_strategy	xenonauts	-
L	1537	2026-10-05 18:00:55.569	0.0	5781.4	GameObject	Assets/Assets/xenonauts/prefab/strategy/aircombat/actor/xenonaut/interceptor_tier1.prefab	generated_prefab_strategy	xenonauts	-
L	1538	2026-10-05 18:00:55.569	0.0	5780.7	Template	Assets/Assets/xenonauts/template/strategy/item/token_cleaner_base.json	generated_template_strategy	xenonauts	-
L	1539	2026-10-05 18:00:55.569	0.0	5780.0	Template	Assets/Assets/xenonauts/template/strategy/item/datacore_interceptor.json	generated_template_strategy	xenonauts	-
L	1540	2026-10-05 18:00:55.570	0.0	5777.1	Template	Assets/Assets/xenonauts/template/strategy/item/datacore_bomber.json	generated_template_strategy	xenonauts	-
L	1541	2026-10-05 18:00:55.570	0.0	5744.9	UIElementAsset	Assets/Assets/xenonauts/ui/strategy/components/armory/strike_teams/dropship_tier3.prefab	generated_ui_strategy	xenonauts	-
L	1944	2026-10-05 18:00:56.662	5878.4	953.8	Sprite	Assets/Assets/xenonauts/texture/strategy/ui/armory/background_dropship_tier3_soldierarrange.png	generated_texture_strategy_1	xenonauts	-
L	1960	2026-10-05 18:00:56.719	5889.7	999.5	Template	Assets/Assets/xenonauts/template/strategy/item/aircraft_equipment/engine_angel_tier1.json	generated_template_strategy	xenonauts	-
L	1978	2026-10-05 18:00:57.806	5901.0	2075.2	Sprite	Assets/Assets/xenonauts/texture/strategy/ui/aircraft/building/normal/interceptor_tier2_hangar_h.png	generated_texture_strategy_1	xenonauts	-
L	1979	2026-10-05 18:00:57.806	5901.0	2075.2	Sprite	Assets/Assets/xenonauts/texture/strategy/ui/aircraft/portrait/cons/interceptor_tier2_constr.png	generated_texture_strategy_1	xenonauts	-
L	1982	2026-10-05 18:00:57.806	5902.2	2074.0	Sprite	Assets/Assets/xenonauts/texture/strategy/ui/aircraft/building/cons/interceptor_tier2_hangar_h_cons.png	generated_texture_strategy_1	xenonauts	-
L	1983	2026-10-05 18:00:57.806	5902.2	2074.0	Sprite	Assets/Assets/xenonauts/texture/strategy/ui/aircombat/combatants/ac_combatant_interceptor_tier2.png	generated_texture_strategy_1	xenonauts	-
L	2143	2026-10-05 18:00:58.347	6097.9	2419.3	Sprite	Assets/Assets/xenonauts/texture/strategy/ui/aircraft/building/cons/interceptor_tier3_hangar_v_cons.png	generated_texture_strategy_1	xenonauts	-
L	2156	2026-10-05 18:00:58.377	6782.1	1765.1	Template	Assets/Assets/xenonauts/template/groundcombat/masters/actor/combatant/cleaner/cleaner.json	generated_template_groundcombat	xenonauts	-
L	1953	2026-10-05 18:00:56.712	5885.1	997.0	Sprite	Assets/Assets/xenonauts/texture/strategy/ui/aircraft/building/cons/dropship_tier3_hangar_h_cons.png	generated_texture_strategy_1	xenonauts	-
L	1958	2026-10-05 18:00:56.718	5889.6	998.5	Template	Assets/Assets/xenonauts/template/strategy/item/alien_bomb_plasma.json	generated_template_strategy	xenonauts	-
L	1959	2026-10-05 18:00:56.719	5889.7	999.4	Sprite	Assets/Assets/xenonauts/texture/strategy/ui/aircraft/portrait/normal/interceptor_tier1.png	generated_texture_strategy_1	xenonauts	-
L	1970	2026-10-05 18:00:57.806	5900.1	2076.0	Sprite	Assets/Assets/xenonauts/texture/strategy/ui/armory/backgrounds/foxhound.png	generated_texture_strategy_1	xenonauts	-
L	1971	2026-10-05 18:00:57.806	5900.1	2076.0	GameObject	Assets/Assets/xenonauts/prefab/strategy/aircombat/actor/xenonaut/interceptor_tier2.prefab	generated_prefab_strategy	xenonauts	-
L	1976	2026-10-05 18:00:57.806	5900.7	2075.4	Sprite	Assets/Assets/xenonauts/texture/strategy/ui/aircraft/building/normal/interceptor_tier2_hangar_v.png	generated_texture_strategy_1	xenonauts	-
L	1981	2026-10-05 18:00:57.806	5902.0	2074.1	Sprite	Assets/Assets/xenonauts/texture/strategy/ui/aircraft/building/cons/interceptor_tier2_hangar_v_cons.png	generated_texture_strategy_1	xenonauts	-
L	2129	2026-10-05 18:00:58.339	6034.9	2474.2	Template	Assets/Assets/xenonauts/template/strategy/item/aircraft_equipment/armor_passiveregen.json	generated_template_strategy	xenonauts	-
L	2155	2026-10-05 18:00:58.377	6782.1	1765.0	Template	Assets/Assets/xenonauts/template/groundcombat/item/corpse/corpse_cleaner_soldier.json	generated_template_groundcombat	xenonauts	-
L	1943	2026-10-05 18:00:56.612	5877.4	904.6	Sprite	Assets/Assets/xenonauts/texture/strategy/ui/armory/backgrounds/soldierequip_dropship_tier3.png	generated_texture_strategy_1	xenonauts	-
L	1950	2026-10-05 18:00:56.712	5884.6	997.4	Sprite	Assets/Assets/xenonauts/texture/strategy/ui/aircraft/building/cons/dropship_tier3_hangar_v_cons.png	generated_texture_strategy_1	xenonauts	-
L	1966	2026-10-05 18:00:57.806	5893.4	2082.6	Sprite	Assets/Assets/xenonauts/texture/strategy/ui/aircraft/building/normal/interceptor_tier1_hangar_v.png	generated_texture_strategy_1	xenonauts	-
L	1968	2026-10-05 18:00:57.806	5893.8	2082.2	Sprite	Assets/Assets/xenonauts/texture/strategy/ui/aircraft/building/normal/interceptor_tier1_hangar_h.png	generated_texture_strategy_1	xenonauts	-
L	1972	2026-10-05 18:00:57.806	5900.1	2075.9	Template	Assets/Assets/xenonauts/template/strategy/item/aircraft_equipment/engine_phantom_tier1.json	generated_template_strategy	xenonauts	-
L	1973	2026-10-05 18:00:57.806	5900.1	2075.9	Template	Assets/Assets/xenonauts/template/strategy/item/aircraft_equipment/afterburner_evasiveroll_phantom.json	generated_template_strategy	xenonauts	-
L	1974	2026-10-05 18:00:57.806	5900.1	2075.9	Sprite	Assets/Assets/xenonauts/texture/strategy/ui/aircraft/portrait/normal/interceptor_tier2.png	generated_texture_strategy_1	xenonauts	-
L	2140	2026-10-05 18:00:58.347	6034.9	2482.1	Sprite	Assets/Assets/xenonauts/texture/strategy/ui/aircraft/building/normal/interceptor_tier3_hangar_h.png	generated_texture_strategy_1	xenonauts	-
L	2142	2026-10-05 18:00:58.347	6034.9	2482.1	Sprite	Assets/Assets/xenonauts/texture/strategy/ui/aircraft/portrait/cons/interceptor_tier3_constr.png	generated_texture_strategy_1	xenonauts	-
L	2152	2026-10-05 18:00:58.376	6736.1	1809.9	Template	Assets/Assets/xenonauts/template/groundcombat/weights/defend_vip.json	generated_template_groundcombat	xenonauts	-
L	1940	2026-10-05 18:00:56.612	5877.0	904.9	Sprite	Assets/Assets/xenonauts/texture/strategy/ui/aircraft/building/cons/dropship_tier2_hangar_v_cons.png	generated_texture_strategy_1	xenonauts	-
L	1941	2026-10-05 18:00:56.612	5877.0	904.9	Sprite	Assets/Assets/xenonauts/texture/strategy/ui/aircraft/building/cons/dropship_tier2_hangar_h_cons.png	generated_texture_strategy_1	xenonauts	-
L	1942	2026-10-05 18:00:56.612	5877.3	904.6	Sprite	Assets/Assets/xenonauts/texture/strategy/ui/strike_team_icons/valkyrie_4k.png	generated_texture_strategy_1	xenonauts	-
L	1965	2026-10-05 18:00:57.806	5893.4	2082.5	Template	Assets/Assets/xenonauts/template/strategy/item/aircraft_equipment/empty_slot.json	generated_template_strategy	xenonauts	-
L	2151	2026-10-05 18:00:58.376	6736.1	1809.8	Template	Assets/Assets/xenonauts/template/groundcombat/weights/retreat_vip.json	generated_template_groundcombat	xenonauts	-
L	1956	2026-10-05 18:00:56.718	5885.2	1002.6	Template	Assets/Assets/xenonauts/template/strategy/masters/projects/research/research_duration3.json	generated_template_strategy	xenonauts	-
L	2131	2026-10-05 18:00:58.340	6034.9	2474.9	Template	Assets/Assets/xenonauts/template/strategy/item/aircraft_equipment/afterburner_evasiveroll_gemini.json	generated_template_strategy	xenonauts	-
L	2136	2026-10-05 18:00:58.343	6034.9	2477.9	Template	Assets/Assets/xenonauts/template/strategy/item/aircraft_equipment/cannon_tier1.json	generated_template_strategy	xenonauts	-
L	2139	2026-10-05 18:00:58.347	6034.9	2481.9	Sprite	Assets/Assets/xenonauts/texture/strategy/ui/aircraft/building/normal/interceptor_tier3_hangar_v.png	generated_texture_strategy_1	xenonauts	-
L	1939	2026-10-05 18:00:56.572	5876.8	864.9	Sprite	Assets/Assets/xenonauts/texture/strategy/ui/aircraft/portrait/cons/dropship_tier2_constr.png	generated_texture_strategy_1	xenonauts	-
L	2130	2026-10-05 18:00:58.340	6034.9	2474.8	Template	Assets/Assets/xenonauts/template/strategy/item/aircraft_equipment/engine_gemini.json	generated_template_strategy	xenonauts	-
L	2132	2026-10-05 18:00:58.342	6034.9	2476.8	Template	Assets/Assets/xenonauts/template/strategy/item/aircraft_equipment/armor_tier1.json	generated_template_strategy	xenonauts	-
L	2138	2026-10-05 18:00:58.347	6034.9	2481.8	Sprite	Assets/Assets/xenonauts/texture/strategy/ui/aircraft/portrait/normal/interceptor_tier3.png	generated_texture_strategy_1	xenonauts	-
L	2150	2026-10-05 18:00:58.375	6736.0	1808.7	Template	Assets/Assets/xenonauts/template/groundcombat/item/corpse/corpse_cleaner_agent.json	generated_template_groundcombat	xenonauts	-
L	2153	2026-10-05 18:00:58.377	6736.1	1810.6	Template	Assets/Assets/xenonauts/template/groundcombat/item/corpse/captured_cleaner_leader.json	generated_template_groundcombat	xenonauts	-
L	2154	2026-10-05 18:00:58.377	6736.1	1810.6	Template	Assets/Assets/xenonauts/template/groundcombat/item/corpse/corpse_cleaner_leader.json	generated_template_groundcombat	xenonauts	-
L	1790	2026-10-05 18:00:55.839	5814.6	194.0	Sprite	Assets/Assets/xenonauts/texture/strategy/ui/armory/backgrounds/soldierequip_dropship_tier2.png	generated_texture_strategy_1	xenonauts	-
L	1938	2026-10-05 18:00:56.572	5876.8	864.8	Sprite	Assets/Assets/xenonauts/texture/strategy/ui/aircraft/building/normal/dropship_tier2_hangar_h.png	generated_texture_strategy_1	xenonauts	-
L	1964	2026-10-05 18:00:56.760	5892.8	1036.8	Template	Assets/Assets/xenonauts/template/strategy/item/aircraft_equipment/afterburner_evasiveroll_angel.json	generated_template_strategy	xenonauts	-
L	2124	2026-10-05 18:00:58.338	6034.9	2472.7	Sprite	Assets/Assets/xenonauts/texture/strategy/ui/aircombat/combatants/ac_combatant_interceptor_tier3.png	generated_texture_strategy_1	xenonauts	-
L	2144	2026-10-05 18:00:58.348	6297.9	2219.7	Sprite	Assets/Assets/xenonauts/texture/strategy/ui/aircraft/building/cons/interceptor_tier3_hangar_h_cons.png	generated_texture_strategy_1	xenonauts	-
L	2145	2026-10-05 18:00:58.348	6297.9	2219.7	Template	Assets/Assets/xenonauts/template/strategy/masters/aircraft/xenonaut.json	generated_template_strategy	xenonauts	-
L	1936	2026-10-05 18:00:56.572	5876.1	865.4	Sprite	Assets/Assets/xenonauts/texture/strategy/ui/aircraft/building/normal/dropship_tier2_hangar_v.png	generated_texture_strategy_1	xenonauts	-
L	1542	2026-10-05 18:00:55.570	0.0	5739.4	UIElementAsset	Assets/Assets/xenonauts/ui/strategy/components/armory/strike_teams/dropship_tier2.prefab	generated_ui_strategy	xenonauts	-
L	1789	2026-10-05 18:00:55.839	5791.8	216.6	Sprite	Assets/Assets/xenonauts/texture/strategy/ui/strike_team_icons/dragonfly_4k.png	generated_texture_strategy_1	xenonauts	-
L	1935	2026-10-05 18:00:56.572	5876.1	865.3	Sprite	Assets/Assets/xenonauts/texture/strategy/ui/armory/background_dropship_tier2_soldierarrange.png	generated_texture_strategy_1	xenonauts	-
L	1955	2026-10-05 18:00:56.715	5885.2	999.2	Template	Assets/Assets/xenonauts/template/strategy/item/alien_bomb_alenium.json	generated_template_strategy	xenonauts	-
L	2123	2026-10-05 18:00:58.338	6034.8	2472.6	GameObject	Assets/Assets/xenonauts/prefab/strategy/aircombat/actor/xenonaut/interceptor_tier3.prefab	generated_prefab_strategy	xenonauts	-
L	2125	2026-10-05 18:00:58.339	6034.9	2473.5	UIElementAsset	Assets/Assets/xenonauts/ui/strategy/components/armory/strike_teams/interceptor_tier3.prefab	generated_ui_strategy	xenonauts	-
L	1946	2026-10-05 18:00:56.663	5879.4	952.9	Sprite	Assets/Assets/xenonauts/texture/strategy/ui/aircraft/building/normal/dropship_tier3_hangar_h.png	generated_texture_strategy_1	xenonauts	-
L	1947	2026-10-05 18:00:56.663	5879.4	952.9	Sprite	Assets/Assets/xenonauts/texture/strategy/ui/aircraft/portrait/cons/dropship_tier3_constr.png	generated_texture_strategy_1	xenonauts	-
L	1945	2026-10-05 18:00:56.663	5878.5	953.7	Sprite	Assets/Assets/xenonauts/texture/strategy/ui/aircraft/building/normal/dropship_tier3_hangar_v.png	generated_texture_strategy_1	xenonauts	-
L	1954	2026-10-05 18:00:56.713	5885.1	997.1	Template	Assets/Assets/xenonauts/template/strategy/masters/aircraft/xenonaut_dropship.json	generated_template_strategy	xenonauts	-
L	1674	2026-10-05 18:00:55.662	5242.2	583.3	Sprite	Assets/Assets/xenonauts/texture/strategy/ui/armory/background_dropship_tier1_soldierarrange.png	generated_texture_strategy_1	xenonauts	-
L	1787	2026-10-05 18:00:55.838	5784.5	217.0	Sprite	Assets/Assets/xenonauts/texture/strategy/ui/aircraft/building/cons/dropship_tier1_hangar_h_cons.png	generated_texture_strategy_1	xenonauts	-
L	1543	2026-10-05 18:00:55.570	15.1	5717.6	UIElementAsset	Assets/Assets/xenonauts/ui/strategy/components/armory/strike_teams/dropship_tier1.prefab	generated_ui_strategy	xenonauts	-
L	1544	2026-10-05 18:00:55.570	15.2	5717.4	Sprite	Assets/Assets/xenonauts/texture/strategy/ui/armory/backgrounds/soldierequip_dropship_tier1.png	generated_texture_strategy_1	xenonauts	-
L	1678	2026-10-05 18:00:55.663	5244.7	580.9	Sprite	Assets/Assets/xenonauts/texture/strategy/ui/aircraft/portrait/cons/dropship_tier1_constr.png	generated_texture_strategy_1	xenonauts	-
L	1675	2026-10-05 18:00:55.663	5242.3	583.2	Sprite	Assets/Assets/xenonauts/texture/strategy/ui/aircraft/building/normal/dropship_tier1_hangar_v.png	generated_texture_strategy_1	xenonauts	-
L	1676	2026-10-05 18:00:55.663	5244.6	580.9	Sprite	Assets/Assets/xenonauts/texture/strategy/ui/aircraft/building/normal/dropship_tier1_hangar_h.png	generated_texture_strategy_1	xenonauts	-
L	1679	2026-10-05 18:00:55.663	5249.7	575.8	Sprite	Assets/Assets/xenonauts/texture/strategy/ui/aircraft/building/cons/dropship_tier1_hangar_v_cons.png	generated_texture_strategy_1	xenonauts	-
L	1669	2026-10-05 18:00:55.662	187.7	586.9	Template	Assets/Assets/xenonauts/template/strategy/item/datacore_scout.json	generated_template_strategy	xenonauts	-
L	1670	2026-10-05 18:00:55.662	187.7	586.9	MissionDefinition	Assets/Assets/xenonauts/data/strategy/mission_definitions/crash_site/crash_site^scout.json	generated_data_strategy	xenonauts	-
L	1672	2026-10-05 18:00:55.662	188.0	586.6	Sprite	Assets/Assets/xenonauts/texture/strategy/ui/aircombat/combatants/ac_combatant_scout.png	generated_texture_strategy_1	xenonauts	-
L	1673	2026-10-05 18:00:55.662	188.1	586.5	Template	Assets/Assets/xenonauts/template/strategy/masters/aircraft/ufo.json	generated_template_strategy	xenonauts	-
L	1665	2026-10-05 18:00:55.662	187.3	587.2	Template	Assets/Assets/xenonauts/template/strategy/item/aircraft_equipment/ufo_armor_passiveregen_1.json	generated_template_strategy	xenonauts	-
L	1666	2026-10-05 18:00:55.662	187.3	587.2	Template	Assets/Assets/xenonauts/template/strategy/item/aircraft_equipment/ufo_scout_beam.json	generated_template_strategy	xenonauts	-
L	1667	2026-10-05 18:00:55.662	187.3	587.2	Template	Assets/Assets/xenonauts/template/strategy/item/alenium.json	generated_template_strategy	xenonauts	-
L	1668	2026-10-05 18:00:55.662	187.6	586.9	Template	Assets/Assets/xenonauts/template/strategy/item/alloys.json	generated_template_strategy	xenonauts	-
L	1671	2026-10-05 18:00:55.662	187.7	586.8	Sprite	Assets/Assets/xenonauts/texture/strategy/ui/ufos/scout.png	generated_texture_strategy_1	xenonauts	-
L	1545	2026-10-05 18:00:55.570	0.0	682.1	GameObject	Assets/Assets/xenonauts/prefab/strategy/aircombat/actor/alien/scout.prefab	generated_prefab_strategy	xenonauts	-
L	2087	2026-10-05 18:00:58.325	942.9	2459.8	GameObject	Assets/Assets/xenonauts/prefab/strategy/aircombat/actor/alien/mimic.prefab	generated_prefab_strategy	xenonauts	-
L	2089	2026-10-05 18:00:58.325	942.0	2459.8	Template	Assets/Assets/xenonauts/template/strategy/masters/projects/research/research_duration4.json	generated_template_strategy	xenonauts	-
L	2090	2026-10-05 18:00:58.326	941.2	2460.6	Template	Assets/Assets/xenonauts/template/strategy/item/datacore_observer.json	generated_template_strategy	xenonauts	-
L	2091	2026-10-05 18:00:58.326	935.5	2460.6	GameObject	Assets/Assets/xenonauts/prefab/strategy/aircombat/actor/alien/interceptor.prefab	generated_prefab_strategy	xenonauts	-
L	2092	2026-10-05 18:00:58.326	930.7	2460.6	GameObject	Assets/Assets/xenonauts/prefab/strategy/aircombat/actor/alien/harvester.prefab	generated_prefab_strategy	xenonauts	-
L	2093	2026-10-05 18:00:58.326	927.1	2460.7	GameObject	Assets/Assets/xenonauts/prefab/strategy/aircombat/actor/alien/fighter.prefab	generated_prefab_strategy	xenonauts	-
L	2094	2026-10-05 18:00:58.326	924.2	2460.8	GameObject	Assets/Assets/xenonauts/prefab/strategy/aircombat/actor/alien/destroyer.prefab	generated_prefab_strategy	xenonauts	-
L	2095	2026-10-05 18:00:58.326	921.9	2460.8	GameObject	Assets/Assets/xenonauts/prefab/strategy/aircombat/actor/alien/defender.prefab	generated_prefab_strategy	xenonauts	-
L	2096	2026-10-05 18:00:58.326	918.8	2460.8	GameObject	Assets/Assets/xenonauts/prefab/strategy/aircombat/actor/alien/cruiser.prefab	generated_prefab_strategy	xenonauts	-
L	2097	2026-10-05 18:00:58.326	916.2	2460.8	GameObject	Assets/Assets/xenonauts/prefab/strategy/aircombat/actor/alien/bomber.prefab	generated_prefab_strategy	xenonauts	-
L	2098	2026-10-05 18:00:58.326	912.3	2460.8	GameObject	Assets/Assets/xenonauts/prefab/strategy/aircombat/actor/alien/battleship.prefab	generated_prefab_strategy	xenonauts	-
L	1546	2026-10-05 18:00:55.570	0.0	614.2	GameObject	Assets/Assets/xenonauts/prefab/strategy/aircombat/actor/alien/abductor.prefab	generated_prefab_strategy	xenonauts	-
L	1547	2026-10-05 18:00:55.570	0.0	614.2	Template	Assets/Assets/xenonauts/template/strategy/item/aircraft_equipment/ufo_hk_missiles_3ammo.json	generated_template_strategy	xenonauts	-
L	1548	2026-10-05 18:00:55.570	0.0	611.5	Template	Assets/Assets/xenonauts/template/strategy/masters/projects/research/research_duration1.json	generated_template_strategy	xenonauts	-
L	1549	2026-10-05 18:00:55.571	0.0	612.5	Template	Assets/Assets/xenonauts/template/strategy/item/aircraft_equipment/ufo_abductor_beam.json	generated_template_strategy	xenonauts	-
L	1550	2026-10-05 18:00:55.571	0.0	612.0	Template	Assets/Assets/xenonauts/template/strategy/item/corpse/corpse_wraith.json	generated_template_strategy	xenonauts	-
L	1551	2026-10-05 18:00:55.586	0.0	625.6	Template	Assets/Assets/xenonauts/template/strategy/item/corpse/captured_commander.json	generated_template_strategy	xenonauts	-
L	1552	2026-10-05 18:00:55.586	0.0	623.4	Template	Assets/Assets/xenonauts/template/groundcombat/masters/actor/combatant/drone/servitor.json	generated_template_groundcombat	xenonauts	-
L	1553	2026-10-05 18:00:55.608	0.0	645.4	Template	Assets/Assets/xenonauts/template/strategy/item/corpse/corpse_secton.json	generated_template_strategy	xenonauts	-
L	1554	2026-10-05 18:00:55.608	0.0	645.1	Template	Assets/Assets/xenonauts/template/strategy/item/corpse/corpse_sebillian.json	generated_template_strategy	xenonauts	-
L	1555	2026-10-05 18:00:55.609	0.0	645.2	Template	Assets/Assets/xenonauts/template/strategy/item/corpse/corpse_reaper_alpha.json	generated_template_strategy	xenonauts	-
L	1556	2026-10-05 18:00:55.609	0.0	644.9	Template	Assets/Assets/xenonauts/template/strategy/item/corpse/corpse_reaper.json	generated_template_strategy	xenonauts	-
L	1557	2026-10-05 18:00:55.609	0.0	644.6	Template	Assets/Assets/xenonauts/template/strategy/item/corpse/corpse_psyon.json	generated_template_strategy	xenonauts	-
L	1558	2026-10-05 18:00:55.609	0.0	644.3	Template	Assets/Assets/xenonauts/template/strategy/item/corpse/corpse_mentarch.json	generated_template_strategy	xenonauts	-
L	1559	2026-10-05 18:00:55.609	0.0	644.1	Template	Assets/Assets/xenonauts/template/strategy/item/corpse/corpse_mantid.json	generated_template_strategy	xenonauts	-
L	1560	2026-10-05 18:00:55.609	0.0	643.7	Template	Assets/Assets/xenonauts/template/strategy/item/corpse/corpse_eternal.json	generated_template_strategy	xenonauts	-
L	1561	2026-10-05 18:00:55.610	0.0	643.6	Template	Assets/Assets/xenonauts/template/groundcombat/masters/actor/combatant/drone/cyberdrone.json	generated_template_groundcombat	xenonauts	-
L	1562	2026-10-05 18:00:55.610	0.0	643.2	Template	Assets/Assets/xenonauts/template/strategy/item/corpse/corpse_cleaner_soldier.json	generated_template_strategy	xenonauts	-
L	1563	2026-10-05 18:00:55.612	0.0	645.0	Template	Assets/Assets/xenonauts/template/strategy/item/corpse/corpse_cleaner_agent.json	generated_template_strategy	xenonauts	-
L	1564	2026-10-05 18:00:55.612	0.0	644.9	Template	Assets/Assets/xenonauts/template/groundcombat/masters/actor/combatant/biter/biter.json	generated_template_groundcombat	xenonauts	-
L	1565	2026-10-05 18:00:55.612	0.0	644.6	Template	Assets/Assets/xenonauts/template/groundcombat/masters/actor/combatant/andron/andron.json	generated_template_groundcombat	xenonauts	-
L	1566	2026-10-05 18:00:55.614	0.0	622.1	Template	Assets/Assets/xenonauts/template/strategy/item/attachment/module/simple/warden^extra_armour.json	generated_template_strategy	xenonauts	-
L	1568	2026-10-05 18:00:55.615	0.0	621.5	Template	Assets/Assets/xenonauts/template/strategy/item/attachment/module/simple/tactical^extra_armour.json	generated_template_strategy	xenonauts	-
L	1567	2026-10-05 18:00:55.615	0.0	621.3	Template	Assets/Assets/xenonauts/template/groundcombat/masters/item/attachment/module_extra_armour.json	generated_template_groundcombat	xenonauts	-
L	1570	2026-10-05 18:00:55.617	0.0	621.9	Template	Assets/Assets/xenonauts/template/strategy/item/attachment/module/simple/exosuit^extra_armour.json	generated_template_strategy	xenonauts	-
L	1569	2026-10-05 18:00:55.617	0.0	621.8	Template	Assets/Assets/xenonauts/template/strategy/item/attachment/module/simple/guardian^extra_armour.json	generated_template_strategy	xenonauts	-
L	1572	2026-10-05 18:00:55.617	0.0	621.6	Template	Assets/Assets/xenonauts/template/strategy/masters/projects/research/research_duration6.json	generated_template_strategy	xenonauts	-
L	1571	2026-10-05 18:00:55.617	0.0	621.3	Template	Assets/Assets/xenonauts/template/strategy/masters/projects/research/research_duration8.json	generated_template_strategy	xenonauts	-
L	1573	2026-10-05 18:00:55.617	0.0	621.0	Template	Assets/Assets/xenonauts/template/strategy/item/weapon/alien_psi_amp.json	generated_template_strategy	xenonauts	-
L	1574	2026-10-05 18:00:55.619	0.0	622.2	Template	Assets/Assets/xenonauts/template/strategy/masters/projects/research/research_duration2.json	generated_template_strategy	xenonauts	-
L	1575	2026-10-05 18:00:55.619	0.0	621.1	Template	Assets/Assets/xenonauts/template/strategy/item/weapon/alien_plasma_weapon.json	generated_template_strategy	xenonauts	-
L	1578	2026-10-05 18:00:55.619	0.0	620.6	Template	Assets/Assets/xenonauts/template/strategy/item/weapon/alien_fusion_pistol.json	generated_template_strategy	xenonauts	-
L	1576	2026-10-05 18:00:55.619	0.0	620.3	Template	Assets/Assets/xenonauts/template/strategy/item/weapon/alien_fusion_weapon.json	generated_template_strategy	xenonauts	-
L	1579	2026-10-05 18:00:55.619	0.1	620.2	Template	Assets/Assets/xenonauts/template/strategy/item/weapon/alien_fusion_lmg.json	generated_template_strategy	xenonauts	-
L	1577	2026-10-05 18:00:55.619	0.0	620.2	Template	Assets/Assets/xenonauts/template/strategy/item/weapon/alien_fusion_rifle.json	generated_template_strategy	xenonauts	-
L	1580	2026-10-05 18:00:55.620	0.0	620.4	Template	Assets/Assets/xenonauts/template/strategy/item/weapon/alien_plasma_lmg.json	generated_template_strategy	xenonauts	-
L	1581	2026-10-05 18:00:55.620	0.0	620.0	Template	Assets/Assets/xenonauts/template/strategy/item/weapon/alien_plasma_rifle.json	generated_template_strategy	xenonauts	-
L	1582	2026-10-05 18:00:55.620	0.0	619.8	Template	Assets/Assets/xenonauts/template/strategy/item/weapon/alien_plasma_pistol.json	generated_template_strategy	xenonauts	-
L	1583	2026-10-05 18:00:55.620	0.0	619.6	Template	Assets/Assets/xenonauts/template/strategy/item/token_atlas_base.json	generated_template_strategy	xenonauts	-
L	1584	2026-10-05 18:00:55.620	0.0	619.6	Template	Assets/Assets/xenonauts/template/strategy/item/alien_surgicaltable.json	generated_template_strategy	xenonauts	-
L	1587	2026-10-05 18:00:55.621	0.0	619.5	Template	Assets/Assets/xenonauts/template/strategy/masters/projects/research/autopsy.json	generated_template_strategy	xenonauts	-
L	1588	2026-10-05 18:00:55.621	0.0	619.5	Template	Assets/Assets/xenonauts/template/strategy/masters/projects/research/autopsy_autocomplete.json	generated_template_strategy	xenonauts	-
L	1585	2026-10-05 18:00:55.621	0.0	619.1	Template	Assets/Assets/xenonauts/template/strategy/projects/research/abstract_ufo_datacore.json	generated_template_strategy	xenonauts	-
L	1586	2026-10-05 18:00:55.621	0.0	619.1	Template	Assets/Assets/xenonauts/template/strategy/item/datacore_alienbase.json	generated_template_strategy	xenonauts	-
L	1589	2026-10-05 18:00:55.622	0.0	620.0	Template	Assets/Assets/xenonauts/template/strategy/item/datacore_abductor.json	generated_template_strategy	xenonauts	-
L	1590	2026-10-05 18:00:55.622	0.0	619.8	MissionDefinition	Assets/Assets/xenonauts/data/strategy/mission_definitions/crash_site/crash_site^abductor.json	generated_data_strategy	xenonauts	-
L	1591	2026-10-05 18:00:55.645	0.0	642.5	Sprite	Assets/Assets/xenonauts/texture/strategy/ui/ufos/abductor.png	generated_texture_strategy_1	xenonauts	-
L	1592	2026-10-05 18:00:55.645	0.0	642.3	Template	Assets/Assets/xenonauts/template/groundcombat/masters/actor/combatant/brute/brute.json	generated_template_groundcombat	xenonauts	-
L	1594	2026-10-05 18:00:55.646	0.0	642.7	Template	Assets/Assets/xenonauts/template/groundcombat/masters/item/armour/armour_xenonaut.json	generated_template_groundcombat	xenonauts	-
L	1595	2026-10-05 18:00:55.647	0.0	643.7	Sprite	Assets/Assets/xenonauts/texture/strategy/ui/aircombat/combatants/ac_combatant_abductor.png	generated_texture_strategy_1	xenonauts	-
L	1597	2026-10-05 18:00:55.653	0.0	649.7	Template	Assets/Assets/xenonauts/template/strategy/item/corpse/corpse_sebillian_large.json	generated_template_strategy	xenonauts	-
L	1593	2026-10-05 18:00:55.645	0.0	641.6	Template	Assets/Assets/xenonauts/template/strategy/item/armour/human/xenonaut/combat.json	generated_template_strategy	xenonauts	-
L	1596	2026-10-05 18:00:55.647	0.0	643.3	Template	Assets/Assets/xenonauts/template/strategy/item/aircraft_equipment/ufo_adv_hk_missiles_swarm.json	generated_template_strategy	xenonauts	-
L	1598	2026-10-05 18:00:55.657	0.0	652.9	Template	Assets/Assets/xenonauts/template/strategy/item/aircraft_equipment/ufo_battleship_heavy_cannon.json	generated_template_strategy	xenonauts	-
L	1599	2026-10-05 18:00:55.662	0.0	654.6	Template	Assets/Assets/xenonauts/template/strategy/item/aircraft_equipment/ufo_battleship_beam.json	generated_template_strategy	xenonauts	-
L	1600	2026-10-05 18:00:55.662	0.0	654.6	UIElementAsset	Assets/Assets/xenonauts/ui/strategy/components/xenopedia/xenopedia_entry_component_xenonaut_weapons.prefab	generated_ui_strategy	xenonauts	-
L	1601	2026-10-05 18:00:55.662	0.0	654.5	Template	Assets/Assets/xenonauts/template/strategy/item/alien_singularity_core.json	generated_template_strategy	xenonauts	-
L	1602	2026-10-05 18:00:55.662	0.0	654.5	Template	Assets/Assets/xenonauts/template/strategy/item/datacore_battleship.json	generated_template_strategy	xenonauts	-
L	1603	2026-10-05 18:00:55.662	0.0	654.5	MissionDefinition	Assets/Assets/xenonauts/data/strategy/mission_definitions/crash_site/crash_site^battleship.json	generated_data_strategy	xenonauts	-
L	1604	2026-10-05 18:00:55.662	0.0	654.5	Sprite	Assets/Assets/xenonauts/texture/strategy/ui/ufos/battleship.png	generated_texture_strategy_1	xenonauts	-
L	1605	2026-10-05 18:00:55.662	0.0	654.5	Sprite	Assets/Assets/xenonauts/texture/strategy/ui/aircombat/combatants/ac_combatant_battleship.png	generated_texture_strategy_1	xenonauts	-
L	1606	2026-10-05 18:00:55.662	0.0	654.5	Template	Assets/Assets/xenonauts/template/strategy/item/aircraft_equipment/ufo_bomber_cannon.json	generated_template_strategy	xenonauts	-
L	1607	2026-10-05 18:00:55.662	0.0	654.5	Template	Assets/Assets/xenonauts/template/strategy/item/aircraft_equipment/ufo_bomber_beam.json	generated_template_strategy	xenonauts	-
L	1608	2026-10-05 18:00:55.662	0.0	654.5	Sprite	Assets/Assets/xenonauts/texture/strategy/ui/ufos/bomber.png	generated_texture_strategy_1	xenonauts	-
L	1609	2026-10-05 18:00:55.662	0.0	654.5	Sprite	Assets/Assets/xenonauts/texture/strategy/ui/aircombat/combatants/ac_combatant_bomber.png	generated_texture_strategy_1	xenonauts	-
L	1610	2026-10-05 18:00:55.662	0.0	654.5	Template	Assets/Assets/xenonauts/template/strategy/item/aircraft_equipment/ufo_cruiser_cannon.json	generated_template_strategy	xenonauts	-
L	1611	2026-10-05 18:00:55.662	0.0	654.5	Template	Assets/Assets/xenonauts/template/strategy/item/aircraft_equipment/ufo_cruiser_heavy_cannon.json	generated_template_strategy	xenonauts	-
L	1612	2026-10-05 18:00:55.662	0.0	654.3	Template	Assets/Assets/xenonauts/template/strategy/item/datacore_cruiser.json	generated_template_strategy	xenonauts	-
L	1613	2026-10-05 18:00:55.662	0.0	654.3	MissionDefinition	Assets/Assets/xenonauts/data/strategy/mission_definitions/crash_site/crash_site^cruiser.json	generated_data_strategy	xenonauts	-
L	1614	2026-10-05 18:00:55.662	0.0	654.3	Sprite	Assets/Assets/xenonauts/texture/strategy/ui/ufos/cruiser.png	generated_texture_strategy_1	xenonauts	-
L	1615	2026-10-05 18:00:55.662	0.0	654.3	Sprite	Assets/Assets/xenonauts/texture/strategy/ui/aircombat/combatants/ac_combatant_cruiser.png	generated_texture_strategy_1	xenonauts	-
L	1616	2026-10-05 18:00:55.662	0.0	654.3	Template	Assets/Assets/xenonauts/template/strategy/item/aircraft_equipment/ufo_defender_antimissile.json	generated_template_strategy	xenonauts	-
L	1617	2026-10-05 18:00:55.662	0.0	654.3	Template	Assets/Assets/xenonauts/template/strategy/item/datacore_defender.json	generated_template_strategy	xenonauts	-
L	1618	2026-10-05 18:00:55.662	0.0	654.3	Sprite	Assets/Assets/xenonauts/texture/strategy/ui/ufos/defender.png	generated_texture_strategy_1	xenonauts	-
L	1619	2026-10-05 18:00:55.662	0.0	654.2	Sprite	Assets/Assets/xenonauts/texture/strategy/ui/aircombat/combatants/ac_combatant_defender.png	generated_texture_strategy_1	xenonauts	-
L	1620	2026-10-05 18:00:55.662	0.0	636.5	Template	Assets/Assets/xenonauts/template/strategy/item/armour/human/xenonaut/colossus.json	generated_template_strategy	xenonauts	-
L	1621	2026-10-05 18:00:55.662	0.0	635.3	Template	Assets/Assets/xenonauts/template/strategy/item/aircraft_equipment/ufo_destroyer_cannon.json	generated_template_strategy	xenonauts	-
L	1622	2026-10-05 18:00:55.662	0.0	635.3	Template	Assets/Assets/xenonauts/template/strategy/item/aircraft_equipment/ufo_destroyer_beam.json	generated_template_strategy	xenonauts	-
L	1623	2026-10-05 18:00:55.662	0.0	635.2	Template	Assets/Assets/xenonauts/template/strategy/item/datacore_destroyer.json	generated_template_strategy	xenonauts	-
L	1624	2026-10-05 18:00:55.662	0.0	634.7	Template	Assets/Assets/xenonauts/template/strategy/item/armour/human/xenonaut/guardian.json	generated_template_strategy	xenonauts	-
L	1625	2026-10-05 18:00:55.662	0.0	634.6	MissionDefinition	Assets/Assets/xenonauts/data/strategy/mission_definitions/crash_site/crash_site^destroyer.json	generated_data_strategy	xenonauts	-
L	1626	2026-10-05 18:00:55.662	0.0	634.6	Sprite	Assets/Assets/xenonauts/texture/strategy/ui/ufos/destroyer.png	generated_texture_strategy_1	xenonauts	-
L	1627	2026-10-05 18:00:55.662	0.0	591.7	Template	Assets/Assets/xenonauts/template/strategy/item/armour/human/xenonaut/stealthsuit.json	generated_template_strategy	xenonauts	-
L	1628	2026-10-05 18:00:55.662	0.0	591.6	Sprite	Assets/Assets/xenonauts/texture/strategy/ui/aircombat/combatants/ac_combatant_destroyer.png	generated_texture_strategy_1	xenonauts	-
L	1629	2026-10-05 18:00:55.662	0.0	591.6	Template	Assets/Assets/xenonauts/template/strategy/item/aircraft_equipment/ufo_fighter_missiles.json	generated_template_strategy	xenonauts	-
L	1630	2026-10-05 18:00:55.662	0.0	591.5	Template	Assets/Assets/xenonauts/template/strategy/item/aircraft_equipment/ufo_fighter_beam.json	generated_template_strategy	xenonauts	-
L	1631	2026-10-05 18:00:55.662	0.0	591.1	Template	Assets/Assets/xenonauts/template/strategy/item/armour/human/xenonaut/tactical.json	generated_template_strategy	xenonauts	-
L	1632	2026-10-05 18:00:55.662	0.0	590.6	Template	Assets/Assets/xenonauts/template/strategy/item/armour/human/xenonaut/warden.json	generated_template_strategy	xenonauts	-
L	1633	2026-10-05 18:00:55.662	0.0	590.4	Template	Assets/Assets/xenonauts/template/strategy/item/datacore_fighter.json	generated_template_strategy	xenonauts	-
L	1634	2026-10-05 18:00:55.662	0.0	590.4	Sprite	Assets/Assets/xenonauts/texture/strategy/ui/ufos/fighter.png	generated_texture_strategy_1	xenonauts	-
L	1635	2026-10-05 18:00:55.662	0.0	589.7	UIElementAsset	Assets/Assets/xenonauts/ui/strategy/components/xenopedia/xenopedia_entry_component_armour.prefab	generated_ui_strategy	xenonauts	-
L	1636	2026-10-05 18:00:55.662	0.0	589.3	Template	Assets/Assets/xenonauts/template/strategy/item/corpse/corpse_andron.json	generated_template_strategy	xenonauts	-
L	1637	2026-10-05 18:00:55.662	0.0	589.3	Sprite	Assets/Assets/xenonauts/texture/strategy/ui/aircombat/combatants/ac_combatant_fighter.png	generated_texture_strategy_1	xenonauts	-
L	1638	2026-10-05 18:00:55.662	0.0	589.3	Template	Assets/Assets/xenonauts/template/strategy/item/aircraft_equipment/ufo_adv_hk_missiles.json	generated_template_strategy	xenonauts	-
L	1639	2026-10-05 18:00:55.662	0.0	588.9	Template	Assets/Assets/xenonauts/template/strategy/item/corpse/corpse_biter.json	generated_template_strategy	xenonauts	-
L	1640	2026-10-05 18:00:55.662	0.0	588.9	Template	Assets/Assets/xenonauts/template/strategy/item/aircraft_equipment/ufo_harvester_beam.json	generated_template_strategy	xenonauts	-
L	1641	2026-10-05 18:00:55.662	0.0	588.9	Template	Assets/Assets/xenonauts/template/strategy/item/aircraft_equipment/ufo_harvester_beam_shortrange.json	generated_template_strategy	xenonauts	-
L	1642	2026-10-05 18:00:55.662	0.0	588.5	Template	Assets/Assets/xenonauts/template/strategy/item/alien_biosurvey_array.json	generated_template_strategy	xenonauts	-
L	1643	2026-10-05 18:00:55.662	0.0	588.5	Template	Assets/Assets/xenonauts/template/strategy/item/corpse/corpse_cyberdrone.json	generated_template_strategy	xenonauts	-
L	1644	2026-10-05 18:00:55.662	0.0	588.4	Template	Assets/Assets/xenonauts/template/strategy/item/alloys_ultradense.json	generated_template_strategy	xenonauts	-
L	1645	2026-10-05 18:00:55.662	0.0	588.4	Template	Assets/Assets/xenonauts/template/strategy/item/alien_antigrav_emitter.json	generated_template_strategy	xenonauts	-
L	1646	2026-10-05 18:00:55.662	0.0	588.4	Template	Assets/Assets/xenonauts/template/strategy/item/alloys_hardened.json	generated_template_strategy	xenonauts	-
L	1647	2026-10-05 18:00:55.662	0.0	588.4	Template	Assets/Assets/xenonauts/template/strategy/item/alien_electronics.json	generated_template_strategy	xenonauts	-
L	1648	2026-10-05 18:00:55.662	0.0	588.4	Template	Assets/Assets/xenonauts/template/strategy/item/alien_hyperdrive.json	generated_template_strategy	xenonauts	-
L	1649	2026-10-05 18:00:55.662	0.0	588.4	Template	Assets/Assets/xenonauts/template/strategy/item/datacore_harvester.json	generated_template_strategy	xenonauts	-
L	1650	2026-10-05 18:00:55.662	0.0	588.4	MissionDefinition	Assets/Assets/xenonauts/data/strategy/mission_definitions/crash_site/crash_site^harvester.json	generated_data_strategy	xenonauts	-
L	1651	2026-10-05 18:00:55.662	0.0	588.4	Sprite	Assets/Assets/xenonauts/texture/strategy/ui/ufos/harvester.png	generated_texture_strategy_1	xenonauts	-
L	1652	2026-10-05 18:00:55.662	0.0	588.3	Sprite	Assets/Assets/xenonauts/texture/strategy/ui/aircombat/combatants/ac_combatant_harvester.png	generated_texture_strategy_1	xenonauts	-
L	1653	2026-10-05 18:00:55.662	0.0	588.0	Template	Assets/Assets/xenonauts/template/strategy/item/corpse/corpse_servitor.json	generated_template_strategy	xenonauts	-
L	1654	2026-10-05 18:00:55.662	0.0	588.0	Template	Assets/Assets/xenonauts/template/strategy/item/aircraft_equipment/ufo_interceptor_beam.json	generated_template_strategy	xenonauts	-
L	1655	2026-10-05 18:00:55.662	0.0	587.9	Template	Assets/Assets/xenonauts/template/strategy/item/aircraft_equipment/ufo_interceptor_missiles.json	generated_template_strategy	xenonauts	-
L	1656	2026-10-05 18:00:55.662	0.0	587.9	Sprite	Assets/Assets/xenonauts/texture/strategy/ui/ufos/interceptor.png	generated_texture_strategy_1	xenonauts	-
L	1657	2026-10-05 18:00:55.662	0.0	587.9	Sprite	Assets/Assets/xenonauts/texture/strategy/ui/aircombat/combatants/ac_combatant_interceptor.png	generated_texture_strategy_1	xenonauts	-
L	1658	2026-10-05 18:00:55.662	0.0	587.9	GameObject	Assets/Assets/xenonauts/prefab/strategy/aircombat/maps/ambush.prefab	generated_prefab_strategy	xenonauts	-
L	1659	2026-10-05 18:00:55.662	0.0	587.9	Template	Assets/Assets/xenonauts/template/strategy/masters/projects/research/datacore.json	generated_template_strategy	xenonauts	-
L	1660	2026-10-05 18:00:55.662	0.0	587.6	Template	Assets/Assets/xenonauts/template/strategy/item/aircraft_equipment/alien_evasive_roll.json	generated_template_strategy	xenonauts	-
L	1661	2026-10-05 18:00:55.662	0.0	587.6	Template	Assets/Assets/xenonauts/template/strategy/item/aircraft_equipment/ufo_mimic_beam.json	generated_template_strategy	xenonauts	-
L	1662	2026-10-05 18:00:55.662	0.0	587.6	Template	Assets/Assets/xenonauts/template/strategy/item/datacore_mimic.json	generated_template_strategy	xenonauts	-
L	1663	2026-10-05 18:00:55.662	0.0	587.5	Sprite	Assets/Assets/xenonauts/texture/strategy/ui/ufos/mimic.png	generated_texture_strategy_1	xenonauts	-
L	1664	2026-10-05 18:00:55.662	0.0	587.2	Sprite	Assets/Assets/xenonauts/texture/strategy/ui/aircombat/combatants/ac_combatant_mimic.png	generated_texture_strategy_1	xenonauts	-
L	1677	2026-10-05 18:00:55.663	0.0	580.9	Sprite	Assets/Assets/xenonauts/texture/strategy/ui/gameover/gameover_loss.png	generated_texture_strategy_1	xenonauts	-
L	1783	2026-10-05 18:00:55.732	533.6	112.1	MissionDefinition	Assets/Assets/xenonauts/data/strategy/mission_definitions/crash_site/crash_site^observer.json	generated_data_strategy	xenonauts	-
L	1780	2026-10-05 18:00:55.731	533.2	111.3	Template	Assets/Assets/xenonauts/template/strategy/item/aircraft_equipment/ufo_hk_missiles.json	generated_template_strategy	xenonauts	-
L	1717	2026-10-05 18:00:55.672	370.2	215.1	Template	Assets/Assets/xenonauts/template/strategy/item/aircraft_equipment/ufo_observer_beam_front.json	generated_template_strategy	xenonauts	-
L	1785	2026-10-05 18:00:55.833	534.0	212.1	Sprite	Assets/Assets/xenonauts/texture/strategy/ui/ufos/observer.png	generated_texture_strategy_1	xenonauts	-
L	1786	2026-10-05 18:00:55.833	534.7	211.4	Sprite	Assets/Assets/xenonauts/texture/strategy/ui/aircombat/combatants/ac_combatant_observer.png	generated_texture_strategy_1	xenonauts	-
L	1716	2026-10-05 18:00:55.672	370.1	214.9	GameObject	Assets/Assets/xenonauts/prefab/strategy/aircombat/actor/alien/observer.prefab	generated_prefab_strategy	xenonauts	-
L	1718	2026-10-05 18:00:55.673	0.0	215.3	Template	Assets/Assets/xenonauts/template/strategy/masters/items/captured.json	generated_template_strategy	xenonauts	-
L	1719	2026-10-05 18:00:55.673	0.0	215.0	Template	Assets/Assets/xenonauts/template/strategy/masters/projects/research/research.json	generated_template_strategy	xenonauts	-
L	1721	2026-10-05 18:00:55.679	0.0	147.6	IEntityEffect	Assets/Assets/xenonauts/data/strategy/effects/mission/delta_global_regional_relations.json	generated_data_strategy	xenonauts	-
L	1720	2026-10-05 18:00:55.673	0.0	141.4	ITemplateProducer	Assets/Assets/xenonauts/data/common/template_producers/mission_crews/plot/crew_cleaner_plot4.json	generated_data_common	xenonauts	-
L	1723	2026-10-05 18:00:55.695	0.0	154.0	Template	Assets/Assets/xenonauts/template/groundcombat/item/corpse/captured_secton.json	generated_template_groundcombat	xenonauts	-
L	1722	2026-10-05 18:00:55.693	0.0	151.7	Template	Assets/Assets/xenonauts/template/groundcombat/weights/passive.json	generated_template_groundcombat	xenonauts	-
L	1724	2026-10-05 18:00:55.695	0.0	141.7	Template	Assets/Assets/xenonauts/template/groundcombat/item/corpse/captured_sebillian.json	generated_template_groundcombat	xenonauts	-
L	1725	2026-10-05 18:00:55.696	0.0	142.2	Template	Assets/Assets/xenonauts/template/groundcombat/item/corpse/corpse_sebillian.json	generated_template_groundcombat	xenonauts	-
L	1726	2026-10-05 18:00:55.696	0.0	141.8	Template	Assets/Assets/xenonauts/template/strategy/item/corpse/captured_reaper.json	generated_template_strategy	xenonauts	-
L	1727	2026-10-05 18:00:55.696	0.0	141.4	Template	Assets/Assets/xenonauts/template/strategy/item/corpse/captured_psyon.json	generated_template_strategy	xenonauts	-
L	1728	2026-10-05 18:00:55.696	0.0	141.2	Template	Assets/Assets/xenonauts/template/groundcombat/masters/item/corpse.json	generated_template_groundcombat	xenonauts	-
L	1729	2026-10-05 18:00:55.696	0.0	140.0	Template	Assets/Assets/xenonauts/template/groundcombat/item/corpse/captured_mentarch.json	generated_template_groundcombat	xenonauts	-
L	1730	2026-10-05 18:00:55.705	0.0	147.6	Template	Assets/Assets/xenonauts/template/groundcombat/item/corpse/captured_mantid.json	generated_template_groundcombat	xenonauts	-
L	1731	2026-10-05 18:00:55.706	0.0	143.6	CrosshairBehaviour	Assets/Assets/xenonauts/prefab/groundcombat/ui/crosshairs/crosshair_mindcontrol.prefab	generated_prefab_groundcombat	xenonauts	-
L	1732	2026-10-05 18:00:55.706	0.0	142.9	Template	Assets/Assets/xenonauts/template/groundcombat/item/corpse/captured_psyon.json	generated_template_groundcombat	xenonauts	-
L	1733	2026-10-05 18:00:55.706	0.0	142.4	Template	Assets/Assets/xenonauts/template/strategy/item/corpse/captured_cleaner_soldier.json	generated_template_strategy	xenonauts	-
L	1736	2026-10-05 18:00:55.706	0.0	137.4	Template	Assets/Assets/xenonauts/template/groundcombat/item/corpse/captured_eternal.json	generated_template_groundcombat	xenonauts	-
L	1737	2026-10-05 18:00:55.706	0.0	137.4	Template	Assets/Assets/xenonauts/template/groundcombat/item/corpse/corpse_eternal.json	generated_template_groundcombat	xenonauts	-
L	1734	2026-10-05 18:00:55.706	0.0	137.3	Template	Assets/Assets/xenonauts/template/strategy/item/corpse/captured_cleaner_agent.json	generated_template_strategy	xenonauts	-
L	1735	2026-10-05 18:00:55.706	0.0	137.3	Template	Assets/Assets/xenonauts/template/groundcombat/item/corpse/corpse_psyon.json	generated_template_groundcombat	xenonauts	-
L	1738	2026-10-05 18:00:55.707	0.0	137.8	Template	Assets/Assets/xenonauts/template/groundcombat/item/corpse/corpse_mantid.json	generated_template_groundcombat	xenonauts	-
L	1741	2026-10-05 18:00:55.707	0.0	137.7	Template	Assets/Assets/xenonauts/template/groundcombat/item/corpse/corpse_mentarch.json	generated_template_groundcombat	xenonauts	-
L	1739	2026-10-05 18:00:55.707	0.0	137.6	Template	Assets/Assets/xenonauts/template/strategy/masters/items/alien_component_research.json	generated_template_strategy	xenonauts	-
L	1740	2026-10-05 18:00:55.707	0.0	137.6	Template	Assets/Assets/xenonauts/template/strategy/masters/items/datacore.json	generated_template_strategy	xenonauts	-
L	1742	2026-10-05 18:00:55.707	0.0	137.6	Template	Assets/Assets/xenonauts/template/groundcombat/masters/item/captured.json	generated_template_groundcombat	xenonauts	-
L	1744	2026-10-05 18:00:55.708	0.0	138.0	Template	Assets/Assets/xenonauts/template/groundcombat/weights/defend.json	generated_template_groundcombat	xenonauts	-
L	1746	2026-10-05 18:00:55.709	0.0	139.0	Template	Assets/Assets/xenonauts/template/groundcombat/weights/range_retreat.json	generated_template_groundcombat	xenonauts	-
L	1743	2026-10-05 18:00:55.708	0.0	137.9	Template	Assets/Assets/xenonauts/template/groundcombat/item/corpse/corpse_secton.json	generated_template_groundcombat	xenonauts	-
L	1745	2026-10-05 18:00:55.709	0.0	138.9	Template	Assets/Assets/xenonauts/template/groundcombat/weights/aggressive.json	generated_template_groundcombat	xenonauts	-
L	1747	2026-10-05 18:00:55.710	0.0	139.9	Template	Assets/Assets/xenonauts/template/groundcombat/weights/default.json	generated_template_groundcombat	xenonauts	-
L	1749	2026-10-05 18:00:55.710	0.0	139.4	Template	Assets/Assets/xenonauts/template/groundcombat/item/corpse/corpse_wraith.json	generated_template_groundcombat	xenonauts	-
L	1748	2026-10-05 18:00:55.710	0.0	138.8	Template	Assets/Assets/xenonauts/template/groundcombat/item/corpse/captured_wraith.json	generated_template_groundcombat	xenonauts	-
L	1751	2026-10-05 18:00:55.715	0.0	129.1	Template	Assets/Assets/xenonauts/template/strategy/masters/items/corpse.json	generated_template_strategy	xenonauts	-
L	1750	2026-10-05 18:00:55.711	0.0	125.0	Template	Assets/Assets/xenonauts/template/strategy/projectiles/alien_plasma.json	generated_template_strategy	xenonauts	-
L	1753	2026-10-05 18:00:55.715	0.0	106.9	AudioClip	Assets/Assets/xenonauts/audio/groundcombat/sfx/heal/heal_servitor_beam.ogg	generated_audio_groundcombat	xenonauts	-
L	1752	2026-10-05 18:00:55.715	0.0	106.5	Template	Assets/Assets/xenonauts/template/groundcombat/item/corpse/corpse_servitor.json	generated_template_groundcombat	xenonauts	-
L	1754	2026-10-05 18:00:55.715	0.0	106.4	GameObject	Assets/Assets/xenonauts/prefab/groundcombat/sfx/projectile/auto_heal^default.prefab	generated_prefab_groundcombat	xenonauts	-
L	1755	2026-10-05 18:00:55.715	0.0	106.4	Template	Assets/Assets/xenonauts/template/groundcombat/blueprints/common/common/simple/effect/environmental/smoke_1x1.json	generated_template_groundcombat	xenonauts	-
L	1756	2026-10-05 18:00:55.715	0.0	106.2	GameObject	Assets/Assets/xenonauts/prefab/groundcombat/sfx/weapon/explode/source/explosion_light.prefab	generated_prefab_groundcombat	xenonauts	-
L	1757	2026-10-05 18:00:55.715	0.0	106.2	Template	Assets/Assets/xenonauts/template/groundcombat/masters/actor/combatant/alien_robotic.json	generated_template_groundcombat	xenonauts	-
L	1759	2026-10-05 18:00:55.720	0.0	110.4	Sprite	Assets/Assets/xenonauts/texture/strategy/ui/aircombat/weapons/torpedo_basic.png	generated_texture_strategy_1	xenonauts	-
L	1760	2026-10-05 18:00:55.720	0.0	110.3	Template	Assets/Assets/xenonauts/template/strategy/masters/items/aircraft/weapon_alien.json	generated_template_strategy	xenonauts	-
L	1761	2026-10-05 18:00:55.720	0.0	110.3	Template	Assets/Assets/xenonauts/template/groundcombat/masters/actor/combatant/alien.json	generated_template_groundcombat	xenonauts	-
L	1758	2026-10-05 18:00:55.720	0.0	110.2	AudioClip	Assets/Assets/xenonauts/audio/strategy/sfx/aircombat/fire/aircraft_particlebeam_2.ogg	generated_audio_strategy	xenonauts	-
L	1764	2026-10-05 18:00:55.723	0.0	110.9	Template	Assets/Assets/xenonauts/template/groundcombat/item/corpse/corpse_cyberdrone.json	generated_template_groundcombat	xenonauts	-
L	1762	2026-10-05 18:00:55.723	0.0	110.7	Template	Assets/Assets/xenonauts/template/groundcombat/weights/reckless_retreat.json	generated_template_groundcombat	xenonauts	-
L	1763	2026-10-05 18:00:55.723	0.0	110.5	Template	Assets/Assets/xenonauts/template/groundcombat/weights/reckless_attack.json	generated_template_groundcombat	xenonauts	-
L	1765	2026-10-05 18:00:55.723	0.0	108.8	Template	Assets/Assets/xenonauts/template/groundcombat/weights/melee_retreat.json	generated_template_groundcombat	xenonauts	-
L	1766	2026-10-05 18:00:55.724	0.0	108.8	Template	Assets/Assets/xenonauts/template/groundcombat/item/corpse/corpse_andron.json	generated_template_groundcombat	xenonauts	-
L	1767	2026-10-05 18:00:55.724	0.0	108.5	Template	Assets/Assets/xenonauts/template/strategy/masters/items/attachment/module_simple.json	generated_template_strategy	xenonauts	-
L	1768	2026-10-05 18:00:55.724	0.0	107.4	Template	Assets/Assets/xenonauts/template/groundcombat/masters/item/attachment/human_simple_module.json	generated_template_groundcombat	xenonauts	-
L	1771	2026-10-05 18:00:55.730	0.3	113.0	GameObject	Assets/Assets/xenonauts/prefab/groundcombat/sfx/weapon/explode/source/explosion_plasma.prefab	generated_prefab_groundcombat	xenonauts	-
L	1769	2026-10-05 18:00:55.724	0.0	107.2	Template	Assets/Assets/xenonauts/template/groundcombat/weights/melee.json	generated_template_groundcombat	xenonauts	-
L	1772	2026-10-05 18:00:55.730	0.0	113.0	Sprite	Assets/Assets/xenonauts/texture/strategy/ui/uipanel_transparentbackground.png	generated_texture_strategy_1	xenonauts	-
L	1770	2026-10-05 18:00:55.730	0.0	112.7	Template	Assets/Assets/xenonauts/template/groundcombat/item/corpse/corpse_biter.json	generated_template_groundcombat	xenonauts	-
L	1773	2026-10-05 18:00:55.730	0.0	111.8	Sprite	Assets/Assets/xenonauts/texture/strategy/ui/load_game/divider_trans.png	generated_texture_strategy_1	xenonauts	-
L	1774	2026-10-05 18:00:55.730	0.0	111.8	Template	Assets/Assets/xenonauts/template/strategy/item/ammo/alien_psi_amp.json	generated_template_strategy	xenonauts	-
L	1775	2026-10-05 18:00:55.730	0.0	111.6	Template	Assets/Assets/xenonauts/template/strategy/masters/items/weapon_primary_alien.json	generated_template_strategy	xenonauts	-
L	1776	2026-10-05 18:00:55.731	0.0	111.9	GameObject	Assets/Assets/xenonauts/prefab/strategy/ui/geoscape/activity_icon/mission/cleaner_base.prefab	generated_prefab_strategy	xenonauts	-
L	1777	2026-10-05 18:00:55.731	0.0	111.7	Template	Assets/Assets/xenonauts/template/strategy/item/ammo/alien_fusion_cell.json	generated_template_strategy	xenonauts	-
L	1778	2026-10-05 18:00:55.731	0.0	111.7	Template	Assets/Assets/xenonauts/template/common/mission_briefings/cleaner_4.json	generated_template_common	xenonauts	-
L	1779	2026-10-05 18:00:55.731	0.0	111.7	Template	Assets/Assets/xenonauts/template/strategy/item/ammo/alien_fusion_cell_small.json	generated_template_strategy	xenonauts	-
L	1781	2026-10-05 18:00:55.732	0.0	112.3	Template	Assets/Assets/xenonauts/template/strategy/item/ammo/alien_plasma_cell.json	generated_template_strategy	xenonauts	-
L	1782	2026-10-05 18:00:55.732	0.0	112.0	Template	Assets/Assets/xenonauts/template/strategy/item/ammo/alien_plasma_cell_small.json	generated_template_strategy	xenonauts	-
L	1784	2026-10-05 18:00:55.732	0.0	111.8	Template	Assets/Assets/xenonauts/template/strategy/masters/items/alien_component_sellable.json	generated_template_strategy	xenonauts	-
L	1788	2026-10-05 18:00:55.839	0.0	216.6	Template	Assets/Assets/xenonauts/template/strategy/masters/projects/research/research_duration0.json	generated_template_strategy	xenonauts	-
L	1791	2026-10-05 18:00:55.839	0.0	194.0	ITemplateProducer	Assets/Assets/xenonauts/data/strategy/template_producers/abductor^wraith.json	generated_data_strategy	xenonauts	-
L	1792	2026-10-05 18:00:55.839	0.0	194.0	ITemplateProducer	Assets/Assets/xenonauts/data/strategy/template_producers/abductor^sebillian.json	generated_data_strategy	xenonauts	-
L	1793	2026-10-05 18:00:55.840	0.0	194.2	Template	Assets/Assets/xenonauts/template/groundcombat/item/corpse/captured_sebillian_large.json	generated_template_groundcombat	xenonauts	-
L	1794	2026-10-05 18:00:55.840	0.0	193.2	Template	Assets/Assets/xenonauts/template/groundcombat/item/corpse/corpse_sebillian_large.json	generated_template_groundcombat	xenonauts	-
L	1795	2026-10-05 18:00:55.841	0.0	193.9	Template	Assets/Assets/xenonauts/template/groundcombat/masters/item/armour/armour_human.json	generated_template_groundcombat	xenonauts	-
L	1796	2026-10-05 18:00:55.841	0.0	187.6	ITemplateProducer	Assets/Assets/xenonauts/data/strategy/template_producers/abductor^psyon.json	generated_data_strategy	xenonauts	-
L	1797	2026-10-05 18:00:55.842	0.0	184.7	Template	Assets/Assets/xenonauts/template/strategy/projectiles/alien_hunterkiller.json	generated_template_strategy	xenonauts	-
L	1799	2026-10-05 18:00:55.842	0.0	180.5	AudioClip	Assets/Assets/xenonauts/audio/strategy/sfx/aircombat/fire/ufo_plasma_heavy.ogg	generated_audio_strategy	xenonauts	-
L	1798	2026-10-05 18:00:55.842	0.0	180.2	IEntityEffect	Assets/Assets/xenonauts/data/strategy/effects/delta_cash.json	generated_data_strategy	xenonauts	-
L	1800	2026-10-05 18:00:55.842	0.0	179.9	Template	Assets/Assets/xenonauts/template/strategy/masters/items/aircraft/weapon_alien_missile.json	generated_template_strategy	xenonauts	-
L	1915	2026-10-05 18:00:56.529	8.6	857.4	Template	Assets/Assets/xenonauts/template/strategy/projects/ufos/delegate_abductor.json	generated_template_strategy	xenonauts	-
L	1917	2026-10-05 18:00:56.537	9.4	864.5	GameObject	Assets/Assets/xenonauts/prefab/strategy/ui/geoscape/activity_icon/crash_site.prefab	generated_prefab_strategy	xenonauts	-
L	1927	2026-10-05 18:00:56.546	33.0	849.8	Template	Assets/Assets/xenonauts/template/common/mission_briefings/crash_site.json	generated_template_common	xenonauts	-
L	1916	2026-10-05 18:00:56.530	9.4	856.7	IEntityEffect	Assets/Assets/xenonauts/data/strategy/effects/mission/delegate_ufo.json	generated_data_strategy	xenonauts	-
L	1918	2026-10-05 18:00:56.537	0.0	864.1	Sprite	Assets/Assets/xenonauts/texture/groundcombat/ui/item/corpse/default^default^default^default^default^default.png	generated_texture_groundcombat_10	xenonauts	-
L	1919	2026-10-05 18:00:56.537	0.0	857.9	Sprite	Assets/Assets/xenonauts/texture/strategy/ui/research/preview/preview_placeholder.png	generated_texture_strategy_1	xenonauts	-
L	1920	2026-10-05 18:00:56.537	0.0	844.5	Template	Assets/Assets/xenonauts/template/strategy/loadout/combatant/cleaner^default^soldier^magnetic.json	generated_template_strategy	xenonauts	-
L	1921	2026-10-05 18:00:56.537	0.0	842.2	Template	Assets/Assets/xenonauts/template/strategy/loadout/combatant/cleaner^default^noncom^rifle.json	generated_template_strategy	xenonauts	-
L	1922	2026-10-05 18:00:56.543	0.0	847.7	Template	Assets/Assets/xenonauts/template/strategy/loadout/combatant/cleaner^default^soldier^bodyarmour_magnetic.json	generated_template_strategy	xenonauts	-
L	1923	2026-10-05 18:00:56.543	0.0	847.2	Template	Assets/Assets/xenonauts/template/strategy/item/corpse/captured_secton.json	generated_template_strategy	xenonauts	-
L	1925	2026-10-05 18:00:56.544	0.0	848.1	Template	Assets/Assets/xenonauts/template/strategy/loadout/combatant/psyon^default^soldier^plasma.json	generated_template_strategy	xenonauts	-
L	1924	2026-10-05 18:00:56.544	0.0	848.0	Template	Assets/Assets/xenonauts/template/strategy/loadout/combatant/cleaner^default^leader^magnetic.json	generated_template_strategy	xenonauts	-
L	1926	2026-10-05 18:00:56.545	0.0	848.8	Template	Assets/Assets/xenonauts/template/strategy/masters/projects/project.json	generated_template_strategy	xenonauts	-
L	1928	2026-10-05 18:00:56.552	2.0	847.1	GameObject	Assets/Assets/xenonauts/prefab/groundcombat/debug/placeholder.prefab	generated_prefab_groundcombat	xenonauts	-
L	1929	2026-10-05 18:00:56.552	0.0	846.4	Template	Assets/Assets/xenonauts/template/groundcombat/masters/logic/damage_state/item/item_destroyed_state.json	generated_template_groundcombat	xenonauts	-
L	1930	2026-10-05 18:00:56.553	0.0	847.4	Template	Assets/Assets/xenonauts/template/strategy/item/corpse/captured_mantid.json	generated_template_strategy	xenonauts	-
L	1931	2026-10-05 18:00:56.553	0.0	847.4	Template	Assets/Assets/xenonauts/template/groundcombat/masters/logic/damage_state/item/item_damaged_state.json	generated_template_groundcombat	xenonauts	-
L	1932	2026-10-05 18:00:56.553	0.0	847.3	Template	Assets/Assets/xenonauts/template/groundcombat/masters/logic/damage_state/item/item_undamaged_state.json	generated_template_groundcombat	xenonauts	-
L	1933	2026-10-05 18:00:56.553	0.0	847.3	Template	Assets/Assets/xenonauts/template/groundcombat/masters/item/item.json	generated_template_groundcombat	xenonauts	-
L	1937	2026-10-05 18:00:56.572	0.0	865.1	Template	Assets/Assets/xenonauts/template/strategy/item/corpse/captured_eternal.json	generated_template_strategy	xenonauts	-
L	1948	2026-10-05 18:00:56.663	0.0	952.3	Template	Assets/Assets/xenonauts/template/groundcombat/default.json	generated_template_groundcombat	xenonauts	-
L	1949	2026-10-05 18:00:56.663	0.0	951.9	Template	Assets/Assets/xenonauts/template/strategy/item/corpse/captured_wraith.json	generated_template_strategy	xenonauts	-
L	1951	2026-10-05 18:00:56.712	0.0	997.5	GameObject	Assets/Assets/xenonauts/prefab/strategy/aircombat/ac_projectile_alien_plasma.prefab	generated_prefab_strategy	xenonauts	-
L	1952	2026-10-05 18:00:56.712	0.0	997.0	Template	Assets/Assets/xenonauts/template/strategy/masters/projectiles/projectile_alien.json	generated_template_strategy	xenonauts	-
L	1957	2026-10-05 18:00:56.718	0.0	998.6	Template	Assets/Assets/xenonauts/template/groundcombat/masters/blueprints/simple/effect/gas.json	generated_template_groundcombat	xenonauts	-
L	1961	2026-10-05 18:00:56.719	0.0	997.0	Template	Assets/Assets/xenonauts/template/strategy/projectiles/alien_bullet.json	generated_template_strategy	xenonauts	-
L	1963	2026-10-05 18:00:56.720	0.0	997.4	Template	Assets/Assets/xenonauts/template/strategy/masters/items/aircraft/weapon.json	generated_template_strategy	xenonauts	-
L	1962	2026-10-05 18:00:56.720	0.0	997.3	Template	Assets/Assets/xenonauts/template/groundcombat/masters/actor/combatant/combatant.json	generated_template_groundcombat	xenonauts	-
L	1967	2026-10-05 18:00:57.806	0.0	2082.2	Template	Assets/Assets/xenonauts/template/strategy/masters/items/attachment/module.json	generated_template_strategy	xenonauts	-
L	1969	2026-10-05 18:00:57.806	0.0	2076.6	Template	Assets/Assets/xenonauts/template/groundcombat/masters/item/attachment/module.json	generated_template_groundcombat	xenonauts	-
L	1975	2026-10-05 18:00:57.806	0.0	2075.6	Template	Assets/Assets/xenonauts/template/strategy/masters/items/ammo/ammo_alien.json	generated_template_strategy	xenonauts	-
L	1977	2026-10-05 18:00:57.806	0.0	2075.4	Template	Assets/Assets/xenonauts/template/strategy/masters/items/weapon_primary.json	generated_template_strategy	xenonauts	-
L	1980	2026-10-05 18:00:57.806	0.0	2074.2	AudioClip	Assets/Assets/xenonauts/audio/strategy/sfx/aircombat/fire/ufo_plasma_medium.ogg	generated_audio_strategy	xenonauts	-
L	1984	2026-10-05 18:00:57.806	0.0	2071.4	ITemplateProducer	Assets/Assets/xenonauts/data/strategy/template_producers/observer^mantid.json	generated_data_strategy	xenonauts	-
L	2119	2026-10-05 18:00:58.336	129.6	2470.9	ITemplateProducer	Assets/Assets/xenonauts/data/strategy/template_producers/observer^wraith.json	generated_data_strategy	xenonauts	-
L	2120	2026-10-05 18:00:58.337	129.6	2471.9	ITemplateProducer	Assets/Assets/xenonauts/data/strategy/template_producers/observer^sebillian.json	generated_data_strategy	xenonauts	-
L	2121	2026-10-05 18:00:58.337	129.6	2471.9	ITemplateProducer	Assets/Assets/xenonauts/data/strategy/template_producers/observer^psyon.json	generated_data_strategy	xenonauts	-
L	2122	2026-10-05 18:00:58.338	129.5	2472.6	Template	Assets/Assets/xenonauts/template/strategy/projects/ufos/delegate_observer.json	generated_template_strategy	xenonauts	-
L	2126	2026-10-05 18:00:58.339	125.0	2473.5	ITemplateProducer	Assets/Assets/xenonauts/data/strategy/template_producers/battleship^wraith.json	generated_data_strategy	xenonauts	-
L	2128	2026-10-05 18:00:58.339	124.3	2474.2	ITemplateProducer	Assets/Assets/xenonauts/data/strategy/template_producers/battleship^psyon.json	generated_data_strategy	xenonauts	-
L	2127	2026-10-05 18:00:58.339	124.3	2473.5	ITemplateProducer	Assets/Assets/xenonauts/data/strategy/template_producers/battleship^sebillian.json	generated_data_strategy	xenonauts	-
L	2133	2026-10-05 18:00:58.342	122.1	2476.9	ITemplateProducer	Assets/Assets/xenonauts/data/strategy/template_producers/cruiser^sebillian.json	generated_data_strategy	xenonauts	-
L	2134	2026-10-05 18:00:58.343	122.1	2477.4	ITemplateProducer	Assets/Assets/xenonauts/data/strategy/template_producers/cruiser^psyon.json	generated_data_strategy	xenonauts	-
L	2135	2026-10-05 18:00:58.343	120.5	2477.5	Template	Assets/Assets/xenonauts/template/strategy/projects/ufos/delegate_cruiser.json	generated_template_strategy	xenonauts	-
L	2137	2026-10-05 18:00:58.347	118.9	2481.8	Template	Assets/Assets/xenonauts/template/strategy/projectiles/alien_antimissile.json	generated_template_strategy	xenonauts	-
L	2141	2026-10-05 18:00:58.347	113.7	2482.1	Template	Assets/Assets/xenonauts/template/strategy/item/weapon/melee_colossus.json	generated_template_strategy	xenonauts	-
L	2148	2026-10-05 18:00:58.374	574.8	2046.0	ITemplateProducer	Assets/Assets/xenonauts/data/strategy/template_producers/destroyer^psyon.json	generated_data_strategy	xenonauts	-
L	2146	2026-10-05 18:00:58.348	474.9	2119.8	ITemplateProducer	Assets/Assets/xenonauts/data/strategy/template_producers/destroyer^wraith.json	generated_data_strategy	xenonauts	-
L	2147	2026-10-05 18:00:58.374	474.9	2145.6	ITemplateProducer	Assets/Assets/xenonauts/data/strategy/template_producers/destroyer^sebillian.json	generated_data_strategy	xenonauts	-
L	2149	2026-10-05 18:00:58.375	674.5	1946.3	Template	Assets/Assets/xenonauts/template/strategy/projects/ufos/delegate_destroyer.json	generated_template_strategy	xenonauts	-
L	2170	2026-10-05 18:00:58.436	2049.2	629.2	ITemplateProducer	Assets/Assets/xenonauts/data/strategy/template_producers/harvester^wraith.json	generated_data_strategy	xenonauts	-
L	2171	2026-10-05 18:00:58.437	2049.2	629.9	ITemplateProducer	Assets/Assets/xenonauts/data/strategy/template_producers/harvester^sebillian.json	generated_data_strategy	xenonauts	-
L	2173	2026-10-05 18:00:58.437	2047.5	630.7	Template	Assets/Assets/xenonauts/template/strategy/projects/ufos/delegate_harvester.json	generated_template_strategy	xenonauts	-
L	2172	2026-10-05 18:00:58.437	2047.5	630.0	ITemplateProducer	Assets/Assets/xenonauts/data/strategy/template_producers/harvester^psyon.json	generated_data_strategy	xenonauts	-
L	2178	2026-10-05 18:00:58.631	2046.2	823.9	Template	Assets/Assets/xenonauts/template/strategy/projectiles/alien_missile_advanced.json	generated_template_strategy	xenonauts	-
L	2180	2026-10-05 18:00:58.632	2044.0	825.7	Template	Assets/Assets/xenonauts/template/strategy/masters/items/aircraft/equipment.json	generated_template_strategy	xenonauts	-
L	2179	2026-10-05 18:00:58.632	2044.1	825.5	Sprite	Assets/Assets/xenonauts/texture/strategy/ui/aircraft_weapons/engine_tier1.png	generated_texture_strategy_1	xenonauts	-
L	2181	2026-10-05 18:00:58.633	2043.5	825.7	AudioClip	Assets/Assets/xenonauts/audio/strategy/sfx/aircombat/fire/aircraft_particlebeam_1.ogg	generated_audio_strategy	xenonauts	-
L	2185	2026-10-05 18:00:58.731	2038.6	923.8	Sprite	Assets/Assets/xenonauts/texture/strategy/ui/aircraft_weapons/armor_tier1.png	generated_texture_strategy_1	xenonauts	-
L	2186	2026-10-05 18:00:58.732	2038.2	924.9	Template	Assets/Assets/xenonauts/template/strategy/masters/items/aircraft/armor.json	generated_template_strategy	xenonauts	-
L	2190	2026-10-05 18:00:59.114	2036.9	1307.2	Template	Assets/Assets/xenonauts/template/strategy/projects/ufos/delegate_scout.json	generated_template_strategy	xenonauts	-
L	2289	2026-10-05 18:00:59.473	1996.2	1666.6	Template	Assets/Assets/xenonauts/template/strategy/masters/aircraft/aircraft.json	generated_template_strategy	xenonauts	-
L	2280	2026-10-05 18:00:59.468	1996.2	1661.5	GameObject	Assets/Assets/xenonauts/prefab/strategy/aircombat/maps/default.prefab	generated_prefab_strategy	xenonauts	-
L	2245	2026-10-05 18:00:59.458	1996.2	1651.2	Sprite	Assets/Assets/xenonauts/texture/strategy/ui/aircombat/combatants/ufoprobe.png	generated_texture_strategy_1	xenonauts	-
L	2327	2026-10-05 18:00:59.573	2061.2	1700.3	Template	Assets/Assets/xenonauts/template/common/masters/global_variables/float.json	generated_template_common	xenonauts	-
L	2303	2026-10-05 18:00:59.489	2060.1	1616.6	Sprite	Assets/Assets/xenonauts/texture/strategy/ui/supporter/supporter_image.png	generated_texture_strategy_1	xenonauts	-
L	2265	2026-10-05 18:00:59.464	2056.6	1591.7	Template	Assets/Assets/xenonauts/template/strategy/item/ammo/electroshock_battery_large.json	generated_template_strategy	xenonauts	-
L	2263	2026-10-05 18:00:59.461	2056.0	1589.2	Template	Assets/Assets/xenonauts/template/strategy/item/ammo/stun_gun_battery.json	generated_template_strategy	xenonauts	-
L	2248	2026-10-05 18:00:59.459	2054.1	1586.2	Template	Assets/Assets/xenonauts/template/strategy/item/ammo/sentry_gauss_clip_large.json	generated_template_strategy	xenonauts	-
L	2247	2026-10-05 18:00:59.458	2052.6	1586.1	Template	Assets/Assets/xenonauts/template/strategy/item/ammo/plasma_lmg_cell.json	generated_template_strategy	xenonauts	-
L	2246	2026-10-05 18:00:59.458	2049.9	1586.1	Template	Assets/Assets/xenonauts/template/strategy/item/ammo/laser_sniper_v2.json	generated_template_strategy	xenonauts	-
L	2242	2026-10-05 18:00:59.458	2049.9	1585.4	Template	Assets/Assets/xenonauts/template/strategy/item/ammo/laser_lmg_v2.json	generated_template_strategy	xenonauts	-
L	2239	2026-10-05 18:00:59.457	2048.2	1585.2	Template	Assets/Assets/xenonauts/template/strategy/item/ammo/gauss_lmg_clip.json	generated_template_strategy	xenonauts	-
L	2238	2026-10-05 18:00:59.457	2048.2	1585.0	Template	Assets/Assets/xenonauts/template/strategy/item/ammo/gauss_sniper_clip.json	generated_template_strategy	xenonauts	-
L	2237	2026-10-05 18:00:59.457	2048.2	1584.7	Template	Assets/Assets/xenonauts/template/strategy/item/ammo/gauss_rifle_clip.json	generated_template_strategy	xenonauts	-
L	2232	2026-10-05 18:00:59.456	2497.6	1130.4	Template	Assets/Assets/xenonauts/template/groundcombat/item/corpse/corpse_vehicle_ares.json	generated_template_groundcombat	xenonauts	-
L	2233	2026-10-05 18:00:59.456	2044.1	1583.9	Sprite	Assets/Assets/xenonauts/texture/strategy/ui/portraits/character/turret^head.png	generated_texture_strategy_1	xenonauts	-
L	2231	2026-10-05 18:00:59.456	2497.5	1130.4	Sprite	Assets/Assets/xenonauts/texture/strategy/ui/portraits/character/ares^head.png	generated_texture_strategy_1	xenonauts	-
L	2234	2026-10-05 18:00:59.457	2044.6	1584.3	Sprite	Assets/Assets/xenonauts/texture/strategy/ui/portraits/character/mars^head.png	generated_texture_strategy_1	xenonauts	-
L	2235	2026-10-05 18:00:59.457	2044.6	1584.3	Template	Assets/Assets/xenonauts/template/groundcombat/item/corpse/corpse_vehicle_mars.json	generated_template_groundcombat	xenonauts	-
L	2236	2026-10-05 18:00:59.457	2044.6	1584.3	Template	Assets/Assets/xenonauts/template/groundcombat/item/corpse/corpse_vehicle_sentry.json	generated_template_groundcombat	xenonauts	-
L	2229	2026-10-05 18:00:59.453	2497.1	1127.7	Template	Assets/Assets/xenonauts/template/strategy/item/ammo/gauss_shotgun_clip.json	generated_template_strategy	xenonauts	-
L	2230	2026-10-05 18:00:59.454	2497.2	1128.4	Template	Assets/Assets/xenonauts/template/groundcombat/masters/actor/combatant/mechanical/xenonaut/vehicle.json	generated_template_groundcombat	xenonauts	-
L	2226	2026-10-05 18:00:59.453	2496.8	1127.4	Template	Assets/Assets/xenonauts/template/strategy/item/ammo/laser_rifle_v2.json	generated_template_strategy	xenonauts	-
L	2227	2026-10-05 18:00:59.453	2496.8	1127.4	Template	Assets/Assets/xenonauts/template/strategy/item/ammo/gauss_pistol_clip.json	generated_template_strategy	xenonauts	-
L	1985	2026-10-05 18:00:57.806	3.2	1973.6	Template	Assets/Assets/xenonauts/template/strategy/item/ammo/laser_shotgun.json	generated_template_strategy	xenonauts	-
L	2224	2026-10-05 18:00:59.453	2495.7	1128.1	Template	Assets/Assets/xenonauts/template/strategy/item/ammo/laser_pistol_v2.json	generated_template_strategy	xenonauts	-
L	2225	2026-10-05 18:00:59.453	2495.7	1128.1	Template	Assets/Assets/xenonauts/template/strategy/item/ammo/laser_shotgun_v2.json	generated_template_strategy	xenonauts	-
L	2222	2026-10-05 18:00:59.453	2495.4	1128.0	Template	Assets/Assets/xenonauts/template/strategy/item/ammo/laser_lmg.json	generated_template_strategy	xenonauts	-
L	2223	2026-10-05 18:00:59.453	2495.4	1128.0	Template	Assets/Assets/xenonauts/template/strategy/item/ammo/laser_sniper.json	generated_template_strategy	xenonauts	-
L	2002	2026-10-05 18:00:57.807	13.9	1963.4	Template	Assets/Assets/xenonauts/template/strategy/item/weapon/sentry_gauss_lmg.json	generated_template_strategy	xenonauts	-
L	2003	2026-10-05 18:00:57.807	13.9	1963.4	Template	Assets/Assets/xenonauts/template/strategy/item/weapon/sentry_laser_lmg.json	generated_template_strategy	xenonauts	-
L	2004	2026-10-05 18:00:57.807	14.2	1963.1	Template	Assets/Assets/xenonauts/template/strategy/item/weapon/sentry_plasma_lmg.json	generated_template_strategy	xenonauts	-
L	2005	2026-10-05 18:00:57.807	14.2	1963.1	Template	Assets/Assets/xenonauts/template/strategy/item/weapon/sentry_ballistic_lmg.json	generated_template_strategy	xenonauts	-
L	2006	2026-10-05 18:00:57.807	14.5	1962.8	Template	Assets/Assets/xenonauts/template/strategy/item/ammo/electroshock_battery.json	generated_template_strategy	xenonauts	-
L	2221	2026-10-05 18:00:59.452	2495.1	1127.1	Template	Assets/Assets/xenonauts/template/strategy/item/ammo/laser_rifle.json	generated_template_strategy	xenonauts	-
L	2000	2026-10-05 18:00:57.807	13.0	1964.1	Template	Assets/Assets/xenonauts/template/strategy/item/ammo/sentry_ballistic_lmg.json	generated_template_strategy	xenonauts	-
L	1995	2026-10-05 18:00:57.807	11.5	1965.5	Template	Assets/Assets/xenonauts/template/strategy/item/ammo/sentry_laser_battery_heavy.json	generated_template_strategy	xenonauts	-
L	1999	2026-10-05 18:00:57.807	12.7	1964.3	Template	Assets/Assets/xenonauts/template/strategy/item/ammo/sentry_plasma_cell_heavy.json	generated_template_strategy	xenonauts	-
L	1986	2026-10-05 18:00:57.807	3.7	1973.2	Template	Assets/Assets/xenonauts/template/strategy/item/ammo/laser_pistol.json	generated_template_strategy	xenonauts	-
L	1987	2026-10-05 18:00:57.807	8.9	1968.0	Template	Assets/Assets/xenonauts/template/strategy/item/ammo/plasma_sniper_cell.json	generated_template_strategy	xenonauts	-
L	1988	2026-10-05 18:00:57.807	9.0	1967.9	Template	Assets/Assets/xenonauts/template/strategy/item/ammo/plasma_rifle_cell.json	generated_template_strategy	xenonauts	-
L	1989	2026-10-05 18:00:57.807	9.2	1967.7	Template	Assets/Assets/xenonauts/template/strategy/item/ammo/plasma_shotgun_cell.json	generated_template_strategy	xenonauts	-
L	1990	2026-10-05 18:00:57.807	9.3	1967.6	Template	Assets/Assets/xenonauts/template/strategy/item/ammo/plasma_pistol_cell.json	generated_template_strategy	xenonauts	-
L	1991	2026-10-05 18:00:57.807	9.3	1967.6	Template	Assets/Assets/xenonauts/template/strategy/masters/projects/research/research_duration7.json	generated_template_strategy	xenonauts	-
L	1992	2026-10-05 18:00:57.807	0.0	1966.3	ITemplateProducer	Assets/Assets/xenonauts/data/common/template_producers/mission_crews/ufos/crew_abductor^wraith.json	generated_data_common	xenonauts	-
L	1993	2026-10-05 18:00:57.807	0.0	1966.2	ITemplateProducer	Assets/Assets/xenonauts/data/common/template_producers/mission_crews/ufos/crew_abductor^sebillian.json	generated_data_common	xenonauts	-
L	1994	2026-10-05 18:00:57.807	0.0	1965.5	Template	Assets/Assets/xenonauts/template/strategy/item/corpse/captured_sebillian_large.json	generated_template_strategy	xenonauts	-
L	1996	2026-10-05 18:00:57.807	0.0	1965.1	Template	Assets/Assets/xenonauts/template/groundcombat/masters/item/armour.json	generated_template_groundcombat	xenonauts	-
L	1997	2026-10-05 18:00:57.807	0.0	1964.7	ITemplateProducer	Assets/Assets/xenonauts/data/common/template_producers/mission_crews/ufos/crew_abductor^psyon.json	generated_data_common	xenonauts	-
L	1998	2026-10-05 18:00:57.807	0.0	1964.4	GameObject	Assets/Assets/xenonauts/prefab/strategy/aircombat/ac_projectile_alien_missile.prefab	generated_prefab_strategy	xenonauts	-
L	2001	2026-10-05 18:00:57.807	0.0	1963.7	Template	Assets/Assets/xenonauts/template/strategy/projectiles/alien_missile.json	generated_template_strategy	xenonauts	-
L	2063	2026-10-05 18:00:58.303	0.0	2444.9	MissionDefinition	Assets/Assets/xenonauts/data/strategy/mission_definitions/endgame/endgame^stage_1.json	generated_data_strategy	xenonauts	-
L	2061	2026-10-05 18:00:58.302	0.0	2442.1	Template	Assets/Assets/xenonauts/template/strategy/item/token_uoo_bridge.json	generated_template_strategy	xenonauts	-
L	2062	2026-10-05 18:00:58.303	0.0	2442.7	Sprite	Assets/Assets/xenonauts/texture/strategy/ui/research/placeholder.png	generated_texture_strategy_1	xenonauts	-
L	2085	2026-10-05 18:00:58.325	0.0	2412.1	UIElementAsset	Assets/Assets/xenonauts/ui/strategy/components/xenopedia/xenopedia_entry_component_alien.prefab	generated_ui_strategy	xenonauts	-
L	2060	2026-10-05 18:00:58.302	0.0	2288.8	Template	Assets/Assets/xenonauts/template/strategy/item/corpse/captured_wraith_leader.json	generated_template_strategy	xenonauts	-
L	2084	2026-10-05 18:00:58.324	0.0	2310.5	Template	Assets/Assets/xenonauts/template/strategy/item/corpse/captured_wraith_officer.json	generated_template_strategy	xenonauts	-
L	2058	2026-10-05 18:00:58.301	0.0	1887.8	Template	Assets/Assets/xenonauts/template/strategy/item/corpse/captured_reaper_alpha.json	generated_template_strategy	xenonauts	-
L	2059	2026-10-05 18:00:58.301	0.0	1764.1	Template	Assets/Assets/xenonauts/template/strategy/masters/projects/delegate.json	generated_template_strategy	xenonauts	-
L	2065	2026-10-05 18:00:58.311	0.0	1768.0	Template	Assets/Assets/xenonauts/template/strategy/item/weapon/ballistic_rifle_local.json	generated_template_strategy	xenonauts	-
L	2064	2026-10-05 18:00:58.303	0.0	1759.6	Template	Assets/Assets/xenonauts/template/groundcombat/masters/loadout/combatant/structure/slot_backpack.json	generated_template_groundcombat	xenonauts	-
L	2067	2026-10-05 18:00:58.311	0.0	1767.1	Template	Assets/Assets/xenonauts/template/strategy/item/armour/cleaner_shirt.json	generated_template_strategy	xenonauts	-
L	2066	2026-10-05 18:00:58.311	0.0	1767.0	Template	Assets/Assets/xenonauts/template/strategy/item/armour/cleaner_green_bodyarmour.json	generated_template_strategy	xenonauts	-
L	2068	2026-10-05 18:00:58.312	0.0	1766.7	Template	Assets/Assets/xenonauts/template/strategy/item/armour/cleaner_leader.json	generated_template_strategy	xenonauts	-
L	2069	2026-10-05 18:00:58.312	0.0	1765.9	Template	Assets/Assets/xenonauts/template/strategy/item/armour/psyon_soldier.json	generated_template_strategy	xenonauts	-
L	2070	2026-10-05 18:00:58.312	0.0	1760.1	Template	Assets/Assets/xenonauts/template/strategy/sort_categories/project/engineering/general.json	generated_template_strategy	xenonauts	-
L	2071	2026-10-05 18:00:58.315	0.0	1763.1	Template	Assets/Assets/xenonauts/template/groundcombat/masters/loadout/combatant/structure/slot_belt.json	generated_template_groundcombat	xenonauts	-
L	2072	2026-10-05 18:00:58.315	0.0	1762.0	Template	Assets/Assets/xenonauts/template/groundcombat/masters/loadout/combatant/structure/slot_secondary.json	generated_template_groundcombat	xenonauts	-
L	2073	2026-10-05 18:00:58.317	0.0	1763.3	Sprite	Assets/Assets/xenonauts/texture/groundcombat/ui/item/debris/debris_1.png	generated_texture_groundcombat_10	xenonauts	-
L	2074	2026-10-05 18:00:58.317	0.0	1763.2	Template	Assets/Assets/xenonauts/template/groundcombat/masters/logic/damage_state/item_default_damage_state.json	generated_template_groundcombat	xenonauts	-
L	2075	2026-10-05 18:00:58.317	0.0	1763.2	Template	Assets/Assets/xenonauts/template/strategy/item/weapon/ballistic_rifle_cleanermag.json	generated_template_strategy	xenonauts	-
L	2076	2026-10-05 18:00:58.322	0.0	1756.2	Sprite	Assets/Assets/xenonauts/texture/groundcombat/ui/item/weapon/ballistic_rifle_mask.png	generated_texture_groundcombat_10	xenonauts	-
L	2081	2026-10-05 18:00:58.323	6.0	1750.8	Template	Assets/Assets/xenonauts/template/strategy/item/armour/cleaner_green.json	generated_template_strategy	xenonauts	-
L	2082	2026-10-05 18:00:58.323	45.8	1711.0	Template	Assets/Assets/xenonauts/template/groundcombat/masters/loadout/combatant/structure/slot_armor.json	generated_template_groundcombat	xenonauts	-
L	2086	2026-10-05 18:00:58.325	0.0	1758.4	Sprite	Assets/Assets/xenonauts/texture/groundcombat/ui/item/empty.png	generated_texture_groundcombat_2	xenonauts	-
L	2080	2026-10-05 18:00:58.323	5.7	1750.6	Template	Assets/Assets/xenonauts/template/groundcombat/masters/loadout/combatant/structure/slot_primary.json	generated_template_groundcombat	xenonauts	-
L	2083	2026-10-05 18:00:58.324	45.9	1711.4	Template	Assets/Assets/xenonauts/template/groundcombat/masters/loadout/combatant/humanoid_create.json	generated_template_groundcombat	xenonauts	-
L	2078	2026-10-05 18:00:58.323	5.5	1750.7	AudioClip	Assets/Assets/xenonauts/audio/common/weapon/democharge_drop.ogg	generated_audio_common	xenonauts	-
L	2079	2026-10-05 18:00:58.323	5.5	1750.7	Template	Assets/Assets/xenonauts/template/strategy/item/ammo/ballistic_rifle_local.json	generated_template_strategy	xenonauts	-
L	2077	2026-10-05 18:00:58.323	5.4	1750.7	AudioClip	Assets/Assets/xenonauts/audio/common/weapon/democharge_pickup.ogg	generated_audio_common	xenonauts	-
L	2106	2026-10-05 18:00:58.328	0.0	1613.6	GameObject	Assets/Assets/xenonauts/prefab/strategy/aircombat/particles/ac_explosion_red.prefab	generated_prefab_strategy	xenonauts	-
L	2107	2026-10-05 18:00:58.328	0.0	1610.1	AudioClip	Assets/Assets/xenonauts/audio/strategy/sfx/launch_helicopter.ogg	generated_audio_strategy	xenonauts	-
L	2108	2026-10-05 18:00:58.328	0.0	1609.9	Sprite	Assets/Assets/xenonauts/texture/strategy/ui/strike_team_icons/chinook_4k.png	generated_texture_strategy_1	xenonauts	-
L	2109	2026-10-05 18:00:58.328	0.0	1609.9	Template	Assets/Assets/xenonauts/template/strategy/masters/projectiles/projectile.json	generated_template_strategy	xenonauts	-
L	2110	2026-10-05 18:00:58.328	0.0	1608.9	GameObject	Assets/Assets/xenonauts/prefab/groundcombat/effects/environmental/smoke.prefab	generated_prefab_groundcombat	xenonauts	-
L	2111	2026-10-05 18:00:58.328	0.0	1608.9	Template	Assets/Assets/xenonauts/template/groundcombat/masters/blueprints/simple/effect/effect.json	generated_template_groundcombat	xenonauts	-
L	2112	2026-10-05 18:00:58.334	0.0	1614.1	Template	Assets/Assets/xenonauts/template/strategy/masters/items/aircraft/engine.json	generated_template_strategy	xenonauts	-
L	2113	2026-10-05 18:00:58.334	0.0	1613.5	GameObject	Assets/Assets/xenonauts/prefab/strategy/aircombat/ac_projectile_alien_bullet.prefab	generated_prefab_strategy	xenonauts	-
L	2114	2026-10-05 18:00:58.334	0.0	1574.2	Template	Assets/Assets/xenonauts/template/groundcombat/masters/loadout/combatant/structure/humanoid.json	generated_template_groundcombat	xenonauts	-
L	2116	2026-10-05 18:00:58.336	0.0	529.6	Sprite	Assets/Assets/xenonauts/texture/strategy/ui/portraits/generated/north_european/male/38^male_medium^brown^head.png	generated_texture_strategy_2	xenonauts	-
L	2115	2026-10-05 18:00:58.336	0.0	529.5	Sprite	Assets/Assets/xenonauts/texture/strategy/ui/aircombat/weapons/missile_tier1.png	generated_texture_strategy_1	xenonauts	-
L	2117	2026-10-05 18:00:58.336	0.0	529.5	Sprite	Assets/Assets/xenonauts/texture/groundcombat/ui/small_panel/portraits/portrait_test.png	generated_texture_groundcombat_10	xenonauts	-
L	2118	2026-10-05 18:00:58.336	0.0	529.3	Template	Assets/Assets/xenonauts/template/groundcombat/masters/logic/damage_state/actor/destroyed_state.json	generated_template_groundcombat	xenonauts	-
L	2267	2026-10-05 18:00:59.464	0.0	1657.0	Template	Assets/Assets/xenonauts/template/groundcombat/masters/logic/damage_state/actor/undamaged_state.json	generated_template_groundcombat	xenonauts	-
L	2244	2026-10-05 18:00:59.458	0.0	1650.7	Template	Assets/Assets/xenonauts/template/groundcombat/masters/logic/damage_state/actor/damaged_state.json	generated_template_groundcombat	xenonauts	-
L	2284	2026-10-05 18:00:59.473	0.0	1651.3	Template	Assets/Assets/xenonauts/template/strategy/item/corpse/captured_cleaner_leader.json	generated_template_strategy	xenonauts	-
L	2288	2026-10-05 18:00:59.473	0.0	1650.5	Sprite	Assets/Assets/xenonauts/texture/strategy/ui/aircraft_weapons/engine_none.png	generated_texture_strategy_1	xenonauts	-
L	2286	2026-10-05 18:00:59.473	0.0	1650.4	Template	Assets/Assets/xenonauts/template/strategy/masters/projects/research/interrogation_autocomplete.json	generated_template_strategy	xenonauts	-
L	2287	2026-10-05 18:00:59.473	0.0	1650.4	AudioClip	Assets/Assets/xenonauts/audio/common/ui/ui_click.ogg	generated_audio_common	xenonauts	-
L	2291	2026-10-05 18:00:59.487	0.0	1663.4	Template	Assets/Assets/xenonauts/template/strategy/sort_categories/item/module.json	generated_template_strategy	xenonauts	-
L	2292	2026-10-05 18:00:59.487	0.0	1663.4	Template	Assets/Assets/xenonauts/template/strategy/masters/items/attachment.json	generated_template_strategy	xenonauts	-
L	2293	2026-10-05 18:00:59.488	0.0	1662.3	Template	Assets/Assets/xenonauts/template/groundcombat/masters/item/attachment.json	generated_template_groundcombat	xenonauts	-
L	2295	2026-10-05 18:00:59.488	0.0	1660.8	UIElementAsset	Assets/Assets/xenonauts/ui/strategy/components/xenopedia/xenopedia_entry_component_interceptor.prefab	generated_ui_strategy	xenonauts	-
L	2296	2026-10-05 18:00:59.488	0.0	1658.5	UIElementAsset	Assets/Assets/xenonauts/ui/strategy/components/xenopedia/xenopedia_entry_component_dropship.prefab	generated_ui_strategy	xenonauts	-
L	2297	2026-10-05 18:00:59.488	0.0	1657.2	UIElementAsset	Assets/Assets/xenonauts/ui/strategy/components/xenopedia/xenopedia_entry_component_alien_weapons.prefab	generated_ui_strategy	xenonauts	-
L	2298	2026-10-05 18:00:59.488	0.0	1656.8	UIElementAsset	Assets/Assets/xenonauts/ui/strategy/components/xenopedia/xenopedia_entry_component_ufo.prefab	generated_ui_strategy	xenonauts	-
L	2299	2026-10-05 18:00:59.488	0.0	1656.6	Template	Assets/Assets/xenonauts/template/strategy/masters/items/ammo/ammo.json	generated_template_strategy	xenonauts	-
L	2300	2026-10-05 18:00:59.488	0.0	1655.7	Template	Assets/Assets/xenonauts/template/strategy/item/ammo/ballistic_rifle.json	generated_template_strategy	xenonauts	-
L	2301	2026-10-05 18:00:59.489	0.0	1655.7	Template	Assets/Assets/xenonauts/template/strategy/sort_categories/item/weapon.json	generated_template_strategy	xenonauts	-
L	2302	2026-10-05 18:00:59.489	0.0	1655.6	Template	Assets/Assets/xenonauts/template/strategy/masters/items/weapon/weapon.json	generated_template_strategy	xenonauts	-
L	2304	2026-10-05 18:00:59.489	0.0	1649.6	Template	Assets/Assets/xenonauts/template/strategy/masters/regional_supporters/supporter_elite_engineer.json	generated_template_strategy	xenonauts	-
L	2306	2026-10-05 18:00:59.540	0.0	1700.1	Template	Assets/Assets/xenonauts/template/strategy/masters/regional_supporters/supporter_intelligence.json	generated_template_strategy	xenonauts	-
L	2305	2026-10-05 18:00:59.489	0.0	1649.0	Template	Assets/Assets/xenonauts/template/strategy/masters/regional_supporters/supporter_funding_council.json	generated_template_strategy	xenonauts	-
L	2307	2026-10-05 18:00:59.540	0.0	1699.3	ITemplateProducer	Assets/Assets/xenonauts/data/common/template_producers/mission_crews/ufos/crew_observer^mantid.json	generated_data_common	xenonauts	-
L	2308	2026-10-05 18:00:59.546	0.0	1704.4	Template	Assets/Assets/xenonauts/template/strategy/masters/regional_supporters/supporter_security.json	generated_template_strategy	xenonauts	-
L	2310	2026-10-05 18:00:59.548	0.0	1706.2	Template	Assets/Assets/xenonauts/template/strategy/masters/regional_supporters/supporter_engineer.json	generated_template_strategy	xenonauts	-
L	2309	2026-10-05 18:00:59.546	0.0	1703.4	Template	Assets/Assets/xenonauts/template/strategy/masters/regional_supporters/supporter_elite_security.json	generated_template_strategy	xenonauts	-
L	2312	2026-10-05 18:00:59.553	0.0	1710.0	Template	Assets/Assets/xenonauts/template/strategy/masters/regional_supporters/supporter_elite_funding.json	generated_template_strategy	xenonauts	-
L	2311	2026-10-05 18:00:59.551	0.0	1707.8	Template	Assets/Assets/xenonauts/template/strategy/masters/regional_supporters/supporter_scientist.json	generated_template_strategy	xenonauts	-
L	2313	2026-10-05 18:00:59.556	0.0	1711.8	Template	Assets/Assets/xenonauts/template/strategy/masters/regional_supporters/supporter_elite_scientist.json	generated_template_strategy	xenonauts	-
L	2314	2026-10-05 18:00:59.558	0.0	1712.6	Template	Assets/Assets/xenonauts/template/strategy/item/weapon/ballistic_lmg.json	generated_template_strategy	xenonauts	-
L	2316	2026-10-05 18:00:59.561	0.0	1702.3	Template	Assets/Assets/xenonauts/template/strategy/loadout/combatant/andron^default^warrior^plasma.json	generated_template_strategy	xenonauts	-
L	2315	2026-10-05 18:00:59.561	0.0	1702.2	Template	Assets/Assets/xenonauts/template/strategy/item/weapon/plasma_lmg.json	generated_template_strategy	xenonauts	-
L	2317	2026-10-05 18:00:59.561	0.0	1697.8	Template	Assets/Assets/xenonauts/template/strategy/loadout/combatant/sebillian^default^warrior^plasma_rifle.json	generated_template_strategy	xenonauts	-
L	2318	2026-10-05 18:00:59.562	0.0	1698.8	Template	Assets/Assets/xenonauts/template/strategy/loadout/combatant/mantid^default^warrior^plasma.json	generated_template_strategy	xenonauts	-
L	2320	2026-10-05 18:00:59.564	0.0	1696.9	AudioClip	Assets/Assets/xenonauts/audio/common/weapon/armour_pickup.ogg	generated_audio_common	xenonauts	-
L	2319	2026-10-05 18:00:59.563	0.0	1695.8	Template	Assets/Assets/xenonauts/template/strategy/loadout/combatant/sebillian^default^warrior^plasma.json	generated_template_strategy	xenonauts	-
L	2228	2026-10-05 18:00:59.453	0.0	1581.1	Template	Assets/Assets/xenonauts/template/strategy/loadout/combatant/psyon^default^warrior^plasma.json	generated_template_strategy	xenonauts	-
L	2220	2026-10-05 18:00:59.452	451.0	1128.1	Template	Assets/Assets/xenonauts/template/strategy/loadout/combatant/secton^default^noncom^plasma.json	generated_template_strategy	xenonauts	-
L	2209	2026-10-05 18:00:59.444	443.4	1127.6	Template	Assets/Assets/xenonauts/template/groundcombat/masters/logic/damage_state/blueprint/damaged_state.json	generated_template_groundcombat	xenonauts	-
L	2210	2026-10-05 18:00:59.444	443.4	1127.6	Template	Assets/Assets/xenonauts/template/groundcombat/masters/logic/damage_state/blueprint/undamaged_state.json	generated_template_groundcombat	xenonauts	-
L	2195	2026-10-05 18:00:59.431	428.7	1129.2	Template	Assets/Assets/xenonauts/template/strategy/loadout/combatant/secton^default^warrior^plasma.json	generated_template_strategy	xenonauts	-
L	2215	2026-10-05 18:00:59.447	449.4	1124.5	Template	Assets/Assets/xenonauts/template/strategy/loadout/combatant/wraith^default^noncom^plasma.json	generated_template_strategy	xenonauts	-
L	2219	2026-10-05 18:00:59.452	450.9	1128.0	Template	Assets/Assets/xenonauts/template/strategy/item/ammo/ballistic_lmg.json	generated_template_strategy	xenonauts	-
L	2214	2026-10-05 18:00:59.447	449.3	1124.5	Template	Assets/Assets/xenonauts/template/strategy/loadout/combatant/wraith^default^warrior^plasma.json	generated_template_strategy	xenonauts	-
L	2216	2026-10-05 18:00:59.450	449.4	1127.3	Template	Assets/Assets/xenonauts/template/strategy/loadout/combatant/wraith^default^officer^plasma.json	generated_template_strategy	xenonauts	-
L	2217	2026-10-05 18:00:59.450	450.0	1126.7	Template	Assets/Assets/xenonauts/template/strategy/loadout/combatant/psyon^default^noncom^plasma.json	generated_template_strategy	xenonauts	-
L	2200	2026-10-05 18:00:59.433	429.3	1130.3	Template	Assets/Assets/xenonauts/template/groundcombat/masters/logic/damage_state/blueprint/destroyed_but_recover_state.json	generated_template_groundcombat	xenonauts	-
L	2213	2026-10-05 18:00:59.446	449.3	1123.3	Template	Assets/Assets/xenonauts/template/strategy/loadout/combatant/sebillian^default^noncom^plasma.json	generated_template_strategy	xenonauts	-
L	2198	2026-10-05 18:00:59.433	429.3	1130.2	Sprite	Assets/Assets/xenonauts/texture/groundcombat/ui/icon/question_mark.png	generated_texture_groundcombat_2	xenonauts	-
L	2194	2026-10-05 18:00:59.431	427.9	1129.5	Template	Assets/Assets/xenonauts/template/strategy/item/weapon/laser_lmg.json	generated_template_strategy	xenonauts	-
L	2196	2026-10-05 18:00:59.433	428.7	1130.7	AudioClip	Assets/Assets/xenonauts/audio/common/weapon/armour_drop.ogg	generated_audio_common	xenonauts	-
L	2211	2026-10-05 18:00:59.445	443.5	1127.8	Template	Assets/Assets/xenonauts/template/strategy/loadout/combatant/mantid^default^noncom^plasma.json	generated_template_strategy	xenonauts	-
L	2218	2026-10-05 18:00:59.452	450.0	1128.3	Template	Assets/Assets/xenonauts/template/strategy/item/weapon/gauss_lmg.json	generated_template_strategy	xenonauts	-
L	2197	2026-10-05 18:00:59.433	0.0	1130.2	Template	Assets/Assets/xenonauts/template/strategy/masters/items/captured_leader.json	generated_template_strategy	xenonauts	-
L	2202	2026-10-05 18:00:59.441	0.0	1129.9	UIElementAsset	Assets/Assets/xenonauts/ui/strategy/components/geoscape/ui_icons/endgame_mission.prefab	generated_ui_strategy	xenonauts	-
L	2201	2026-10-05 18:00:59.433	0.0	1121.8	ITemplateProducer	Assets/Assets/xenonauts/data/common/template_producers/mission_crews/endgame/endgame_crew.json	generated_data_common	xenonauts	-
L	2203	2026-10-05 18:00:59.441	0.0	1129.6	Template	Assets/Assets/xenonauts/template/strategy/item/weapon/ballistic_rifle.json	generated_template_strategy	xenonauts	-
L	2204	2026-10-05 18:00:59.441	0.0	1129.3	Template	Assets/Assets/xenonauts/template/strategy/masters/items/armour/enemy.json	generated_template_strategy	xenonauts	-
L	2205	2026-10-05 18:00:59.441	0.0	1129.2	Template	Assets/Assets/xenonauts/template/common/mission_briefings/endgame_stage1.json	generated_template_common	xenonauts	-
L	2206	2026-10-05 18:00:59.441	0.0	1129.1	Template	Assets/Assets/xenonauts/template/strategy/strike_teams/uoo_teleporter_endgame.json	generated_template_strategy	xenonauts	-
L	2207	2026-10-05 18:00:59.442	0.0	1127.2	MissionDefinition	Assets/Assets/xenonauts/data/strategy/mission_definitions/endgame/endgame^stage_2.json	generated_data_strategy	xenonauts	-
L	2208	2026-10-05 18:00:59.442	0.0	1127.2	Template	Assets/Assets/xenonauts/template/strategy/masters/project_categories/default.json	generated_template_strategy	xenonauts	-
L	2212	2026-10-05 18:00:59.445	0.0	1122.2	Template	Assets/Assets/xenonauts/template/strategy/item/weapon/ballistic_rifle_v2.json	generated_template_strategy	xenonauts	-
L	2240	2026-10-05 18:00:59.458	0.0	1130.5	Template	Assets/Assets/xenonauts/template/strategy/item/corpse/captured_psyon_leader.json	generated_template_strategy	xenonauts	-
L	2241	2026-10-05 18:00:59.458	0.0	1130.5	Template	Assets/Assets/xenonauts/template/strategy/item/corpse/captured_psyon_officer.json	generated_template_strategy	xenonauts	-
L	2243	2026-10-05 18:00:59.458	0.0	1129.6	Template	Assets/Assets/xenonauts/template/strategy/item/corpse/captured_mantid_officer.json	generated_template_strategy	xenonauts	-
L	2277	2026-10-05 18:00:59.468	0.0	1134.3	GameObject	Assets/Assets/xenonauts/prefab/groundcombat/debug/effect_tile.prefab	generated_prefab_groundcombat	xenonauts	-
L	2282	2026-10-05 18:00:59.469	0.0	1135.1	Template	Assets/Assets/xenonauts/template/groundcombat/masters/blueprints/simple/minimal.json	generated_template_groundcombat	xenonauts	-
L	2323	2026-10-05 18:00:59.565	0.0	1228.4	ITemplateProducer	Assets/Assets/xenonauts/data/common/template_producers/mission_crews/ufos/crew_observer^wraith.json	generated_data_common	xenonauts	-
L	2322	2026-10-05 18:00:59.565	0.0	1228.1	Template	Assets/Assets/xenonauts/template/groundcombat/masters/logic/damage_state/default_damage_state.json	generated_template_groundcombat	xenonauts	-
L	2325	2026-10-05 18:00:59.568	0.0	1230.3	ITemplateProducer	Assets/Assets/xenonauts/data/common/template_producers/mission_crews/ufos/crew_observer^psyon.json	generated_data_common	xenonauts	-
L	2324	2026-10-05 18:00:59.566	0.0	1228.1	ITemplateProducer	Assets/Assets/xenonauts/data/common/template_producers/mission_crews/ufos/crew_observer^sebillian.json	generated_data_common	xenonauts	-
L	2330	2026-10-05 18:00:59.574	0.0	1234.9	ITemplateProducer	Assets/Assets/xenonauts/data/common/template_producers/mission_crews/ufos/crew_battleship^wraith.json	generated_data_common	xenonauts	-
L	2331	2026-10-05 18:00:59.574	0.0	1234.9	ITemplateProducer	Assets/Assets/xenonauts/data/common/template_producers/mission_crews/ufos/crew_battleship^sebillian.json	generated_data_common	xenonauts	-
L	2332	2026-10-05 18:00:59.583	0.0	1243.1	ITemplateProducer	Assets/Assets/xenonauts/data/common/template_producers/mission_crews/ufos/crew_battleship^psyon.json	generated_data_common	xenonauts	-
L	2290	2026-10-05 18:00:59.473	0.0	1130.9	ITemplateProducer	Assets/Assets/xenonauts/data/common/template_producers/mission_crews/ufos/crew_cruiser^sebillian.json	generated_data_common	xenonauts	-
L	2335	2026-10-05 18:00:59.588	0.0	1245.8	GameObject	Assets/Assets/xenonauts/prefab/strategy/aircombat/particles/ac_explosion_green.prefab	generated_prefab_strategy	xenonauts	-
L	2281	2026-10-05 18:00:59.468	0.0	1125.3	ITemplateProducer	Assets/Assets/xenonauts/data/common/template_producers/mission_crews/ufos/crew_cruiser^psyon.json	generated_data_common	xenonauts	-
L	2279	2026-10-05 18:00:59.468	0.0	1121.4	Template	Assets/Assets/xenonauts/template/strategy/projectiles/xenonaut_bullet.json	generated_template_strategy	xenonauts	-
L	2278	2026-10-05 18:00:59.468	0.0	1121.2	Sprite	Assets/Assets/xenonauts/texture/strategy/ui/aircraft_weapons/cannon_tier1.png	generated_texture_strategy_1	xenonauts	-
L	2276	2026-10-05 18:00:59.468	0.0	1121.0	AudioClip	Assets/Assets/xenonauts/audio/strategy/sfx/aircombat/fire/aircombat_cannon_t1_burst_10.ogg	generated_audio_strategy	xenonauts	-
L	2275	2026-10-05 18:00:59.468	0.0	1120.7	AudioClip	Assets/Assets/xenonauts/audio/strategy/sfx/aircombat/fire/aircombat_cannon_t1_burst_09.ogg	generated_audio_strategy	xenonauts	-
L	2273	2026-10-05 18:00:59.468	0.0	1120.6	AudioClip	Assets/Assets/xenonauts/audio/strategy/sfx/aircombat/fire/aircombat_cannon_t1_burst_07.ogg	generated_audio_strategy	xenonauts	-
L	2274	2026-10-05 18:00:59.468	0.0	1120.6	AudioClip	Assets/Assets/xenonauts/audio/strategy/sfx/aircombat/fire/aircombat_cannon_t1_burst_08.ogg	generated_audio_strategy	xenonauts	-
L	2271	2026-10-05 18:00:59.468	0.0	1120.1	AudioClip	Assets/Assets/xenonauts/audio/strategy/sfx/aircombat/fire/aircombat_cannon_t1_burst_06.ogg	generated_audio_strategy	xenonauts	-
L	2272	2026-10-05 18:00:59.468	0.0	1120.1	Template	Assets/Assets/xenonauts/template/strategy/item/weapon/melee_knife.json	generated_template_strategy	xenonauts	-
L	2270	2026-10-05 18:00:59.468	0.0	1120.0	AudioClip	Assets/Assets/xenonauts/audio/strategy/sfx/aircombat/fire/aircombat_cannon_t1_burst_05.ogg	generated_audio_strategy	xenonauts	-
L	2269	2026-10-05 18:00:59.468	0.0	1094.1	Sprite	Assets/Assets/xenonauts/texture/strategy/ui/aircraft/portrait/cons/interceptor_tier1_constr.png	generated_texture_strategy_1	xenonauts	-
L	2268	2026-10-05 18:00:59.464	0.0	1089.9	ITemplateProducer	Assets/Assets/xenonauts/data/common/template_producers/mission_crews/ufos/crew_destroyer^wraith.json	generated_data_common	xenonauts	-
L	2264	2026-10-05 18:00:59.461	0.0	1086.8	ITemplateProducer	Assets/Assets/xenonauts/data/common/template_producers/mission_crews/ufos/crew_destroyer^sebillian.json	generated_data_common	xenonauts	-
L	2262	2026-10-05 18:00:59.459	0.0	1083.9	ITemplateProducer	Assets/Assets/xenonauts/data/common/template_producers/mission_crews/ufos/crew_destroyer^psyon.json	generated_data_common	xenonauts	-
L	2260	2026-10-05 18:00:59.459	0.0	1082.8	Sprite	Assets/Assets/xenonauts/texture/strategy/ui/aircraft/building/cons/interceptor_tier1_hangar_v_cons.png	generated_texture_strategy_1	xenonauts	-
L	2261	2026-10-05 18:00:59.459	0.0	1082.8	Template	Assets/Assets/xenonauts/template/strategy/item/corpse/corpse_cleaner.json	generated_template_strategy	xenonauts	-
L	2259	2026-10-05 18:00:59.459	0.0	1082.1	Sprite	Assets/Assets/xenonauts/texture/strategy/ui/aircraft/building/cons/interceptor_tier1_hangar_h_cons.png	generated_texture_strategy_1	xenonauts	-
L	2258	2026-10-05 18:00:59.459	0.0	1082.0	Sprite	Assets/Assets/xenonauts/texture/strategy/ui/aircraft/building/normal/interceptor_tier0_hangar_v.png	generated_texture_strategy_1	xenonauts	-
L	2256	2026-10-05 18:00:59.459	0.0	1081.5	UIElementAsset	Assets/Assets/xenonauts/ui/strategy/components/armory/strike_teams/interceptor_tier1.prefab	generated_ui_strategy	xenonauts	-
L	2257	2026-10-05 18:00:59.459	0.0	1081.5	Sprite	Assets/Assets/xenonauts/texture/strategy/ui/aircraft/building/normal/interceptor_tier0_hangar_h.png	generated_texture_strategy_1	xenonauts	-
L	2255	2026-10-05 18:00:59.459	0.0	1080.7	Sprite	Assets/Assets/xenonauts/texture/strategy/ui/armory/backgrounds/falcon.png	generated_texture_strategy_1	xenonauts	-
L	2254	2026-10-05 18:00:59.459	0.0	1080.6	AudioClip	Assets/Assets/xenonauts/audio/strategy/sfx/aircombat/fire/aircombat_cannon_t1_burst_04.ogg	generated_audio_strategy	xenonauts	-
L	2253	2026-10-05 18:00:59.459	0.0	1079.3	Template	Assets/Assets/xenonauts/template/groundcombat/item/corpse/captured_reaper.json	generated_template_groundcombat	xenonauts	-
L	2252	2026-10-05 18:00:59.459	0.0	1079.2	Template	Assets/Assets/xenonauts/template/groundcombat/item/corpse/corpse_reaper.json	generated_template_groundcombat	xenonauts	-
L	2250	2026-10-05 18:00:59.459	0.0	1078.9	AudioClip	Assets/Assets/xenonauts/audio/strategy/sfx/aircombat/fire/aircombat_cannon_t1_burst_02.ogg	generated_audio_strategy	xenonauts	-
L	2251	2026-10-05 18:00:59.459	0.0	1078.9	AudioClip	Assets/Assets/xenonauts/audio/strategy/sfx/aircombat/fire/aircombat_cannon_t1_burst_03.ogg	generated_audio_strategy	xenonauts	-
L	2249	2026-10-05 18:00:59.459	0.0	1078.4	AudioClip	Assets/Assets/xenonauts/audio/strategy/sfx/aircombat/fire/aircombat_cannon_t1_burst_01.ogg	generated_audio_strategy	xenonauts	-
L	2439	2026-10-05 18:00:59.829	0.0	1448.4	Sprite	Assets/Assets/xenonauts/texture/strategy/ui/aircombat/weapons/cannon_tier1.png	generated_texture_strategy_1	xenonauts	-
L	2437	2026-10-05 18:00:59.829	0.0	1447.6	Template	Assets/Assets/xenonauts/template/strategy/masters/items/aircraft/weapon_starting.json	generated_template_strategy	xenonauts	-
L	2438	2026-10-05 18:00:59.829	0.0	1447.6	Template	Assets/Assets/xenonauts/template/strategy/projects/phases/phase3.json	generated_template_strategy	xenonauts	-
L	2436	2026-10-05 18:00:59.828	0.0	1396.5	MissionDefinition	Assets/Assets/xenonauts/data/strategy/mission_definitions/capture_resources/capture_resources^uoo1.json	generated_data_strategy	xenonauts	-
L	2435	2026-10-05 18:00:59.828	0.0	1395.6	MissionDefinition	Assets/Assets/xenonauts/data/strategy/mission_definitions/wave_defense/wave_defense^uoo_bridge.json	generated_data_strategy	xenonauts	-
L	2434	2026-10-05 18:00:59.828	0.0	1392.5	Template	Assets/Assets/xenonauts/template/strategy/loadout_profiles/ares.json	generated_template_strategy	xenonauts	-
L	2432	2026-10-05 18:00:59.828	0.0	1391.8	ITemplateProducer	Assets/Assets/xenonauts/data/common/template_producers/mission_crews/ufos/crew_harvester^wraith.json	generated_data_common	xenonauts	-
L	2433	2026-10-05 18:00:59.828	0.0	1391.8	Template	Assets/Assets/xenonauts/template/groundcombat/item/armour/mechanical/xenonaut/ares_steel.json	generated_template_groundcombat	xenonauts	-
L	2428	2026-10-05 18:00:59.828	0.0	1391.0	ITemplateProducer	Assets/Assets/xenonauts/data/common/template_producers/mission_crews/ufos/crew_harvester^psyon.json	generated_data_common	xenonauts	-
L	2431	2026-10-05 18:00:59.828	0.0	1391.0	ITemplateProducer	Assets/Assets/xenonauts/data/common/template_producers/mission_crews/ufos/crew_harvester^sebillian.json	generated_data_common	xenonauts	-
L	2417	2026-10-05 18:00:59.828	0.0	1390.9	Template	Assets/Assets/xenonauts/template/strategy/projects/phases/phase4.json	generated_template_strategy	xenonauts	-
L	2425	2026-10-05 18:00:59.828	0.0	1390.9	Template	Assets/Assets/xenonauts/template/strategy/item/token_uoo_raid.json	generated_template_strategy	xenonauts	-
L	2426	2026-10-05 18:00:59.828	0.0	1390.9	Template	Assets/Assets/xenonauts/template/strategy/masters/actor/combatant/mechanical/xenonauts/mechanical.json	generated_template_strategy	xenonauts	-
L	2421	2026-10-05 18:00:59.828	0.0	1280.6	Template	Assets/Assets/xenonauts/template/groundcombat/item/armour/mechanical/xenonaut/mars_steel.json	generated_template_groundcombat	xenonauts	-
L	2424	2026-10-05 18:00:59.828	0.0	1280.6	Template	Assets/Assets/xenonauts/template/strategy/loadout_profiles/mars.json	generated_template_strategy	xenonauts	-
L	2420	2026-10-05 18:00:59.828	0.0	1196.1	Sprite	Assets/Assets/xenonauts/texture/strategy/ui/portraits/character/sentry^head.png	generated_texture_strategy_1	xenonauts	-
L	2419	2026-10-05 18:00:59.828	0.0	1195.9	Template	Assets/Assets/xenonauts/template/strategy/loadout_profiles/sentry.json	generated_template_strategy	xenonauts	-
L	2418	2026-10-05 18:00:59.828	0.0	1195.8	Template	Assets/Assets/xenonauts/template/strategy/item/armour/mechanical/xenonaut/sentrygun_steel.json	generated_template_strategy	xenonauts	-
L	2394	2026-10-05 18:00:59.659	0.0	1021.5	AudioClip	Assets/Assets/xenonauts/audio/strategy/aircraft/aircraft_equip_cannon.ogg	generated_audio_strategy	xenonauts	-
L	2393	2026-10-05 18:00:59.659	0.0	1021.3	Sprite	Assets/Assets/xenonauts/texture/strategy/ui/aircraft_weapons/default.png	generated_texture_strategy_1	xenonauts	-
L	2373	2026-10-05 18:00:59.611	0.1	879.0	UIElementAsset	Assets/Assets/xenonauts/ui/strategy/components/xenopedia/xenopedia_entry_component_vehicle.prefab	generated_ui_strategy	xenonauts	-
L	2336	2026-10-05 18:00:59.608	0.1	875.0	AudioClip	Assets/Assets/xenonauts/audio/strategy/aircraft/aircraft_equip_armour.ogg	generated_audio_strategy	xenonauts	-
L	2392	2026-10-05 18:00:59.659	0.0	543.3	Template	Assets/Assets/xenonauts/template/strategy/projects/phases/phase2b.json	generated_template_strategy	xenonauts	-
L	2372	2026-10-05 18:00:59.611	0.0	178.0	Template	Assets/Assets/xenonauts/template/strategy/item/armour/secton_warrior.json	generated_template_strategy	xenonauts	-
L	2397	2026-10-05 18:00:59.667	0.0	225.9	Template	Assets/Assets/xenonauts/template/strategy/loadout/combatant/psyon^default^elite^fusion.json	generated_template_strategy	xenonauts	-
L	2398	2026-10-05 18:00:59.667	0.0	225.7	Template	Assets/Assets/xenonauts/template/strategy/loadout/combatant/wraith^default^praetorian^fusion.json	generated_template_strategy	xenonauts	-
L	2395	2026-10-05 18:00:59.665	0.0	223.6	Template	Assets/Assets/xenonauts/template/strategy/loadout/combatant/wraith^default^elite^fusion.json	generated_template_strategy	xenonauts	-
L	2396	2026-10-05 18:00:59.665	0.0	223.6	Template	Assets/Assets/xenonauts/template/strategy/loadout/combatant/sebillian^default^elite^fusion.json	generated_template_strategy	xenonauts	-
L	2399	2026-10-05 18:00:59.669	0.0	227.5	Template	Assets/Assets/xenonauts/template/strategy/loadout/combatant/andron^default^elite^fusion.json	generated_template_strategy	xenonauts	-
L	2401	2026-10-05 18:00:59.669	0.0	226.5	Template	Assets/Assets/xenonauts/template/strategy/masters/strike_teams/default.json	generated_template_strategy	xenonauts	-
L	2400	2026-10-05 18:00:59.669	0.0	226.4	Sprite	Assets/Assets/xenonauts/texture/strategy/ui/armory/backgrounds/soldierequip_teleporter.png	generated_texture_strategy_1	xenonauts	-
L	2404	2026-10-05 18:00:59.673	0.0	228.7	Template	Assets/Assets/xenonauts/template/strategy/loadout/combatant/sebillian^default^praetorian^fusion.json	generated_template_strategy	xenonauts	-
L	2402	2026-10-05 18:00:59.670	0.0	225.5	ITemplateProducer	Assets/Assets/xenonauts/data/common/template_producers/mission_crews/endgame/endgame_crew_part2.json	generated_data_common	xenonauts	-
L	2403	2026-10-05 18:00:59.672	0.0	227.3	Template	Assets/Assets/xenonauts/template/common/mission_briefings/endgame_stage2.json	generated_template_common	xenonauts	-
L	2405	2026-10-05 18:00:59.675	0.0	229.8	Template	Assets/Assets/xenonauts/template/strategy/loadout/combatant/psyon^default^noncom^fusion.json	generated_template_strategy	xenonauts	-
L	2406	2026-10-05 18:00:59.675	0.0	228.7	Template	Assets/Assets/xenonauts/template/strategy/item/weapon/alien_mantid_melee.json	generated_template_strategy	xenonauts	-
L	2408	2026-10-05 18:00:59.828	0.0	381.0	Template	Assets/Assets/xenonauts/template/strategy/item/armour/sebillian_noncom.json	generated_template_strategy	xenonauts	-
L	2407	2026-10-05 18:00:59.676	0.0	228.4	Template	Assets/Assets/xenonauts/template/strategy/item/weapon/alien_sebillian_melee.json	generated_template_strategy	xenonauts	-
L	2409	2026-10-05 18:00:59.828	0.0	378.3	Template	Assets/Assets/xenonauts/template/strategy/item/weapon/alien_grenade.json	generated_template_strategy	xenonauts	-
L	2410	2026-10-05 18:00:59.828	0.0	378.3	Template	Assets/Assets/xenonauts/template/strategy/item/armour/wraith_noncom.json	generated_template_strategy	xenonauts	-
L	2411	2026-10-05 18:00:59.828	0.0	376.7	Template	Assets/Assets/xenonauts/template/strategy/item/armour/wraith_officer.json	generated_template_strategy	xenonauts	-
L	2412	2026-10-05 18:00:59.828	0.0	376.7	Template	Assets/Assets/xenonauts/template/strategy/item/armour/psyon_noncom.json	generated_template_strategy	xenonauts	-
L	2413	2026-10-05 18:00:59.828	0.0	376.5	Template	Assets/Assets/xenonauts/template/strategy/item/armour/wraith_warrior.json	generated_template_strategy	xenonauts	-
L	2414	2026-10-05 18:00:59.828	0.0	376.5	Template	Assets/Assets/xenonauts/template/strategy/item/armour/mantid_noncom.json	generated_template_strategy	xenonauts	-
L	2415	2026-10-05 18:00:59.828	0.0	375.6	Template	Assets/Assets/xenonauts/template/strategy/item/armour/secton_noncom.json	generated_template_strategy	xenonauts	-
L	2416	2026-10-05 18:00:59.828	0.0	375.5	Template	Assets/Assets/xenonauts/template/strategy/loadout/combatant/psyon^default^praetorian^fusion.json	generated_template_strategy	xenonauts	-
L	2422	2026-10-05 18:00:59.828	0.0	374.3	Template	Assets/Assets/xenonauts/template/strategy/item/armour/psyon_warrior.json	generated_template_strategy	xenonauts	-
L	2423	2026-10-05 18:00:59.828	0.0	372.2	Template	Assets/Assets/xenonauts/template/groundcombat/masters/loadout/combatant/structure/mechanical.json	generated_template_groundcombat	xenonauts	-
L	2427	2026-10-05 18:00:59.828	0.0	371.8	Template	Assets/Assets/xenonauts/template/strategy/item/wreckage_ares.json	generated_template_strategy	xenonauts	-
L	2429	2026-10-05 18:00:59.828	0.0	371.4	Template	Assets/Assets/xenonauts/template/strategy/item/wreckage_mars.json	generated_template_strategy	xenonauts	-
L	2430	2026-10-05 18:00:59.828	0.0	371.1	Template	Assets/Assets/xenonauts/template/strategy/item/wreckage_sentry.json	generated_template_strategy	xenonauts	-
L	2440	2026-10-05 18:00:59.829	0.0	367.1	Template	Assets/Assets/xenonauts/template/strategy/loadout/combatant/secton^default^soldier^plasma.json	generated_template_strategy	xenonauts	-
L	2441	2026-10-05 18:00:59.829	0.0	364.5	Template	Assets/Assets/xenonauts/template/strategy/loadout/combatant/sebillian^default^soldier^plasma_rifle.json	generated_template_strategy	xenonauts	-
L	2442	2026-10-05 18:00:59.829	0.0	364.5	Template	Assets/Assets/xenonauts/template/strategy/loadout/combatant/mantid^default^soldier^plasma.json	generated_template_strategy	xenonauts	-
L	2443	2026-10-05 18:00:59.829	0.0	364.4	Template	Assets/Assets/xenonauts/template/strategy/loadout/combatant/sebillian^default^soldier^plasma.json	generated_template_strategy	xenonauts	-
L	2444	2026-10-05 18:00:59.829	0.0	360.2	Template	Assets/Assets/xenonauts/template/strategy/masters/items/equipment.json	generated_template_strategy	xenonauts	-
L	2445	2026-10-05 18:00:59.829	0.0	359.4	GameObject	Assets/Assets/xenonauts/prefab/strategy/aircombat/particles/ac_explosion_green_small.prefab	generated_prefab_strategy	xenonauts	-
L	2446	2026-10-05 18:00:59.829	0.0	356.9	Template	Assets/Assets/xenonauts/template/strategy/loadout/combatant/secton^default^elite^plasma.json	generated_template_strategy	xenonauts	-
L	2447	2026-10-05 18:00:59.829	0.0	355.7	GameObject	Assets/Assets/xenonauts/prefab/groundcombat/debug/missing_prototype.prefab	generated_prefab_groundcombat	xenonauts	-
L	2448	2026-10-05 18:00:59.829	0.0	355.4	Template	Assets/Assets/xenonauts/template/strategy/masters/regional_supporters/supporter_elite_intelligence.json	generated_template_strategy	xenonauts	-
L	2449	2026-10-05 18:00:59.829	0.0	355.3	Template	Assets/Assets/xenonauts/template/groundcombat/masters/blueprints/default.json	generated_template_groundcombat	xenonauts	-
L	2450	2026-10-05 18:00:59.829	0.0	355.2	GameObject	Assets/Assets/xenonauts/prefab/strategy/aircombat/ac_projectile_xenonaut_bullet.prefab	generated_prefab_strategy	xenonauts	-
L	2451	2026-10-05 18:00:59.829	0.0	355.2	Template	Assets/Assets/xenonauts/template/strategy/masters/projectiles/projectile_xenonaut.json	generated_template_strategy	xenonauts	-
L	2453	2026-10-05 18:00:59.829	0.0	341.6	AudioClip	Assets/Assets/xenonauts/audio/strategy/sfx/aircombat/explosion/explosion_distant.ogg	generated_audio_strategy	xenonauts	-
L	2454	2026-10-05 18:00:59.829	0.0	341.6	Template	Assets/Assets/xenonauts/template/strategy/loadout/combatant/mantid^default^noncom^fusion.json	generated_template_strategy	xenonauts	-
L	2456	2026-10-05 18:00:59.829	0.0	340.5	Template	Assets/Assets/xenonauts/template/strategy/sort_categories/item/equipment.json	generated_template_strategy	xenonauts	-
L	2457	2026-10-05 18:00:59.829	0.0	340.5	Template	Assets/Assets/xenonauts/template/strategy/loadout/combatant/sebillian^default^elite^plasma_rifle.json	generated_template_strategy	xenonauts	-
L	2458	2026-10-05 18:00:59.829	0.0	340.3	Template	Assets/Assets/xenonauts/template/strategy/loadout/combatant/mantid^default^elite^fusion.json	generated_template_strategy	xenonauts	-
L	2459	2026-10-05 18:00:59.829	0.0	340.3	Template	Assets/Assets/xenonauts/template/strategy/loadout/combatant/sebillian^default^elite^plasma.json	generated_template_strategy	xenonauts	-
L	2460	2026-10-05 18:00:59.829	0.0	340.3	Template	Assets/Assets/xenonauts/template/strategy/loadout/combatant/sebillian^default^elite^fusion_rifle.json	generated_template_strategy	xenonauts	-
L	2461	2026-10-05 18:00:59.829	0.0	340.3	Template	Assets/Assets/xenonauts/template/strategy/loadout/combatant/sebillian^default^leader^fusion.json	generated_template_strategy	xenonauts	-
L	2462	2026-10-05 18:00:59.829	0.0	340.3	AudioClip	Assets/Assets/xenonauts/audio/strategy/sfx/decomission_aircraft.ogg	generated_audio_strategy	xenonauts	-
L	2463	2026-10-05 18:00:59.829	0.0	340.2	AudioClip	Assets/Assets/xenonauts/audio/strategy/sfx/launch_aircraft.ogg	generated_audio_strategy	xenonauts	-
L	2466	2026-10-05 18:00:59.829	0.0	340.1	MissionDefinition	Assets/Assets/xenonauts/data/strategy/mission_definitions/wreckage_site/wreckage_site^default.json	generated_data_strategy	xenonauts	-
L	2467	2026-10-05 18:00:59.829	0.0	340.1	GameObject	Assets/Assets/xenonauts/prefab/strategy/aircombat/actor/xenonaut/interceptor_tier0.prefab	generated_prefab_strategy	xenonauts	-
L	2468	2026-10-05 18:00:59.829	0.0	339.9	Sprite	Assets/Assets/xenonauts/texture/strategy/ui/aircraft/portrait/normal/interceptor_tier0.png	generated_texture_strategy_1	xenonauts	-
L	2470	2026-10-05 18:00:59.829	0.0	339.9	MissionDefinition	Assets/Assets/xenonauts/data/strategy/mission_definitions/land_site/land_site^default.json	generated_data_strategy	xenonauts	-
L	2471	2026-10-05 18:00:59.829	0.0	339.9	MissionDefinition	Assets/Assets/xenonauts/data/strategy/mission_definitions/crash_site/crash_site^default.json	generated_data_strategy	xenonauts	-
L	2472	2026-10-05 18:00:59.829	0.0	288.5	Sprite	Assets/Assets/xenonauts/texture/strategy/ui/supporter/supporter_icons/engineering_replacing_large_elite.png	generated_texture_strategy_1	xenonauts	-
L	2473	2026-10-05 18:00:59.829	0.0	288.4	Sprite	Assets/Assets/xenonauts/texture/strategy/ui/supporter/supporter_icons/funding_replacing_large.png	generated_texture_strategy_1	xenonauts	-
L	2474	2026-10-05 18:00:59.829	0.0	283.3	Sprite	Assets/Assets/xenonauts/texture/strategy/ui/supporter/supporter_icons/intelligence_replacing_large.png	generated_texture_strategy_1	xenonauts	-
L	2475	2026-10-05 18:00:59.829	0.0	283.2	Sprite	Assets/Assets/xenonauts/texture/strategy/ui/supporter/supporter_icons/intelligence_replacing_small.png	generated_texture_strategy_1	xenonauts	-
L	2476	2026-10-05 18:00:59.829	0.0	280.4	Sprite	Assets/Assets/xenonauts/texture/strategy/ui/supporter/supporter_icons/security_replacing_large.png	generated_texture_strategy_1	xenonauts	-
L	2477	2026-10-05 18:00:59.829	0.0	278.0	Sprite	Assets/Assets/xenonauts/texture/strategy/ui/supporter/supporter_icons/security_replacing_large_elite.png	generated_texture_strategy_1	xenonauts	-
L	2478	2026-10-05 18:00:59.829	0.0	275.4	Sprite	Assets/Assets/xenonauts/texture/strategy/ui/supporter/supporter_icons/engineering_replacing_large.png	generated_texture_strategy_1	xenonauts	-
L	2479	2026-10-05 18:00:59.829	0.0	272.9	Sprite	Assets/Assets/xenonauts/texture/strategy/ui/supporter/supporter_icons/science_replacing_large.png	generated_texture_strategy_1	xenonauts	-
L	2480	2026-10-05 18:00:59.829	0.0	270.4	Sprite	Assets/Assets/xenonauts/texture/strategy/ui/supporter/supporter_icons/funding_replacing_large_elite.png	generated_texture_strategy_1	xenonauts	-
L	2481	2026-10-05 18:00:59.829	0.0	268.1	Sprite	Assets/Assets/xenonauts/texture/strategy/ui/supporter/supporter_icons/science_replacing_large_elite.png	generated_texture_strategy_1	xenonauts	-
L	2482	2026-10-05 18:00:59.829	0.0	267.8	Sprite	Assets/Assets/xenonauts/texture/strategy/ui/supporter/supporter_icons/science_replacing_small_elite.png	generated_texture_strategy_1	xenonauts	-
L	2483	2026-10-05 18:00:59.829	0.0	267.8	Sprite	Assets/Assets/xenonauts/texture/strategy/ui/supporter/supporter_icons/science_alien_large_elite.png	generated_texture_strategy_1	xenonauts	-
L	2484	2026-10-05 18:00:59.829	0.0	266.7	Template	Assets/Assets/xenonauts/template/strategy/item/armour/andron_warrior.json	generated_template_strategy	xenonauts	-
L	2485	2026-10-05 18:00:59.829	0.0	265.5	Template	Assets/Assets/xenonauts/template/strategy/item/weapon/alien_grenade_poisongas.json	generated_template_strategy	xenonauts	-
L	2486	2026-10-05 18:00:59.829	0.0	264.5	Template	Assets/Assets/xenonauts/template/strategy/item/armour/mantid_warrior.json	generated_template_strategy	xenonauts	-
L	2487	2026-10-05 18:00:59.829	0.0	263.8	Template	Assets/Assets/xenonauts/template/strategy/item/armour/sebillian_warrior.json	generated_template_strategy	xenonauts	-
L	2488	2026-10-05 18:00:59.829	0.0	263.7	Sprite	Assets/Assets/xenonauts/texture/strategy/ui/supporter/supporter_icons/science_alien_small_elite.png	generated_texture_strategy_1	xenonauts	-
L	2489	2026-10-05 18:00:59.829	0.0	263.4	Sprite	Assets/Assets/xenonauts/texture/strategy/ui/supporter/supporter_icons/science_xenonaut_large_elite.png	generated_texture_strategy_1	xenonauts	-
L	2490	2026-10-05 18:00:59.829	0.0	263.0	Sprite	Assets/Assets/xenonauts/texture/strategy/ui/supporter/supporter_icons/science_xenonaut_small_elite.png	generated_texture_strategy_1	xenonauts	-
L	2491	2026-10-05 18:00:59.829	0.0	260.8	Template	Assets/Assets/xenonauts/template/strategy/loadout/combatant/andron^default^soldier^plasma.json	generated_template_strategy	xenonauts	-
L	2492	2026-10-05 18:00:59.829	0.0	258.1	Template	Assets/Assets/xenonauts/template/strategy/loadout/combatant/sebillian^default^officer^plasma.json	generated_template_strategy	xenonauts	-
L	2493	2026-10-05 18:00:59.829	0.0	256.4	Sprite	Assets/Assets/xenonauts/texture/strategy/ui/supporter/supporter_icons/science_neutral_large_elite.png	generated_texture_strategy_1	xenonauts	-
L	2494	2026-10-05 18:00:59.829	0.0	254.9	Sprite	Assets/Assets/xenonauts/texture/strategy/ui/supporter/supporter_icons/science_neutral_small_elite.png	generated_texture_strategy_1	xenonauts	-
L	2495	2026-10-05 18:00:59.829	0.0	254.9	Template	Assets/Assets/xenonauts/template/common/masters/global_variables/default.json	generated_template_common	xenonauts	-
L	2496	2026-10-05 18:00:59.829	0.0	254.7	Sprite	Assets/Assets/xenonauts/texture/strategy/ui/supporter/supporter_icons/funding_replacing_small_elite.png	generated_texture_strategy_1	xenonauts	-
L	2497	2026-10-05 18:00:59.829	0.0	254.7	Sprite	Assets/Assets/xenonauts/texture/strategy/ui/supporter/supporter_icons/funding_alien_large_elite.png	generated_texture_strategy_1	xenonauts	-
L	2498	2026-10-05 18:00:59.829	0.0	245.8	Template	Assets/Assets/xenonauts/template/strategy/loadout/combatant/andron^default^praetorian^fusion.json	generated_template_strategy	xenonauts	-
L	2499	2026-10-05 18:00:59.829	0.0	245.8	Template	Assets/Assets/xenonauts/template/strategy/loadout/combatant/sebillian^default^noncom^fusion.json	generated_template_strategy	xenonauts	-
L	2389	2026-10-05 18:00:59.613	0.0	25.5	Template	Assets/Assets/xenonauts/template/strategy/masters/regional_supporters/supporter.json	generated_template_strategy	xenonauts	-
L	2366	2026-10-05 18:00:59.608	0.0	20.4	Sprite	Assets/Assets/xenonauts/texture/strategy/ui/supporter/supporter_icons/security_alien_small.png	generated_texture_strategy_1	xenonauts	-
L	2367	2026-10-05 18:00:59.608	0.0	20.4	Sprite	Assets/Assets/xenonauts/texture/strategy/ui/supporter/supporter_icons/security_xenonaut_large.png	generated_texture_strategy_1	xenonauts	-
L	2368	2026-10-05 18:00:59.608	0.0	20.4	Sprite	Assets/Assets/xenonauts/texture/strategy/ui/supporter/supporter_icons/security_xenonaut_small.png	generated_texture_strategy_1	xenonauts	-
L	2369	2026-10-05 18:00:59.608	0.0	20.4	IEntityEffect	Assets/Assets/xenonauts/data/strategy/effects/supporter/apply_global_panic_and_doomsday_effect.json	generated_data_strategy	xenonauts	-
L	2370	2026-10-05 18:00:59.608	0.0	20.4	Sprite	Assets/Assets/xenonauts/texture/strategy/ui/supporter/supporter_icons/security_neutral_large.png	generated_texture_strategy_1	xenonauts	-
L	2380	2026-10-05 18:00:59.611	0.0	23.4	Sprite	Assets/Assets/xenonauts/texture/strategy/ui/supporter/supporter_icons/intelligence_neutral_small.png	generated_texture_strategy_1	xenonauts	-
L	2359	2026-10-05 18:00:59.608	0.0	20.3	Sprite	Assets/Assets/xenonauts/texture/strategy/ui/supporter/supporter_icons/security_alien_small_elite.png	generated_texture_strategy_1	xenonauts	-
L	2360	2026-10-05 18:00:59.608	0.0	20.3	Sprite	Assets/Assets/xenonauts/texture/strategy/ui/supporter/supporter_icons/security_xenonaut_large_elite.png	generated_texture_strategy_1	xenonauts	-
L	2361	2026-10-05 18:00:59.608	0.0	20.3	Sprite	Assets/Assets/xenonauts/texture/strategy/ui/supporter/supporter_icons/security_xenonaut_small_elite.png	generated_texture_strategy_1	xenonauts	-
L	2362	2026-10-05 18:00:59.608	0.0	20.3	Sprite	Assets/Assets/xenonauts/texture/strategy/ui/supporter/supporter_icons/security_neutral_large_elite.png	generated_texture_strategy_1	xenonauts	-
L	2363	2026-10-05 18:00:59.608	0.0	20.3	Sprite	Assets/Assets/xenonauts/texture/strategy/ui/supporter/supporter_icons/security_neutral_small_elite.png	generated_texture_strategy_1	xenonauts	-
L	2364	2026-10-05 18:00:59.608	0.0	20.3	Sprite	Assets/Assets/xenonauts/texture/strategy/ui/supporter/supporter_icons/security_replacing_small.png	generated_texture_strategy_1	xenonauts	-
L	2365	2026-10-05 18:00:59.608	0.0	20.3	Sprite	Assets/Assets/xenonauts/texture/strategy/ui/supporter/supporter_icons/security_alien_large.png	generated_texture_strategy_1	xenonauts	-
L	2375	2026-10-05 18:00:59.611	0.0	23.3	Sprite	Assets/Assets/xenonauts/texture/strategy/ui/supporter/supporter_icons/intelligence_alien_small.png	generated_texture_strategy_1	xenonauts	-
L	2376	2026-10-05 18:00:59.611	0.0	23.3	Sprite	Assets/Assets/xenonauts/texture/strategy/ui/supporter/supporter_icons/intelligence_xenonaut_large.png	generated_texture_strategy_1	xenonauts	-
L	2377	2026-10-05 18:00:59.611	0.0	23.3	Sprite	Assets/Assets/xenonauts/texture/strategy/ui/supporter/supporter_icons/intelligence_xenonaut_small.png	generated_texture_strategy_1	xenonauts	-
L	2378	2026-10-05 18:00:59.611	0.0	23.3	Template	Assets/Assets/xenonauts/template/common/global_variables/operation_points_modifier.json	generated_template_common	xenonauts	-
L	2379	2026-10-05 18:00:59.611	0.0	23.3	Sprite	Assets/Assets/xenonauts/texture/strategy/ui/supporter/supporter_icons/intelligence_neutral_large.png	generated_texture_strategy_1	xenonauts	-
L	2352	2026-10-05 18:00:59.608	0.0	20.2	Sprite	Assets/Assets/xenonauts/texture/strategy/ui/supporter/supporter_icons/engineering_alien_small.png	generated_texture_strategy_1	xenonauts	-
L	2353	2026-10-05 18:00:59.608	0.0	20.2	Sprite	Assets/Assets/xenonauts/texture/strategy/ui/supporter/supporter_icons/engineering_xenonaut_large.png	generated_texture_strategy_1	xenonauts	-
L	2354	2026-10-05 18:00:59.608	0.0	20.2	Sprite	Assets/Assets/xenonauts/texture/strategy/ui/supporter/supporter_icons/engineering_xenonaut_small.png	generated_texture_strategy_1	xenonauts	-
L	2355	2026-10-05 18:00:59.608	0.0	20.2	Sprite	Assets/Assets/xenonauts/texture/strategy/ui/supporter/supporter_icons/engineering_neutral_large.png	generated_texture_strategy_1	xenonauts	-
L	2356	2026-10-05 18:00:59.608	0.0	20.2	Sprite	Assets/Assets/xenonauts/texture/strategy/ui/supporter/supporter_icons/engineering_neutral_small.png	generated_texture_strategy_1	xenonauts	-
L	2357	2026-10-05 18:00:59.608	0.0	20.2	Sprite	Assets/Assets/xenonauts/texture/strategy/ui/supporter/supporter_icons/security_replacing_small_elite.png	generated_texture_strategy_1	xenonauts	-
L	2358	2026-10-05 18:00:59.608	0.0	20.2	Sprite	Assets/Assets/xenonauts/texture/strategy/ui/supporter/supporter_icons/security_alien_large_elite.png	generated_texture_strategy_1	xenonauts	-
L	2500	2026-10-05 18:00:59.829	0.0	241.2	Template	Assets/Assets/xenonauts/template/strategy/loadout/combatant/secton^default^noncom^fusion.json	generated_template_strategy	xenonauts	-
L	2350	2026-10-05 18:00:59.608	0.0	20.1	Sprite	Assets/Assets/xenonauts/texture/strategy/ui/supporter/supporter_icons/engineering_replacing_small.png	generated_texture_strategy_1	xenonauts	-
L	2351	2026-10-05 18:00:59.608	0.0	20.1	Sprite	Assets/Assets/xenonauts/texture/strategy/ui/supporter/supporter_icons/engineering_alien_large.png	generated_texture_strategy_1	xenonauts	-
L	2374	2026-10-05 18:00:59.611	0.0	23.1	Sprite	Assets/Assets/xenonauts/texture/strategy/ui/supporter/supporter_icons/intelligence_alien_large.png	generated_texture_strategy_1	xenonauts	-
L	2501	2026-10-05 18:00:59.829	0.0	241.1	Template	Assets/Assets/xenonauts/template/strategy/loadout/combatant/sebillian^default^praetorian^fusion_rifle.json	generated_template_strategy	xenonauts	-
L	2502	2026-10-05 18:00:59.829	0.0	241.1	Template	Assets/Assets/xenonauts/template/strategy/loadout/combatant/wraith^default^noncom^fusion.json	generated_template_strategy	xenonauts	-
L	2503	2026-10-05 18:00:59.829	0.0	241.1	Sprite	Assets/Assets/xenonauts/texture/strategy/ui/aircombat/combatants/ac_combatant_interceptor_tier1.png	generated_texture_strategy_1	xenonauts	-
L	2504	2026-10-05 18:00:59.829	0.0	241.1	IPrerequisite	Assets/Assets/xenonauts/data/strategy/prerequisites/cost_player_operation_points.json	generated_data_strategy	xenonauts	-
L	2505	2026-10-05 18:00:59.829	0.0	241.1	Sprite	Assets/Assets/xenonauts/texture/strategy/ui/supporter/supporter_icons/engineering_neutral_small_elite.png	generated_texture_strategy_1	xenonauts	-
L	2506	2026-10-05 18:00:59.829	0.0	241.1	Sprite	Assets/Assets/xenonauts/texture/strategy/ui/supporter/supporter_icons/engineering_neutral_large_elite.png	generated_texture_strategy_1	xenonauts	-
L	2507	2026-10-05 18:00:59.829	0.0	241.1	Template	Assets/Assets/xenonauts/template/common/global_variables/engineering_point_generation_multiplier.json	generated_template_common	xenonauts	-
L	2391	2026-10-05 18:00:59.614	0.0	26.0	Sprite	Assets/Assets/xenonauts/texture/strategy/ui/supporter/supporter_icons/engineering_alien_large_elite.png	generated_texture_strategy_1	xenonauts	-
L	2349	2026-10-05 18:00:59.608	0.0	19.9	Sprite	Assets/Assets/xenonauts/texture/strategy/ui/supporter/supporter_icons/science_neutral_small.png	generated_texture_strategy_1	xenonauts	-
L	2469	2026-10-05 18:00:59.829	0.0	240.9	Sprite	Assets/Assets/xenonauts/texture/strategy/ui/supporter/supporter_icons/engineering_xenonaut_small_elite.png	generated_texture_strategy_1	xenonauts	-
L	2343	2026-10-05 18:00:59.608	0.0	19.8	Sprite	Assets/Assets/xenonauts/texture/strategy/ui/supporter/supporter_icons/science_alien_large.png	generated_texture_strategy_1	xenonauts	-
L	2344	2026-10-05 18:00:59.608	0.0	19.8	Sprite	Assets/Assets/xenonauts/texture/strategy/ui/supporter/supporter_icons/science_alien_small.png	generated_texture_strategy_1	xenonauts	-
L	2345	2026-10-05 18:00:59.608	0.0	19.8	Sprite	Assets/Assets/xenonauts/texture/strategy/ui/supporter/supporter_icons/science_xenonaut_large.png	generated_texture_strategy_1	xenonauts	-
L	2346	2026-10-05 18:00:59.608	0.0	19.8	Sprite	Assets/Assets/xenonauts/texture/strategy/ui/supporter/supporter_icons/science_xenonaut_small.png	generated_texture_strategy_1	xenonauts	-
L	2347	2026-10-05 18:00:59.608	0.0	19.8	Template	Assets/Assets/xenonauts/template/common/global_variables/research_point_generation_multiplier.json	generated_template_common	xenonauts	-
L	2348	2026-10-05 18:00:59.608	0.0	19.8	Sprite	Assets/Assets/xenonauts/texture/strategy/ui/supporter/supporter_icons/science_neutral_large.png	generated_texture_strategy_1	xenonauts	-
L	2455	2026-10-05 18:00:59.829	0.0	240.8	IEntityEffect	Assets/Assets/xenonauts/data/strategy/effects/supporter/apply_local_panic_and_doomsday_effect.json	generated_data_strategy	xenonauts	-
L	2464	2026-10-05 18:00:59.829	0.0	240.8	IEntityEffect	Assets/Assets/xenonauts/data/strategy/effects/supporter/apply_local_panic_effect.json	generated_data_strategy	xenonauts	-
L	2465	2026-10-05 18:00:59.829	0.0	240.8	Sprite	Assets/Assets/xenonauts/texture/strategy/ui/supporter/supporter_icons/engineering_xenonaut_large_elite.png	generated_texture_strategy_1	xenonauts	-
L	2338	2026-10-05 18:00:59.608	0.0	19.7	Sprite	Assets/Assets/xenonauts/texture/strategy/ui/supporter/supporter_icons/funding_xenonaut_large_elite.png	generated_texture_strategy_1	xenonauts	-
L	2339	2026-10-05 18:00:59.608	0.0	19.7	Sprite	Assets/Assets/xenonauts/texture/strategy/ui/supporter/supporter_icons/funding_xenonaut_small_elite.png	generated_texture_strategy_1	xenonauts	-
L	2340	2026-10-05 18:00:59.608	0.0	19.7	Sprite	Assets/Assets/xenonauts/texture/strategy/ui/supporter/supporter_icons/funding_neutral_large_elite.png	generated_texture_strategy_1	xenonauts	-
L	2341	2026-10-05 18:00:59.608	0.0	19.7	Sprite	Assets/Assets/xenonauts/texture/strategy/ui/supporter/supporter_icons/funding_neutral_small_elite.png	generated_texture_strategy_1	xenonauts	-
L	2342	2026-10-05 18:00:59.608	0.0	19.7	Sprite	Assets/Assets/xenonauts/texture/strategy/ui/supporter/supporter_icons/science_replacing_small.png	generated_texture_strategy_1	xenonauts	-
L	2386	2026-10-05 18:00:59.612	0.0	23.7	IEntityEffect	Assets/Assets/xenonauts/data/strategy/effects/funding/set_funding_active.json	generated_data_strategy	xenonauts	-
L	2387	2026-10-05 18:00:59.612	0.0	23.7	Sprite	Assets/Assets/xenonauts/texture/strategy/ui/supporter/supporter_icons/funding_neutral_large.png	generated_texture_strategy_1	xenonauts	-
L	2388	2026-10-05 18:00:59.612	0.0	23.7	Sprite	Assets/Assets/xenonauts/texture/strategy/ui/supporter/supporter_icons/funding_neutral_small.png	generated_texture_strategy_1	xenonauts	-
L	2452	2026-10-05 18:00:59.829	0.0	240.7	Sprite	Assets/Assets/xenonauts/texture/strategy/ui/supporter/supporter_icons/engineering_alien_small_elite.png	generated_texture_strategy_1	xenonauts	-
L	2337	2026-10-05 18:00:59.608	0.0	19.6	Sprite	Assets/Assets/xenonauts/texture/strategy/ui/supporter/supporter_icons/funding_alien_small_elite.png	generated_texture_strategy_1	xenonauts	-
L	2381	2026-10-05 18:00:59.612	0.0	23.6	Sprite	Assets/Assets/xenonauts/texture/strategy/ui/supporter/supporter_icons/funding_replacing_small.png	generated_texture_strategy_1	xenonauts	-
L	2382	2026-10-05 18:00:59.612	0.0	23.6	Sprite	Assets/Assets/xenonauts/texture/strategy/ui/supporter/supporter_icons/funding_alien_large.png	generated_texture_strategy_1	xenonauts	-
L	2383	2026-10-05 18:00:59.612	0.0	23.6	Sprite	Assets/Assets/xenonauts/texture/strategy/ui/supporter/supporter_icons/funding_alien_small.png	generated_texture_strategy_1	xenonauts	-
L	2384	2026-10-05 18:00:59.612	0.0	23.6	Sprite	Assets/Assets/xenonauts/texture/strategy/ui/supporter/supporter_icons/funding_xenonaut_large.png	generated_texture_strategy_1	xenonauts	-
L	2385	2026-10-05 18:00:59.612	0.0	23.6	Sprite	Assets/Assets/xenonauts/texture/strategy/ui/supporter/supporter_icons/funding_xenonaut_small.png	generated_texture_strategy_1	xenonauts	-
L	2390	2026-10-05 18:00:59.614	0.0	25.6	Sprite	Assets/Assets/xenonauts/texture/strategy/ui/supporter/supporter_icons/engineering_replacing_small_elite.png	generated_texture_strategy_1	xenonauts	-
L	2371	2026-10-05 18:00:59.609	0.0	20.5	Sprite	Assets/Assets/xenonauts/texture/strategy/ui/supporter/supporter_icons/security_neutral_small.png	generated_texture_strategy_1	xenonauts	-
L	2509	2026-10-05 18:00:59.841	0.0	230.0	Template	Assets/Assets/xenonauts/template/common/global_variables/doomsday_counter_modifier.json	generated_template_common	xenonauts	-
L	2508	2026-10-05 18:00:59.832	0.1	220.8	Template	Assets/Assets/xenonauts/template/common/global_variables/regional_relations_modifier_global.json	generated_template_common	xenonauts	-
L	2534	2026-10-05 18:00:59.982	0.0	323.2	Sprite	Assets/Assets/xenonauts/texture/strategy/ui/supporter/supporter_icons/supporter_protection_high_small.png	generated_texture_strategy_1	xenonauts	-
L	2533	2026-10-05 18:00:59.980	0.0	321.0	Sprite	Assets/Assets/xenonauts/texture/strategy/ui/supporter/supporter_icons/supporter_protection_high_large.png	generated_texture_strategy_1	xenonauts	-
L	2535	2026-10-05 18:00:59.982	0.0	323.0	Sprite	Assets/Assets/xenonauts/texture/strategy/ui/supporter/supporter_icons/supporter_protection_low_large.png	generated_texture_strategy_1	xenonauts	-
L	2536	2026-10-05 18:00:59.982	0.0	317.6	Sprite	Assets/Assets/xenonauts/texture/strategy/ui/supporter/supporter_icons/supporter_protection_low_small.png	generated_texture_strategy_1	xenonauts	-
L	2537	2026-10-05 18:00:59.982	0.0	317.6	Sprite	Assets/Assets/xenonauts/texture/strategy/ui/notification_illustrations/regional_relations.png	generated_texture_strategy_1	xenonauts	-
L	2538	2026-10-05 18:00:59.982	0.0	315.3	Template	Assets/Assets/xenonauts/template/strategy/item/armour/wraith_elite.json	generated_template_strategy	xenonauts	-
L	2540	2026-10-05 18:00:59.984	0.0	317.2	Template	Assets/Assets/xenonauts/template/strategy/item/weapon/alien_grenade_advanced.json	generated_template_strategy	xenonauts	-
L	2541	2026-10-05 18:00:59.984	0.0	315.5	Template	Assets/Assets/xenonauts/template/strategy/item/armour/psyon_elite.json	generated_template_strategy	xenonauts	-
L	2542	2026-10-05 18:00:59.985	0.0	315.6	Template	Assets/Assets/xenonauts/template/strategy/item/armour/wraith_praetorian.json	generated_template_strategy	xenonauts	-
L	2543	2026-10-05 18:00:59.985	0.0	315.5	Template	Assets/Assets/xenonauts/template/strategy/item/armour/sebillian_elite.json	generated_template_strategy	xenonauts	-
L	2544	2026-10-05 18:00:59.985	0.0	314.9	Template	Assets/Assets/xenonauts/template/strategy/item/armour/andron_elite.json	generated_template_strategy	xenonauts	-
L	2555	2026-10-05 18:00:59.992	0.0	320.2	UIElementAsset	Assets/Assets/xenonauts/ui/strategy/components/armory/strike_teams/base_defence.prefab	generated_ui_strategy	xenonauts	-
L	2556	2026-10-05 18:00:59.992	0.0	318.5	Sprite	Assets/Assets/xenonauts/texture/strategy/ui/strike_team_icons/base_defence.png	generated_texture_strategy_1	xenonauts	-
L	2557	2026-10-05 18:00:59.992	0.0	317.2	Sprite	Assets/Assets/xenonauts/texture/strategy/ui/armory/backgrounds/base_defence.png	generated_texture_strategy_1	xenonauts	-
L	2563	2026-10-05 18:00:59.994	0.0	319.2	Template	Assets/Assets/xenonauts/template/strategy/item/armour/sebillian_praetorian.json	generated_template_strategy	xenonauts	-
L	2564	2026-10-05 18:00:59.994	0.0	318.9	Template	Assets/Assets/xenonauts/template/strategy/masters/items/weapon_primary_alien_integrated.json	generated_template_strategy	xenonauts	-
L	2578	2026-10-05 18:00:59.995	0.0	167.1	Template	Assets/Assets/xenonauts/template/strategy/projects/phases/phase2.json	generated_template_strategy	xenonauts	-
L	2523	2026-10-05 18:00:59.974	0.0	145.1	Sprite	Assets/Assets/xenonauts/texture/strategy/ui/supporter/supporter_icons/supporter_protection_medium_small.png	generated_texture_strategy_1	xenonauts	-
L	2521	2026-10-05 18:00:59.974	0.0	145.0	Sprite	Assets/Assets/xenonauts/texture/strategy/ui/supporter/supporter_icons/supporter_protection_medium_large.png	generated_texture_strategy_1	xenonauts	-
L	2510	2026-10-05 18:00:59.969	0.0	128.3	Template	Assets/Assets/xenonauts/template/strategy/item/armour/andron_praetorian.json	generated_template_strategy	xenonauts	-
L	2569	2026-10-05 18:00:59.995	0.0	151.2	Template	Assets/Assets/xenonauts/template/strategy/item/armour/andron_soldier.json	generated_template_strategy	xenonauts	-
L	2519	2026-10-05 18:00:59.974	0.0	130.0	Template	Assets/Assets/xenonauts/template/strategy/item/armour/sebillian_officer.json	generated_template_strategy	xenonauts	-
L	2577	2026-10-05 18:00:59.995	0.0	151.0	Template	Assets/Assets/xenonauts/template/strategy/masters/items/grenade.json	generated_template_strategy	xenonauts	-
L	2575	2026-10-05 18:00:59.995	0.0	147.2	Template	Assets/Assets/xenonauts/template/common/mission_briefings/landed_ufo.json	generated_template_common	xenonauts	-
L	2576	2026-10-05 18:00:59.995	0.0	147.2	GameObject	Assets/Assets/xenonauts/prefab/strategy/ui/geoscape/activity_icon/land_site.prefab	generated_prefab_strategy	xenonauts	-
L	2574	2026-10-05 18:00:59.995	0.0	142.6	GameObject	Assets/Assets/xenonauts/prefab/strategy/ui/geoscape/activity_icon/mission/wreckage_site.prefab	generated_prefab_strategy	xenonauts	-
L	2573	2026-10-05 18:00:59.995	0.0	137.4	Template	Assets/Assets/xenonauts/template/strategy/item/armour/sebillian_leader.json	generated_template_strategy	xenonauts	-
L	2572	2026-10-05 18:00:59.995	0.0	134.8	Template	Assets/Assets/xenonauts/template/strategy/item/armour/mantid_elite.json	generated_template_strategy	xenonauts	-
L	2571	2026-10-05 18:00:59.995	0.0	130.1	Texture2D	Assets/Assets/xenonauts/texture/groundcombat/preview/missing.png	generated_texture_groundcombat_1	xenonauts	-
L	2570	2026-10-05 18:00:59.995	0.0	127.5	Sprite	Assets/Assets/xenonauts/texture/strategy/ui/supporter/supporter_icons/intelligence_replacing_large_elite.png	generated_texture_strategy_1	xenonauts	-
L	2567	2026-10-05 18:00:59.995	0.0	126.1	Sprite	Assets/Assets/xenonauts/texture/strategy/ui/supporter/supporter_icons/intelligence_replacing_small_elite.png	generated_texture_strategy_1	xenonauts	-
L	2568	2026-10-05 18:00:59.995	0.0	126.1	Template	Assets/Assets/xenonauts/template/strategy/item/armour/psyon_praetorian.json	generated_template_strategy	xenonauts	-
L	2566	2026-10-05 18:00:59.995	0.0	121.6	Template	Assets/Assets/xenonauts/template/common/global_variables/orbital_bombardment_active.json	generated_template_common	xenonauts	-
L	2565	2026-10-05 18:00:59.995	0.0	119.2	Sprite	Assets/Assets/xenonauts/texture/strategy/loadout_profile/none.png	generated_texture_strategy_1	xenonauts	-
L	2562	2026-10-05 18:00:59.992	0.0	113.2	Template	Assets/Assets/xenonauts/template/strategy/loadout/combatant/mechanical^xenonaut^default^sentrygun.json	generated_template_strategy	xenonauts	-
L	2561	2026-10-05 18:00:59.992	0.0	113.1	Template	Assets/Assets/xenonauts/template/strategy/masters/loadout_profiles/mechanical.json	generated_template_strategy	xenonauts	-
L	2560	2026-10-05 18:00:59.992	0.0	112.0	Template	Assets/Assets/xenonauts/template/strategy/item/armour/mechanical/xenonaut/mars_steel.json	generated_template_strategy	xenonauts	-
L	2554	2026-10-05 18:00:59.990	0.0	109.8	Template	Assets/Assets/xenonauts/template/strategy/loadout/combatant/mechanical^xenonaut^default^mars.json	generated_template_strategy	xenonauts	-
L	2559	2026-10-05 18:00:59.992	0.0	111.7	Sprite	Assets/Assets/xenonauts/texture/groundcombat/ui/item/armor/basic.png	generated_texture_groundcombat_10	xenonauts	-
L	2558	2026-10-05 18:00:59.992	0.0	111.4	Template	Assets/Assets/xenonauts/template/groundcombat/masters/item/armour/armour_mechanical_mars.json	generated_template_groundcombat	xenonauts	-
L	2553	2026-10-05 18:00:59.990	0.0	84.7	Template	Assets/Assets/xenonauts/template/strategy/loadout_profiles/heavy.json	generated_template_strategy	xenonauts	-
L	2552	2026-10-05 18:00:59.985	0.0	79.3	Template	Assets/Assets/xenonauts/template/strategy/masters/actor/combatant/combatant.json	generated_template_strategy	xenonauts	-
L	2551	2026-10-05 18:00:59.985	0.0	75.4	Template	Assets/Assets/xenonauts/template/strategy/masters/projects/phase.json	generated_template_strategy	xenonauts	-
L	2550	2026-10-05 18:00:59.985	0.0	75.3	Sprite	Assets/Assets/xenonauts/texture/strategy/ui/supporter/supporter_icons/intelligence_alien_large_elite.png	generated_texture_strategy_1	xenonauts	-
L	2548	2026-10-05 18:00:59.985	0.0	75.1	Sprite	Assets/Assets/xenonauts/texture/strategy/ui/supporter/supporter_icons/intelligence_xenonaut_large_elite.png	generated_texture_strategy_1	xenonauts	-
L	2549	2026-10-05 18:00:59.985	0.0	75.1	Sprite	Assets/Assets/xenonauts/texture/strategy/ui/supporter/supporter_icons/intelligence_alien_small_elite.png	generated_texture_strategy_1	xenonauts	-
L	2546	2026-10-05 18:00:59.985	0.0	67.1	Sprite	Assets/Assets/xenonauts/texture/strategy/ui/supporter/supporter_icons/intelligence_neutral_large_elite.png	generated_texture_strategy_1	xenonauts	-
L	2547	2026-10-05 18:00:59.985	0.0	67.1	Sprite	Assets/Assets/xenonauts/texture/strategy/ui/supporter/supporter_icons/intelligence_xenonaut_small_elite.png	generated_texture_strategy_1	xenonauts	-
L	2539	2026-10-05 18:00:59.982	0.0	63.6	Template	Assets/Assets/xenonauts/template/strategy/loadout/combatant/mechanical^xenonaut^default^ares.json	generated_template_strategy	xenonauts	-
L	2545	2026-10-05 18:00:59.985	0.0	66.0	Template	Assets/Assets/xenonauts/template/strategy/item/armour/mechanical/xenonaut/ares_steel.json	generated_template_strategy	xenonauts	-
L	2531	2026-10-05 18:00:59.976	0.0	26.5	ITemplateProducer	Assets/Assets/xenonauts/data/common/template_producers/mission_crews/plot/uoo_dataraid.json	generated_data_common	xenonauts	-
L	2532	2026-10-05 18:00:59.976	0.0	26.5	ITemplateProducer	Assets/Assets/xenonauts/data/common/template_producers/mission_crews/plot/uoo_bridge.json	generated_data_common	xenonauts	-
L	2530	2026-10-05 18:00:59.975	0.0	21.9	UIElementAsset	Assets/Assets/xenonauts/ui/strategy/components/geoscape/ui_icons/uoo_sabotage_mission.prefab	generated_ui_strategy	xenonauts	-
L	2529	2026-10-05 18:00:59.975	0.0	21.1	Template	Assets/Assets/xenonauts/template/common/mission_briefings/uoo_dataraid.json	generated_template_common	xenonauts	-
L	2528	2026-10-05 18:00:59.975	0.0	20.9	ITemplateProducer	Assets/Assets/xenonauts/data/common/template_producers/components/reinforcements_uoo_dataraid_sides_large.json	generated_data_common	xenonauts	-
L	2527	2026-10-05 18:00:59.975	0.0	18.9	Template	Assets/Assets/xenonauts/template/strategy/item/armour/secton_soldier.json	generated_template_strategy	xenonauts	-
L	2526	2026-10-05 18:00:59.975	0.0	18.8	Template	Assets/Assets/xenonauts/template/strategy/item/armour/sebillian_soldier.json	generated_template_strategy	xenonauts	-
L	2525	2026-10-05 18:00:59.974	0.0	16.7	Template	Assets/Assets/xenonauts/template/strategy/item/armour/mantid_soldier.json	generated_template_strategy	xenonauts	-
L	2524	2026-10-05 18:00:59.974	0.0	16.6	ITemplateProducer	Assets/Assets/xenonauts/data/common/template_producers/components/reinforcements_uoo_dataraid_back_large.json	generated_data_common	xenonauts	-
L	2518	2026-10-05 18:00:59.973	0.0	14.7	Template	Assets/Assets/xenonauts/template/groundcombat/masters/item/armour/armour_mechanical_ares.json	generated_template_groundcombat	xenonauts	-
L	2522	2026-10-05 18:00:59.974	0.0	15.4	ITemplateProducer	Assets/Assets/xenonauts/data/common/template_producers/components/reinforcements_uoo_dataraid_sides.json	generated_data_common	xenonauts	-
L	2511	2026-10-05 18:00:59.969	0.0	10.2	ITemplateProducer	Assets/Assets/xenonauts/data/common/template_producers/components/reinforcements_uoo_dataraid_back.json	generated_data_common	xenonauts	-
L	2513	2026-10-05 18:00:59.971	0.0	12.2	Template	Assets/Assets/xenonauts/template/common/mission_briefings/uoo_bridge.json	generated_template_common	xenonauts	-
L	2514	2026-10-05 18:00:59.971	0.0	12.2	ITemplateProducer	Assets/Assets/xenonauts/data/common/template_producers/components/reinforcements_uoo_bridge_large.json	generated_data_common	xenonauts	-
L	2520	2026-10-05 18:00:59.974	0.0	15.2	Sprite	Assets/Assets/xenonauts/texture/strategy/ui/supporter/supporter_icons/intelligence_neutral_small_elite.png	generated_texture_strategy_1	xenonauts	-
L	2512	2026-10-05 18:00:59.971	0.0	12.1	UIElementAsset	Assets/Assets/xenonauts/ui/strategy/components/geoscape/ui_icons/uoo_bridge_mission.prefab	generated_ui_strategy	xenonauts	-
L	2517	2026-10-05 18:00:59.973	0.0	14.1	Template	Assets/Assets/xenonauts/template/strategy/item/armour/secton_elite.json	generated_template_strategy	xenonauts	-
L	2515	2026-10-05 18:00:59.972	0.0	12.7	ITemplateProducer	Assets/Assets/xenonauts/data/common/template_producers/components/reinforcements_uoo_bridge.json	generated_data_common	xenonauts	-
L	2516	2026-10-05 18:00:59.972	0.0	12.7	Template	Assets/Assets/xenonauts/template/strategy/strike_teams/uoo_teleporter.json	generated_template_strategy	xenonauts	-
L	2579	2026-10-05 18:01:00.007	0.0	33.1	Template	Assets/Assets/xenonauts/template/groundcombat/masters/item/armour/armour_mechanical.json	generated_template_groundcombat	xenonauts	-
L	2585	2026-10-05 18:01:00.010	0.0	29.7	Template	Assets/Assets/xenonauts/template/strategy/loadout/combatant/psyon^default^officer^fusion.json	generated_template_strategy	xenonauts	-
L	2591	2026-10-05 18:01:00.016	0.0	34.0	Template	Assets/Assets/xenonauts/template/strategy/loadout/combatant/secton^default^warrior^fusion.json	generated_template_strategy	xenonauts	-
L	2590	2026-10-05 18:01:00.016	0.0	33.9	Template	Assets/Assets/xenonauts/template/strategy/loadout/combatant/andron^default^warrior^fusion.json	generated_template_strategy	xenonauts	-
L	2586	2026-10-05 18:01:00.012	0.0	29.6	Template	Assets/Assets/xenonauts/template/strategy/loadout/combatant/wraith^default^warrior^fusion.json	generated_template_strategy	xenonauts	-
L	2587	2026-10-05 18:01:00.012	0.0	29.6	Template	Assets/Assets/xenonauts/template/strategy/loadout/combatant/sebillian^default^warrior^fusion.json	generated_template_strategy	xenonauts	-
L	2592	2026-10-05 18:01:00.018	0.0	35.6	Template	Assets/Assets/xenonauts/template/strategy/loadout/combatant/psyon^default^warrior^fusion.json	generated_template_strategy	xenonauts	-
L	2594	2026-10-05 18:01:00.019	0.0	34.8	Template	Assets/Assets/xenonauts/template/strategy/item/ammo/vehicle_smg_ballistic.json	generated_template_strategy	xenonauts	-
L	2597	2026-10-05 18:01:00.019	0.0	34.8	Template	Assets/Assets/xenonauts/template/strategy/item/ammo/vehicle_rocket_standard.json	generated_template_strategy	xenonauts	-
L	2593	2026-10-05 18:01:00.018	0.0	33.7	Template	Assets/Assets/xenonauts/template/strategy/item/weapon/vehicle_smg_ballistic.json	generated_template_strategy	xenonauts	-
L	2596	2026-10-05 18:01:00.019	0.0	34.5	Template	Assets/Assets/xenonauts/template/groundcombat/masters/loadout/combatant/mechanical_xenonaut.json	generated_template_groundcombat	xenonauts	-
L	2598	2026-10-05 18:01:00.020	0.0	35.3	Template	Assets/Assets/xenonauts/template/strategy/item/weapon/vehicle_rocket_standard.json	generated_template_strategy	xenonauts	-
L	2595	2026-10-05 18:01:00.019	0.0	27.4	Sprite	Assets/Assets/xenonauts/texture/strategy/loadout_profile/heavy.png	generated_texture_strategy_1	xenonauts	-
L	2589	2026-10-05 18:01:00.014	0.0	22.2	Template	Assets/Assets/xenonauts/template/strategy/loadout/combatant/human^xenonaut^default^heavy.json	generated_template_strategy	xenonauts	-
L	2588	2026-10-05 18:01:00.014	0.0	22.1	Template	Assets/Assets/xenonauts/template/strategy/masters/loadout_profiles/humanoid.json	generated_template_strategy	xenonauts	-
L	2584	2026-10-05 18:01:00.010	0.0	16.0	Template	Assets/Assets/xenonauts/template/strategy/masters/loadout_profiles/default.json	generated_template_strategy	xenonauts	-
L	2583	2026-10-05 18:01:00.009	0.0	14.8	Template	Assets/Assets/xenonauts/template/strategy/item/weapon/vehicle_rangefinder.json	generated_template_strategy	xenonauts	-
L	2582	2026-10-05 18:01:00.009	0.0	14.3	Template	Assets/Assets/xenonauts/template/common/masters/global_variables/bool.json	generated_template_common	xenonauts	-
L	2581	2026-10-05 18:01:00.007	0.0	9.4	Template	Assets/Assets/xenonauts/template/common/global_variables/doomsday_counter_active.json	generated_template_common	xenonauts	-
L	2580	2026-10-05 18:01:00.007	0.0	9.2	Sprite	Assets/Assets/xenonauts/texture/strategy/ui/notification_illustrations/doomsday.png	generated_texture_strategy_1	xenonauts	-
L	2599	2026-10-05 18:01:00.023	0.0	13.3	Template	Assets/Assets/xenonauts/template/strategy/masters/items/weapon_secondary.json	generated_template_strategy	xenonauts	-
L	2604	2026-10-05 18:01:00.034	0.0	22.2	Sprite	Assets/Assets/xenonauts/texture/strategy/loadout_profile/infantry.png	generated_texture_strategy_1	xenonauts	-
L	2606	2026-10-05 18:01:00.034	0.0	22.2	Template	Assets/Assets/xenonauts/template/strategy/item/armour/psyon_officer.json	generated_template_strategy	xenonauts	-
L	2603	2026-10-05 18:01:00.033	0.0	17.1	Template	Assets/Assets/xenonauts/template/strategy/item/ammo/ballistic_pistol.json	generated_template_strategy	xenonauts	-
L	2605	2026-10-05 18:01:00.034	0.0	17.8	Template	Assets/Assets/xenonauts/template/strategy/item/weapon/grenade_demolition.json	generated_template_strategy	xenonauts	-
L	2601	2026-10-05 18:01:00.032	0.0	14.4	Template	Assets/Assets/xenonauts/template/strategy/item/weapon/ballistic_pistol.json	generated_template_strategy	xenonauts	-
L	2602	2026-10-05 18:01:00.033	0.0	15.4	Template	Assets/Assets/xenonauts/template/strategy/item/weapon/module_accuracy_tier1.json	generated_template_strategy	xenonauts	-
L	2600	2026-10-05 18:01:00.032	0.0	13.3	Template	Assets/Assets/xenonauts/template/groundcombat/masters/loadout/combatant/humanoid_xenonaut.json	generated_template_groundcombat	xenonauts	-
L	2607	2026-10-05 18:01:00.049	0.0	14.6	Template	Assets/Assets/xenonauts/template/strategy/masters/items/inventory_module_unlimitedqty.json	generated_template_strategy	xenonauts	-
L	2608	2026-10-05 18:01:00.065	0.0	16.1	Template	Assets/Assets/xenonauts/template/strategy/masters/items/inventory_module.json	generated_template_strategy	xenonauts	-
L	2609	2026-10-05 18:01:00.082	0.1	15.8	Template	Assets/Assets/xenonauts/template/strategy/masters/items/protective_secondary.json	generated_template_strategy	xenonauts	-
U	2026-10-05 18:01:01.523	SaveGame	C:/users/crossover/AppData/LocalLow/Goldhawk Interactive/Xenonauts 2/Saves/ellz_1bf479e6/user_task006_verify-4.json
U	2026-10-05 18:01:01.531	SaveGame	C:/users/crossover/AppData/LocalLow/Goldhawk Interactive/Xenonauts 2/Saves/ellz_1bf479e6/user_task006_verify-4.json
U	2026-10-05 18:01:04.014	SaveGame	C:/users/crossover/AppData/LocalLow/Goldhawk Interactive/Xenonauts 2/Saves/ellz_1bf479e6/user_task006_verify-4.json
U	2026-10-05 18:01:05.997	SaveGame	C:/users/crossover/AppData/LocalLow/Goldhawk Interactive/Xenonauts 2/Saves/ellz_1bf479e6/auto/auto_groundcombat_turn_10_start-62.json
